merchant_id,gpv_monthly,quota_attainment,tenure_months,support_tickets_30d,failed_payouts_30d,merchant_tier,churned
MCH-10000,28463.404498842956,0.8329990723051863,55,2,2,Mid-Market,0
MCH-10001,155506.07154587604,0.9207792253125237,32,1,0,SMB,0
MCH-10002,70837.28467727247,1.3400021325223985,36,1,0,Mid-Market,0
MCH-10003,50647.127688797664,0.7740048246658814,50,1,0,SMB,0
MCH-10004,13481.243523117315,1.3566146532933885,37,0,0,SMB,0
MCH-10005,13479.814595730259,0.4969478740743607,48,0,0,Mid-Market,0
MCH-10006,7991.938430434034,1.2544782809294939,14,2,0,SMB,0
MCH-10007,105561.54322399698,1.33230239636021,27,1,1,Mid-Market,0
MCH-10008,50954.107681363224,0.5999994181210726,59,7,0,Mid-Market,0
MCH-10009,66562.50308522952,0.8733811856094205,19,1,0,Mid-Market,0
MCH-10010,6039.965399956931,0.5820497521300212,31,1,0,SMB,0
MCH-10011,180177.8737579156,1.1772645418936396,46,1,0,Enterprise,0
MCH-10012,94321.47716773376,0.9888825448678225,9,2,1,Mid-Market,0
MCH-10013,16934.38126244735,1.0988556813791532,38,4,0,SMB,0
MCH-10014,15033.949437483168,0.6161356636518323,17,2,0,SMB,1
MCH-10015,15130.571141612852,0.6329204482576615,19,1,0,SMB,0
MCH-10016,23137.686473023856,0.44564705806089705,44,1,0,SMB,0
MCH-10017,42196.39154304272,0.7542742887153028,4,1,0,Enterprise,0
MCH-10018,33276.85333901683,1.0157191274670425,48,0,0,SMB,0
MCH-10019,22211.149627697076,1.3437284053970617,57,4,2,Mid-Market,0
MCH-10020,52318.54369498994,1.1336201922045488,11,1,1,SMB,0
MCH-10021,12511.726436366935,0.8789359557397266,22,3,1,SMB,0
MCH-10022,22275.775600120112,1.4484321258335515,4,3,2,Enterprise,0
MCH-10023,27813.860911042353,1.191169720633415,17,3,0,SMB,1
MCH-10024,35446.73439298875,1.4231817231488053,8,2,1,SMB,0
MCH-10025,81896.8005515456,0.9803467705993824,46,2,0,Enterprise,0
MCH-10026,16136.793106434514,0.6847947022724536,59,3,1,Enterprise,0
MCH-10027,41101.45775165639,0.4581093550011942,34,2,0,Mid-Market,0
MCH-10028,49875.236065488025,1.1986933366322357,11,0,0,Mid-Market,0
MCH-10029,7378.192487820427,0.5334332978060876,31,3,0,Mid-Market,0
MCH-10030,51766.651032480506,0.733052641099164,11,2,1,SMB,0
MCH-10031,14348.062598870822,0.9857179986722872,56,4,1,Mid-Market,0
MCH-10032,8363.196543965212,1.0208582465577225,54,2,0,Enterprise,0
MCH-10033,153684.38967534655,1.0606415166858496,56,1,0,SMB,0
MCH-10034,173531.5171230586,0.5828808633846707,38,3,0,SMB,0
MCH-10035,87616.57864064383,0.8177111453038137,53,2,1,SMB,0
MCH-10036,23164.392998437914,1.0789136498286633,21,2,1,Mid-Market,0
MCH-10037,10138.865750125311,1.4668007510971632,46,0,0,SMB,0
MCH-10038,62637.538154933085,1.2003942514696577,30,0,0,Mid-Market,0
MCH-10039,34004.54212926992,1.4148641328033538,10,4,1,SMB,0
MCH-10040,11507.611697722432,1.2384332641455948,26,1,1,Mid-Market,0
MCH-10041,39177.36140670751,1.0508886657816405,27,2,0,SMB,0
MCH-10042,6749.686072173954,0.6112257060499791,8,1,0,SMB,0
MCH-10043,125021.14436965119,1.1333542170817643,39,1,0,Mid-Market,0
MCH-10044,19972.888842034306,1.085717522555898,8,1,1,SMB,0
MCH-10045,59312.78992824902,1.0627160875029933,8,2,0,SMB,0
MCH-10046,23677.329082881184,0.9387644547870649,55,3,0,SMB,0
MCH-10047,41705.54479546143,0.9815222643882032,34,2,1,SMB,0
MCH-10048,44561.18989908988,0.7678867798299145,59,1,2,SMB,0
MCH-10049,15219.429975395287,0.9712439619065336,16,1,0,Enterprise,0
MCH-10050,179640.3566368113,0.6173114962463261,41,2,2,Mid-Market,0
MCH-10051,79612.26885690705,1.2856918370964145,13,1,0,Mid-Market,0
MCH-10052,145254.72096457912,0.6043546501685786,23,3,1,SMB,0
MCH-10053,117607.59987670984,0.4934629188784131,12,2,0,SMB,0
MCH-10054,50552.72061916375,0.8798706289928732,27,1,2,SMB,0
MCH-10055,132471.76896347024,1.1241381834566682,22,3,0,Mid-Market,0
MCH-10056,9632.772947655782,0.8814885074268956,32,3,0,SMB,0
MCH-10057,15906.734731563372,0.7044295451464395,57,4,3,Mid-Market,0
MCH-10058,7314.098284341598,1.0139883022794849,49,0,0,SMB,0
MCH-10059,24676.604340154343,0.78170256895342,27,4,1,SMB,0
MCH-10060,29606.51458971093,1.4261544591392963,2,2,1,SMB,0
MCH-10061,20828.022160441287,1.4149096535639294,45,2,0,Mid-Market,0
MCH-10062,93227.8932620467,0.9526090019693051,33,0,1,SMB,0
MCH-10063,27061.349976493508,0.7606723934200844,26,1,1,SMB,0
MCH-10064,21490.14200671246,1.210845655352303,28,4,1,Enterprise,0
MCH-10065,44120.3541603873,0.4403842378313733,19,2,0,Mid-Market,0
MCH-10066,12594.907391031444,0.9222459066480164,43,3,0,SMB,0
MCH-10067,86024.17978873657,0.7699557336973669,5,2,0,SMB,1
MCH-10068,8873.79344056545,1.4125894736128104,33,7,0,SMB,0
MCH-10069,221707.31697936598,0.4132033299999508,20,2,1,SMB,0
MCH-10070,78974.18881207558,1.008096363290184,30,3,0,Mid-Market,0
MCH-10071,16076.972025294297,1.2147299391732886,45,0,0,SMB,0
MCH-10072,5276.871018796774,0.9335197862764454,8,2,0,Mid-Market,0
MCH-10073,89494.8388743063,0.49394333317899386,38,3,1,SMB,0
MCH-10074,66354.79536935224,1.4697075290306927,17,3,0,SMB,0
MCH-10075,70283.14543939994,0.9698114745137077,44,3,1,Enterprise,0
MCH-10076,78760.72630217567,1.0756048687509125,1,3,1,SMB,1
MCH-10077,8846.463275689817,0.6602707609782581,3,1,0,Mid-Market,0
MCH-10078,27194.633620811623,0.9318478936174842,46,2,0,Mid-Market,0
MCH-10079,11157.505230222483,0.872064441154154,26,2,0,SMB,0
MCH-10080,104426.47858291114,0.48238542620218217,31,1,1,SMB,0
MCH-10081,53815.05958561871,0.516776388902214,8,1,0,SMB,0
MCH-10082,25090.94006256505,1.321219771580652,43,3,0,Enterprise,0
MCH-10083,8283.403290239145,0.6638019474272493,59,4,0,SMB,0
MCH-10084,23624.417520517687,0.6144540986484937,46,1,1,SMB,0
MCH-10085,24665.71065920657,0.9554025963751532,8,0,2,SMB,0
MCH-10086,70393.78919788703,1.2456218444987643,35,2,1,Mid-Market,0
MCH-10087,55744.467946300996,0.46814117043688674,39,1,0,SMB,0
MCH-10088,114112.59562007574,1.0344887116020813,28,2,0,SMB,0
MCH-10089,36953.306668815494,0.5311314871246308,51,3,0,Enterprise,0
MCH-10090,11368.619680775095,0.44010715590818034,4,2,1,SMB,0
MCH-10091,67456.31721582997,0.45801834737843916,57,0,1,SMB,0
MCH-10092,76519.63765384321,1.3175805190292855,16,1,1,Mid-Market,0
MCH-10093,46194.37474429144,0.5297697319908677,13,1,1,Mid-Market,0
MCH-10094,78694.49833606822,0.44966650085352117,20,0,2,SMB,0
MCH-10095,39040.736575513896,0.8816898758572036,51,4,0,SMB,0
MCH-10096,41983.941938863354,1.3283928191362273,5,1,0,SMB,0
MCH-10097,32890.70969542136,0.6886492141382321,55,2,1,SMB,0
MCH-10098,6287.388699505686,0.8638838792785081,37,0,0,Mid-Market,0
MCH-10099,10708.371759593292,0.4439147858201264,20,4,0,SMB,0
MCH-10100,6596.684064652691,0.8939863655483635,24,0,0,Mid-Market,0
MCH-10101,55586.47754637747,1.035374388700847,36,1,0,SMB,0
MCH-10102,23869.835439754992,1.0279977591273592,34,2,0,Mid-Market,0
MCH-10103,40521.85885670951,0.7656693613918018,58,3,0,SMB,0
MCH-10104,124063.27649229877,0.7470864987294491,45,1,0,Enterprise,0
MCH-10105,19336.941149164915,0.5172859808302577,48,2,0,SMB,0
MCH-10106,31414.09874413363,0.8034781527108953,54,4,0,Mid-Market,0
MCH-10107,75437.45737692917,0.5094441357602612,34,6,1,SMB,0
MCH-10108,17990.257845869703,1.2432555391832567,19,0,1,SMB,0
MCH-10109,9005.21392750882,1.4629017275230045,17,1,0,Mid-Market,0
MCH-10110,22107.015194352854,1.4670819023333777,5,1,0,SMB,0
MCH-10111,13790.417925003143,1.3515782093129332,25,2,0,SMB,0
MCH-10112,137747.50429403124,1.0608713642735812,18,0,1,Mid-Market,0
MCH-10113,87544.35402422847,1.1709522669682682,55,3,2,Mid-Market,0
MCH-10114,55174.70952602655,0.7137263829484555,53,5,0,SMB,0
MCH-10115,107575.98652604065,1.0938474621898828,50,1,0,SMB,0
MCH-10116,86398.44703702781,0.9012145043838653,8,4,2,SMB,0
MCH-10117,15324.773817931953,0.9302190737546259,27,2,0,Enterprise,0
MCH-10118,116540.67026177805,1.2335542164126738,15,2,1,SMB,0
MCH-10119,43754.995098308595,0.7101101911569769,45,3,0,Mid-Market,0
MCH-10120,87367.4145651783,0.7498435728639719,13,2,0,SMB,0
MCH-10121,118212.13246431157,1.4171059702415003,16,4,0,SMB,0
MCH-10122,24136.535820915924,0.4618467243360695,22,2,0,SMB,0
MCH-10123,10829.608006192542,0.9341977282546745,20,7,1,Mid-Market,1
MCH-10124,17934.337306969068,1.4040808804486482,13,1,0,SMB,0
MCH-10125,32852.88463743072,1.0713993085999727,20,2,0,SMB,0
MCH-10126,90191.48633194725,1.0010477816333454,2,3,0,SMB,0
MCH-10127,103567.24859399167,0.6747185971522908,35,1,0,SMB,0
MCH-10128,5348.820459082533,0.7776030379708931,47,1,1,SMB,0
MCH-10129,40743.80796692779,1.3372532573851623,55,3,0,SMB,0
MCH-10130,32013.666045933565,1.015139944945304,19,2,1,Mid-Market,0
MCH-10131,17558.366913791222,0.966216413132458,45,1,0,SMB,0
MCH-10132,11384.01957728234,0.5095376848940318,37,4,0,SMB,0
MCH-10133,25595.428993121623,0.41763097210063543,58,2,0,Enterprise,0
MCH-10134,148156.0561345575,1.4600537075557543,54,1,0,SMB,0
MCH-10135,24519.19014407372,0.8146847840155258,6,2,0,Enterprise,0
MCH-10136,41572.6402880076,1.0635343683094547,14,3,0,SMB,0
MCH-10137,65704.34884404275,0.48768658050601355,4,1,1,SMB,0
MCH-10138,27598.724948348117,1.1514257142953515,22,0,1,SMB,0
MCH-10139,183389.90691458498,1.4258233795765571,51,1,0,SMB,0
MCH-10140,169100.4932270699,1.0332317782971616,55,0,1,SMB,0
MCH-10141,19503.064749610265,0.5387268546129517,39,1,0,SMB,0
MCH-10142,39382.963923192365,1.0398936802208245,36,2,0,Mid-Market,0
MCH-10143,22896.523003952338,1.2429819344151176,34,1,1,SMB,0
MCH-10144,21762.483819054087,0.8470581902314206,27,4,0,SMB,0
MCH-10145,6879.223888276127,1.3678215227356147,7,1,0,SMB,0
MCH-10146,52024.60354912966,1.113551248693101,3,2,1,Mid-Market,0
MCH-10147,39925.98164148192,1.3891738101181228,47,0,0,SMB,0
MCH-10148,7642.554369019625,1.085855842372071,33,0,0,SMB,0
MCH-10149,21331.296050518467,0.5444167692053067,2,5,1,Mid-Market,1
MCH-10150,124443.04755446702,0.7406608822157081,42,0,0,Enterprise,0
MCH-10151,18693.027607103853,0.6219744430777027,16,0,1,SMB,0
MCH-10152,12826.543049273489,1.3997091474885486,25,1,1,Enterprise,0
MCH-10153,38613.60547368181,1.236440074016231,15,0,1,SMB,0
MCH-10154,217201.84913076297,1.1440382058010066,24,1,0,Enterprise,0
MCH-10155,18857.24067798631,0.731062951594784,15,1,0,Mid-Market,0
MCH-10156,60757.75051486467,0.6024492492552349,31,3,2,Mid-Market,0
MCH-10157,76694.38131197315,1.2320961967878032,14,1,1,Mid-Market,0
MCH-10158,18566.65861679029,0.9215737404669877,54,1,0,SMB,0
MCH-10159,70137.4464246158,0.6483685073656921,14,3,0,SMB,1
MCH-10160,27926.1399632152,1.0782841759818027,6,2,0,SMB,0
MCH-10161,55025.187386588565,0.4443672373522972,14,3,0,SMB,0
MCH-10162,55191.89135688191,0.7587872795410789,17,1,2,SMB,1
MCH-10163,43369.26249761744,0.9154126940502482,18,0,0,Enterprise,0
MCH-10164,9731.457940581047,0.5627541675203465,20,0,0,SMB,0
MCH-10165,95182.23971231485,1.4831199253499237,51,1,1,SMB,0
MCH-10166,24340.51468336983,0.6300071010485757,17,6,0,SMB,0
MCH-10167,15321.605330377826,0.5433884430475922,16,0,0,Mid-Market,0
MCH-10168,7081.48798971726,0.6238883612755861,40,5,0,SMB,0
MCH-10169,49688.92022972917,1.2459672464756968,39,1,0,SMB,0
MCH-10170,61592.58671336744,0.8680562251990271,52,3,1,Mid-Market,0
MCH-10171,5836.347377923531,1.0219575337277917,32,3,0,Mid-Market,0
MCH-10172,40881.52922747442,0.42311007268499684,44,2,0,Mid-Market,0
MCH-10173,17841.207352747882,0.437874439430646,9,2,0,Mid-Market,0
MCH-10174,56806.2170773846,0.8904081048097179,27,2,0,SMB,0
MCH-10175,14580.211126956689,1.298320767521786,46,2,0,Mid-Market,0
MCH-10176,63710.626378385954,1.3737627665783219,52,4,1,SMB,0
MCH-10177,29447.93504905509,0.49537722435520426,33,2,0,SMB,0
MCH-10178,143017.19089021537,0.9921994123111252,10,1,0,SMB,0
MCH-10179,12397.220671963947,1.4045526549071976,17,2,1,SMB,0
MCH-10180,25856.621699758587,0.826770029837675,49,3,1,SMB,0
MCH-10181,11022.214251849822,1.3125224145712056,49,3,0,SMB,0
MCH-10182,134309.5198575362,0.5470652198393798,36,1,0,SMB,0
MCH-10183,109916.6853580497,1.4289339386345787,17,3,1,SMB,0
MCH-10184,19916.368503074445,1.226565649284433,18,3,0,Mid-Market,0
MCH-10185,58938.136952195724,1.435467832065592,52,1,0,SMB,0
MCH-10186,89974.20363196106,1.1442789569077572,23,1,0,Enterprise,0
MCH-10187,45506.6180343254,0.7997443251993698,34,0,0,SMB,0
MCH-10188,42713.970509697305,1.431999289777195,8,1,0,Mid-Market,0
MCH-10189,18843.852271895157,0.7031234539400963,13,2,0,Mid-Market,0
MCH-10190,9886.307023747037,0.7653897742679059,23,4,0,Enterprise,0
MCH-10191,118756.16125972614,1.1708892598019145,57,3,0,SMB,0
MCH-10192,120338.72138242134,1.241847929477925,54,1,0,SMB,0
MCH-10193,55133.495974144236,1.4223438322340693,20,3,0,SMB,0
MCH-10194,25702.325490566196,0.6252826499618305,22,4,0,SMB,0
MCH-10195,26478.380790582196,1.2777978387411464,47,2,0,SMB,0
MCH-10196,69723.2714863559,1.21240065873666,52,3,0,Mid-Market,0
MCH-10197,118704.86745536262,0.4701740118789577,23,1,0,SMB,0
MCH-10198,114056.62846983067,0.8259454553312278,41,0,0,SMB,0
MCH-10199,80678.10959654517,0.7110420027661085,35,1,0,SMB,0
MCH-10200,56365.53467838525,0.7349394667894336,3,1,1,SMB,0
MCH-10201,9394.586309804203,1.481241567510171,34,3,0,Enterprise,0
MCH-10202,13814.710734170574,1.1070551548279206,33,1,0,Mid-Market,0
MCH-10203,119411.52500887528,1.1894437735728496,46,4,0,SMB,0
MCH-10204,51624.69734827948,1.4742794010465103,17,4,0,SMB,0
MCH-10205,5461.98028054972,0.8149219607034026,45,1,0,Enterprise,0
MCH-10206,10349.845071797467,1.2820241852980865,19,1,1,SMB,0
MCH-10207,59458.11936451205,0.877984059634945,30,1,1,Mid-Market,1
MCH-10208,5253.72185258985,1.3564870389964778,23,3,1,Enterprise,0
MCH-10209,13765.790805209952,0.5987232954424335,15,3,1,SMB,0
MCH-10210,44784.89230694658,1.4424547947707076,59,2,0,SMB,0
MCH-10211,63865.76433274063,0.6406488792519677,57,2,0,SMB,0
MCH-10212,57772.07410676243,0.7588425576790248,14,4,2,Enterprise,0
MCH-10213,17697.493365401224,1.2318114575174586,2,1,1,SMB,0
MCH-10214,67270.86444492693,0.8331306557219474,39,2,0,SMB,0
MCH-10215,18541.187952640295,1.0690325144430914,49,2,0,Mid-Market,0
MCH-10216,24681.745445904224,0.8890308511763714,18,2,1,Mid-Market,0
MCH-10217,73617.87758328953,1.2166069307987601,6,3,0,SMB,0
MCH-10218,57438.6907151384,0.651164377605472,59,2,0,SMB,0
MCH-10219,99597.80387317005,0.46430378596056476,32,1,0,SMB,0
MCH-10220,58590.66440848812,0.7299223372203729,21,3,0,SMB,0
MCH-10221,47002.21527936287,0.9217395313552733,40,2,0,SMB,0
MCH-10222,9917.853072420523,0.5848220574119465,28,2,0,Mid-Market,0
MCH-10223,27920.815360351,0.7902770186220276,27,4,0,SMB,0
MCH-10224,20408.00739294156,0.8399813201229254,2,0,0,SMB,0
MCH-10225,18985.010183121063,0.46313102805710094,33,5,0,SMB,0
MCH-10226,185615.4703081463,1.041637973002625,16,1,1,SMB,0
MCH-10227,29969.37485200119,1.3727777707684163,39,1,1,Mid-Market,0
MCH-10228,116302.76056242613,0.5669172042483577,22,2,0,Mid-Market,0
MCH-10229,54866.719286824155,1.0575888147416654,56,1,0,Mid-Market,0
MCH-10230,84191.26263442,1.1312131254019309,43,1,1,Mid-Market,0
MCH-10231,39921.76621943852,0.8612681484612172,47,0,0,Mid-Market,0
MCH-10232,48007.79513207925,1.171207346100697,13,1,0,SMB,0
MCH-10233,38914.67166708467,0.8518046978401133,56,1,1,SMB,0
MCH-10234,15860.744766261925,0.9551010167751784,2,1,1,Mid-Market,0
MCH-10235,69088.09015329019,0.4080883490098697,14,1,1,SMB,0
MCH-10236,21478.868418313148,1.1608921255481577,56,0,0,SMB,0
MCH-10237,6230.82405403443,1.127476946839197,38,3,1,SMB,0
MCH-10238,56848.439314763695,0.44224096505897903,41,1,0,SMB,0
MCH-10239,14746.678511241134,0.8050751181346465,28,2,0,SMB,0
MCH-10240,146054.15736366514,1.4769350248708344,7,1,0,Mid-Market,0
MCH-10241,158878.12063940117,0.8628102188254785,18,1,0,SMB,0
MCH-10242,128175.49423169208,0.9521399456450259,56,1,2,Enterprise,0
MCH-10243,28114.369824868336,1.4009231739756904,41,1,1,SMB,0
MCH-10244,5778.865768597219,1.188988063452332,55,4,0,SMB,0
MCH-10245,136776.17286659448,1.0402771442366459,36,5,0,SMB,0
MCH-10246,32946.913852653066,1.27758514947518,41,1,1,SMB,0
MCH-10247,175042.1008061028,1.3508028931015708,36,0,0,Mid-Market,0
MCH-10248,170686.77380651026,0.9025768789109936,44,3,0,SMB,0
MCH-10249,100869.35085897095,0.922619201425019,4,4,0,SMB,0
MCH-10250,22438.803408608015,0.8246560292170194,57,4,0,SMB,0
MCH-10251,29314.59660493468,1.4633767540203069,30,4,0,SMB,0
MCH-10252,100236.33262390399,1.1668828797193855,24,3,0,SMB,0
MCH-10253,24057.311571535854,0.49154537282887956,20,2,1,SMB,0
MCH-10254,14285.93081478774,1.3492555856443205,46,0,0,SMB,0
MCH-10255,45686.84960301139,0.9286159349198949,56,3,0,Mid-Market,0
MCH-10256,142564.6735403521,0.4756292970647362,31,3,2,Mid-Market,0
MCH-10257,64541.27988789686,1.0046889806796422,24,2,0,SMB,0
MCH-10258,47205.61682178278,0.8588807068732723,7,1,1,SMB,0
MCH-10259,10111.409867466144,1.3655243453488874,26,2,0,Mid-Market,0
MCH-10260,52726.53577588589,0.6243940639703262,13,1,0,Mid-Market,0
MCH-10261,235528.48739231587,1.3091110704414013,54,0,0,SMB,0
MCH-10262,12546.029332113209,1.0134575603039981,8,4,0,SMB,0
MCH-10263,41524.76624907518,0.460071333534816,55,1,1,SMB,0
MCH-10264,109930.43189503973,1.469029831458033,5,4,1,SMB,0
MCH-10265,72501.7124176835,0.96387676851352,44,2,0,SMB,0
MCH-10266,64703.72126508365,0.7199645396547407,13,1,0,SMB,0
MCH-10267,65614.37781122449,0.9163475261881839,29,3,2,Mid-Market,0
MCH-10268,27274.617115747456,1.343643561869238,20,2,0,SMB,0
MCH-10269,22378.10421335476,0.73539343682357,14,1,2,SMB,0
MCH-10270,87868.72536298561,0.6119440361353704,32,0,0,Mid-Market,0
MCH-10271,88066.40995435145,0.5419783716239697,50,0,0,Mid-Market,0
MCH-10272,105897.50236839574,0.7276453382292325,27,4,0,SMB,0
MCH-10273,127230.79809183182,1.258052895744048,56,4,2,SMB,0
MCH-10274,40804.661846645184,0.918789001714788,25,3,0,SMB,0
MCH-10275,39809.218877559964,0.650229764062894,52,1,0,SMB,0
MCH-10276,85047.49661542437,0.5828034995707242,4,1,0,SMB,0
MCH-10277,57485.95374439001,0.7660024241614171,21,4,0,SMB,0
MCH-10278,65527.532425575846,1.4339168101742796,18,1,1,SMB,0
MCH-10279,84430.97374771025,0.777329383849027,39,3,0,Mid-Market,0
MCH-10280,115366.17381733835,1.486936483550099,15,1,0,SMB,0
MCH-10281,25624.12035688271,0.9337535013418918,53,3,1,SMB,0
MCH-10282,28546.839436377817,0.597080310119166,38,2,1,SMB,0
MCH-10283,9934.80195936803,1.3802541009728604,48,2,0,Mid-Market,0
MCH-10284,48170.70133047173,0.9063909104483097,52,3,0,Mid-Market,0
MCH-10285,6830.20521054285,1.180638477854977,24,3,1,Mid-Market,0
MCH-10286,36330.34740910548,1.4820827415300672,8,2,0,Enterprise,0
MCH-10287,44114.7292843563,0.45519288535197144,28,1,2,SMB,0
MCH-10288,21881.533015726123,0.5063640157663238,21,1,0,SMB,0
MCH-10289,49681.62650730876,1.1925024156090318,16,2,1,SMB,0
MCH-10290,6548.753105073727,0.7100075036250193,54,2,0,SMB,0
MCH-10291,6903.174964139469,0.602731536645109,16,3,0,SMB,0
MCH-10292,91467.5684769068,0.44329806780170244,35,0,0,SMB,0
MCH-10293,27329.251210387236,0.42403138318482203,17,4,1,SMB,0
MCH-10294,11794.452064871399,1.25193416343177,9,3,2,SMB,0
MCH-10295,41932.679413950784,0.547876770106505,57,0,0,Enterprise,0
MCH-10296,78482.39702228676,0.914492677568266,35,2,0,SMB,0
MCH-10297,17155.900171495166,1.0664864966974315,52,0,0,SMB,0
MCH-10298,53760.98093282464,0.8711869806257309,29,2,0,SMB,0
MCH-10299,9460.551449494866,0.4298173175698564,39,1,0,Mid-Market,0
MCH-10300,7653.25479551547,1.2618516528466999,18,4,0,Mid-Market,0
MCH-10301,42895.447031276046,0.41156454699581885,12,1,0,SMB,0
MCH-10302,43895.52213473711,1.2380788838152323,19,0,0,SMB,0
MCH-10303,55726.8724102308,1.3826349431669351,48,2,0,Mid-Market,0
MCH-10304,69748.02814583422,0.8761239131628895,22,2,0,SMB,0
MCH-10305,191177.85043499965,0.9890967204075781,59,1,0,Enterprise,0
MCH-10306,41314.55596151781,0.9246817318794192,56,2,0,SMB,0
MCH-10307,24500.98570529894,0.8281294804857827,49,3,2,SMB,1
MCH-10308,84282.69898663432,1.3761669889073964,52,2,2,Mid-Market,0
MCH-10309,20792.573271806865,1.3833268617369896,15,1,0,SMB,0
MCH-10310,33899.17156366506,0.769398001105688,1,0,1,SMB,0
MCH-10311,9085.258429183496,1.0765767294161679,2,2,0,SMB,0
MCH-10312,6283.880477073719,1.4195983183604506,8,2,1,Mid-Market,0
MCH-10313,169368.9961634301,1.458264348835487,22,1,0,SMB,0
MCH-10314,95388.38210575313,0.9598549444642523,25,3,0,SMB,0
MCH-10315,64532.13663996708,0.8981072858127594,2,1,0,SMB,0
MCH-10316,31292.982223257095,0.7065637475213784,51,4,0,Mid-Market,0
MCH-10317,14515.326807105437,1.454759060509451,9,3,1,SMB,0
MCH-10318,13506.037078642707,0.5570957349201542,9,4,0,SMB,0
MCH-10319,19400.29945632918,1.0378125336524975,13,3,0,SMB,0
MCH-10320,44839.53241566573,0.7108052942705028,6,0,0,Mid-Market,0
MCH-10321,67692.4643888388,0.7069091193825763,30,3,1,Mid-Market,0
MCH-10322,58969.517484839926,0.8454654461138074,15,1,0,SMB,0
MCH-10323,21420.613069449795,1.49867222939722,51,0,0,Mid-Market,0
MCH-10324,159905.17492781533,0.4604629375238043,53,2,0,SMB,0
MCH-10325,71950.87024376132,1.0363960000238848,15,3,0,SMB,0
MCH-10326,45411.524096566565,0.4908293738388049,50,3,0,Mid-Market,0
MCH-10327,52301.523601871755,0.5699729129895709,7,0,0,SMB,0
MCH-10328,32201.89327660257,0.8835192359501887,58,0,0,Mid-Market,0
MCH-10329,19233.064613703173,0.9615061444810855,11,3,1,Enterprise,1
MCH-10330,27000.70646615562,0.6846716492009765,40,2,0,SMB,0
MCH-10331,75909.09238783566,0.7481028439618578,38,5,2,SMB,0
MCH-10332,5724.903986040214,0.4956637222815264,40,3,2,Mid-Market,0
MCH-10333,11169.019611998803,0.7335417622286756,2,1,0,SMB,0
MCH-10334,7354.718847626026,1.4632142833185986,51,1,0,SMB,0
MCH-10335,7079.072595864622,1.4391781198397298,48,1,0,SMB,0
MCH-10336,101710.15168078293,0.7683661191506835,39,2,0,SMB,0
MCH-10337,65812.03058503442,1.027939329906638,10,0,0,Mid-Market,0
MCH-10338,37139.229720644624,1.400554930222039,44,4,1,SMB,0
MCH-10339,10147.845922390663,0.40680220490498636,17,0,0,Mid-Market,0
MCH-10340,38825.89828986166,1.2917519273713511,7,2,0,Mid-Market,0
MCH-10341,37072.51660471856,1.443206508067811,54,2,1,SMB,0
MCH-10342,14509.73564001125,0.5004583077669128,40,1,0,SMB,0
MCH-10343,33444.95656511619,0.5775924546362132,39,1,0,Mid-Market,0
MCH-10344,30416.830729160345,1.456820933048491,4,3,0,Mid-Market,0
MCH-10345,52836.12164565673,0.991294158004381,35,2,1,SMB,0
MCH-10346,55405.7268020456,0.4156162979188961,51,5,0,SMB,0
MCH-10347,7318.116201026736,0.6833951986398821,47,1,0,SMB,0
MCH-10348,28469.200232753075,0.8949380416957456,36,4,1,SMB,0
MCH-10349,54156.24973913642,1.1621998021272446,31,2,1,SMB,0
MCH-10350,39971.972630389486,1.2064764159504797,25,2,0,Mid-Market,0
MCH-10351,102067.47265877193,1.4949636642180018,41,2,0,SMB,0
MCH-10352,58748.73820274989,0.7162623193221349,13,4,0,Enterprise,0
MCH-10353,13892.643438365367,0.9920421120553229,18,0,2,Mid-Market,0
MCH-10354,8659.121812812042,0.9866559026455656,21,1,2,SMB,0
MCH-10355,56419.70735544455,0.8462097853919612,48,1,2,SMB,0
MCH-10356,6343.4536333697215,0.5860780832266622,1,3,1,Mid-Market,0
MCH-10357,49067.36889036453,1.475202219502227,36,1,0,Mid-Market,0
MCH-10358,145862.7727693576,1.3386489053332449,50,1,0,Enterprise,0
MCH-10359,47839.12227887722,0.948166331123661,8,3,0,SMB,0
MCH-10360,29565.034611195362,1.0635699649524328,52,2,0,SMB,0
MCH-10361,56541.35789224909,0.6499871589156285,48,6,1,Enterprise,0
MCH-10362,35647.79870255456,0.9981657774309216,21,4,0,SMB,0
MCH-10363,44440.71802881601,1.1644671464336236,43,1,0,Mid-Market,0
MCH-10364,146906.35731164995,0.9666837312252478,52,1,0,SMB,0
MCH-10365,29396.376367509358,1.4893136876434356,53,1,0,Mid-Market,0
MCH-10366,167454.5930753377,1.0724758218724988,53,2,0,SMB,0
MCH-10367,122878.80918849596,0.808071083851386,21,2,0,Mid-Market,0
MCH-10368,15894.8130470225,1.249367230377422,27,7,0,SMB,0
MCH-10369,8594.207765157851,0.5875087627398063,19,3,1,Enterprise,0
MCH-10370,10311.26677408151,0.8229673950768932,23,1,0,SMB,0
MCH-10371,5919.494392361685,0.7816548454153445,51,1,2,SMB,0
MCH-10372,9960.250582787707,0.8749878046185551,50,1,0,SMB,0
MCH-10373,62443.743628858356,1.259957808521599,51,1,1,Mid-Market,0
MCH-10374,8692.48134732135,0.9325903353797482,43,2,1,SMB,1
MCH-10375,24207.859414743423,1.2734158952925592,35,2,0,SMB,0
MCH-10376,98176.30200486386,1.0341377934538527,40,1,0,SMB,0
MCH-10377,6177.350159035575,0.776276378123311,52,3,1,SMB,0
MCH-10378,89226.52530929793,1.2909766180518196,51,1,0,SMB,0
MCH-10379,21554.173341981474,0.6621186376084007,42,0,0,SMB,0
MCH-10380,11287.505991455382,0.646821277779775,48,2,1,Mid-Market,0
MCH-10381,64657.77042199567,0.9549532164603194,5,5,0,SMB,0
MCH-10382,54569.958821661014,0.6869341705582979,52,2,1,Mid-Market,0
MCH-10383,109970.79070434734,0.40999573844633797,41,2,0,Mid-Market,0
MCH-10384,71414.67893822002,1.1131272800286818,8,1,0,Enterprise,0
MCH-10385,86349.79029969891,0.9622032036196378,11,3,0,Mid-Market,0
MCH-10386,21566.69311533693,0.8900695959424774,16,1,0,SMB,0
MCH-10387,14766.66480202235,1.4636653660801469,39,1,1,Mid-Market,0
MCH-10388,74437.81980027125,1.028319102359205,47,2,1,SMB,0
MCH-10389,87210.45916217098,1.3497747355683232,24,3,0,SMB,0
MCH-10390,237850.24450701152,0.5533952598256762,21,1,1,Mid-Market,0
MCH-10391,31603.96770763025,1.0261271094423705,52,4,0,Mid-Market,0
MCH-10392,28262.195598086637,1.3547775894039933,23,3,0,SMB,0
MCH-10393,79897.72516717935,1.0414163330078878,49,3,0,SMB,0
MCH-10394,25836.683546537657,1.1898155959397019,38,2,0,SMB,0
MCH-10395,138506.89621996632,0.8092479245934281,47,4,1,SMB,0
MCH-10396,102741.95785831245,0.5016944687407733,8,3,1,Mid-Market,0
MCH-10397,33017.78047210799,0.9036903246397786,7,2,0,SMB,0
MCH-10398,74489.23582477306,0.8339273299227433,2,3,0,SMB,0
MCH-10399,75231.64934275085,1.353766200616842,30,2,0,SMB,0
MCH-10400,10441.8759403359,0.6683948325877196,13,1,0,Mid-Market,0
MCH-10401,121422.2840433816,1.463407650288619,23,2,1,Mid-Market,0
MCH-10402,40185.37448783772,1.453951931784946,29,4,0,Mid-Market,0
MCH-10403,92566.6278761665,0.6723948073785826,38,3,1,SMB,0
MCH-10404,24286.771308225416,0.7828571510250526,37,5,0,Mid-Market,0
MCH-10405,117939.5257272963,1.3851113149612737,20,2,0,SMB,0
MCH-10406,29649.42270300856,1.4632844429857181,33,0,0,Mid-Market,0
MCH-10407,5544.840330758774,0.8877830131196485,29,1,0,SMB,1
MCH-10408,122895.36484812268,0.7530967502049877,50,1,0,SMB,0
MCH-10409,9786.280527423762,0.9787034145766963,15,0,0,SMB,0
MCH-10410,24232.681669251946,1.1565461270023083,23,0,1,SMB,0
MCH-10411,154848.6191594143,0.7008219669124778,42,4,1,SMB,0
MCH-10412,155397.47700519947,1.2101204920809803,3,2,0,Enterprise,0
MCH-10413,47599.86455276319,0.45682309282610517,37,4,0,SMB,0
MCH-10414,54961.50401952623,0.45422394204085814,56,1,0,SMB,0
MCH-10415,34750.73318114288,0.8249164756600997,29,1,0,SMB,0
MCH-10416,22351.13893730985,0.7888205112667928,45,1,0,SMB,0
MCH-10417,24924.316727519486,0.7471965369038676,8,6,0,Mid-Market,0
MCH-10418,60816.17899642531,0.9401217389358011,22,2,1,SMB,0
MCH-10419,74791.89368315386,0.7528069405427285,53,2,2,Mid-Market,0
MCH-10420,83409.77081105743,0.6114837103149011,29,3,0,SMB,0
MCH-10421,82941.55159243708,0.7404165039974611,2,6,0,Enterprise,0
MCH-10422,9781.847327015972,1.4723947000912587,41,4,1,SMB,0
MCH-10423,39102.4798286678,0.8522247586943335,49,2,0,Enterprise,0
MCH-10424,7964.085322436889,0.8891840545441694,59,1,0,SMB,0
MCH-10425,44873.06578476965,1.0341994889462542,50,2,0,Mid-Market,0
MCH-10426,34127.76374936418,1.4816748452556494,45,2,1,SMB,0
MCH-10427,114330.93321104006,0.6657614040793394,1,1,0,SMB,0
MCH-10428,26609.580973394255,1.1494103215856772,44,0,0,SMB,0
MCH-10429,11225.298877622543,1.1875831628958966,20,0,1,Mid-Market,0
MCH-10430,12715.382727105967,1.0680568584723726,52,1,2,SMB,0
MCH-10431,76671.52735395469,0.4974361736003085,21,2,0,SMB,0
MCH-10432,53145.28398740175,1.1445595034103342,37,4,0,Mid-Market,0
MCH-10433,10330.435612269273,0.47050418213979306,8,0,0,Mid-Market,0
MCH-10434,9392.776083430253,1.0557569145048866,27,4,0,Enterprise,0
MCH-10435,65360.423582654985,1.213539294943917,47,5,0,SMB,0
MCH-10436,8777.304476289857,0.6320668796819455,59,2,0,SMB,0
MCH-10437,91259.29269042907,1.3257842082970517,35,1,0,SMB,0
MCH-10438,66249.98765650025,0.4333891860863047,6,2,0,Mid-Market,0
MCH-10439,9242.437529015602,1.3281941500241368,45,1,0,Enterprise,0
MCH-10440,9432.693388890335,0.9063619557070417,44,1,0,Enterprise,0
MCH-10441,220772.9281029046,0.639346733924809,19,2,1,Enterprise,0
MCH-10442,28441.87912761448,0.5471559594933648,18,0,1,Mid-Market,0
MCH-10443,28152.763023765623,1.4486378843406098,56,0,2,Enterprise,0
MCH-10444,88778.77016413385,0.4799321463392724,1,3,1,SMB,0
MCH-10445,152108.2268981622,0.6190027619295183,25,2,0,Enterprise,0
MCH-10446,218438.6969800992,0.7826045821763505,27,2,1,Mid-Market,0
MCH-10447,74994.96150581709,1.0822583338572325,7,0,0,SMB,1
MCH-10448,28601.049980956283,0.9992811938037083,44,1,0,SMB,0
MCH-10449,9359.699684897863,0.5382078416535454,42,0,1,SMB,0
MCH-10450,80062.12702273128,0.7187007821120361,29,1,1,Mid-Market,0
MCH-10451,45868.020378074645,0.6626269481946265,31,0,0,Mid-Market,0
MCH-10452,32601.656265248686,0.6348971399393756,44,2,0,SMB,0
MCH-10453,123411.88377390453,0.8522587701279858,43,3,0,Mid-Market,0
MCH-10454,10894.010398594011,1.1744345978508228,36,2,2,SMB,0
MCH-10455,38925.255468647716,0.6391982254389595,19,5,0,Mid-Market,0
MCH-10456,5570.929471627083,0.8033467676732796,6,4,1,Mid-Market,1
MCH-10457,36617.71847914631,0.8300091695252785,25,2,1,Enterprise,0
MCH-10458,7897.521553296288,1.4741021823789513,31,1,1,SMB,0
MCH-10459,11324.54979655856,1.4501329925669757,9,2,0,Enterprise,0
MCH-10460,11251.311600372814,1.2801513410272836,20,1,1,SMB,0
MCH-10461,57378.41932034858,0.6658248129011037,10,2,0,SMB,0
MCH-10462,73529.88587982363,0.47484104550083667,37,3,0,SMB,0
MCH-10463,48777.688860143426,0.7485945514926873,27,2,1,Mid-Market,0
MCH-10464,168736.01045511884,0.693474004377214,13,0,1,Enterprise,0
MCH-10465,28489.828896013358,0.9565183801610333,41,3,0,SMB,0
MCH-10466,21823.457871027935,1.2555007010745725,2,7,0,Enterprise,1
MCH-10467,106475.12690851148,1.3441552327667439,50,2,0,SMB,0
MCH-10468,17654.10338659267,1.3293504939515595,21,2,2,SMB,0
MCH-10469,170143.50531259555,0.7956431173453746,33,2,1,SMB,0
MCH-10470,5611.447217948466,1.1559577778067514,24,2,0,SMB,0
MCH-10471,180126.34614397408,0.7441176172766422,53,2,0,Enterprise,0
MCH-10472,7205.949930925095,0.46699609755870103,44,1,1,Mid-Market,0
MCH-10473,115886.06145800043,1.1717217921632366,42,1,1,SMB,0
MCH-10474,42507.162517469515,0.41081030782676664,34,3,0,Mid-Market,0
MCH-10475,252841.43039630164,0.8501008462043375,9,3,0,SMB,0
MCH-10476,8833.068797722746,0.7623171962322833,2,2,1,SMB,0
MCH-10477,45355.48318666744,1.1627152923707378,55,2,1,SMB,0
MCH-10478,179178.76106280024,1.242870020036417,56,2,0,Mid-Market,0
MCH-10479,42022.1966590522,0.7345040995684122,30,0,1,Enterprise,0
MCH-10480,54631.41451905937,1.2927897158893389,22,3,1,SMB,0
MCH-10481,64495.06190583871,0.7233084365554272,46,2,1,SMB,0
MCH-10482,35306.387783847546,0.8909589959852174,11,2,1,SMB,0
MCH-10483,54383.7086504011,1.1997203797155476,55,1,0,SMB,0
MCH-10484,48891.29309028778,1.1622122521472675,43,3,0,Mid-Market,0
MCH-10485,120711.63847413237,1.48610531954342,17,5,0,SMB,0
MCH-10486,7325.573087174049,0.6476771266375251,36,0,0,Mid-Market,0
MCH-10487,21492.13629493792,1.1285497048935407,13,0,0,SMB,0
MCH-10488,155199.80029304657,1.0706500991033552,7,1,2,SMB,0
MCH-10489,115483.7914226743,1.406608299939033,16,2,1,SMB,0
MCH-10490,35408.763097981006,0.5719983558093626,33,2,1,SMB,0
MCH-10491,53396.651436948865,1.2269779799456264,45,1,1,Mid-Market,1
MCH-10492,21243.670994756507,1.0250954778956451,1,5,1,SMB,1
MCH-10493,15420.208071803225,0.702132456766696,11,0,1,SMB,0
MCH-10494,36152.92994020494,0.9218784055618916,6,1,1,Mid-Market,0
MCH-10495,26797.67673083667,0.7671542567767776,20,2,0,Enterprise,0
MCH-10496,48812.18530033215,1.037244743067307,35,2,0,Mid-Market,0
MCH-10497,9046.11422165924,1.3779006718961324,44,3,1,SMB,0
MCH-10498,188248.00612612837,1.0262354828534224,37,0,2,SMB,0
MCH-10499,219193.27877762693,1.0948946601592424,41,2,1,Mid-Market,0
MCH-10500,64893.19409563947,0.9706226318261805,26,0,1,Mid-Market,0
MCH-10501,43403.92172060449,0.4562820570900235,58,1,0,SMB,0
MCH-10502,23518.965077718,0.6561444125637037,12,4,2,SMB,0
MCH-10503,89045.35837439983,0.9412019023752911,30,6,0,SMB,0
MCH-10504,62716.47918244078,0.7412588121191752,28,0,0,SMB,0
MCH-10505,13873.68270502442,0.5999399575373137,27,3,1,SMB,0
MCH-10506,125915.05459995638,0.9545461261102822,42,0,0,SMB,0
MCH-10507,91449.72556836357,0.7550907727926355,19,0,0,SMB,0
MCH-10508,154586.9262516718,0.6839184074907563,5,1,0,SMB,0
MCH-10509,69680.20020980672,0.910383959184419,58,4,1,SMB,0
MCH-10510,52520.20097956864,0.5466126838903905,5,3,1,SMB,1
MCH-10511,32085.125329655668,1.4205203063829481,41,0,0,SMB,0
MCH-10512,139950.91807735592,1.3544723077111631,27,0,0,Enterprise,0
MCH-10513,105519.61900234601,1.1783826443145888,28,0,1,SMB,0
MCH-10514,7313.646932656139,0.5168352103473018,26,2,0,Mid-Market,0
MCH-10515,6336.040843325568,1.2534649799166624,27,4,0,Mid-Market,0
MCH-10516,28617.38807916314,1.288753060919921,52,2,0,SMB,0
MCH-10517,88182.38614980431,1.2445410794857716,49,3,1,SMB,0
MCH-10518,223213.77341100838,0.5253624758311652,42,0,0,SMB,0
MCH-10519,13150.475496723984,1.1082987527745414,21,3,0,Mid-Market,0
MCH-10520,50086.20651078679,1.3177572753243385,1,5,1,SMB,0
MCH-10521,28973.684987904806,1.0350887413416345,54,2,0,SMB,0
MCH-10522,180185.42771879814,1.111048112750898,28,4,0,Mid-Market,0
MCH-10523,97295.66037168173,0.9041998273689369,48,2,0,Mid-Market,0
MCH-10524,96109.50232349287,0.981578051872458,58,3,0,SMB,0
MCH-10525,36620.77855698868,0.43781454418689775,58,1,0,Mid-Market,0
MCH-10526,31791.74681636745,1.102859324170613,15,1,0,SMB,0
MCH-10527,20969.44460750306,0.48959193418027513,55,1,0,Mid-Market,0
MCH-10528,7901.3481922418105,0.8785160537742458,17,5,0,SMB,0
MCH-10529,105021.30700016551,0.7219206074341487,26,2,3,Mid-Market,0
MCH-10530,88805.87196249615,0.9999707452328844,20,3,0,SMB,0
MCH-10531,413622.27989090414,0.5467579690755278,25,0,1,SMB,0
MCH-10532,289743.6700372167,1.16080774217065,13,1,0,SMB,0
MCH-10533,45532.5796320697,1.2745126906213176,33,3,0,Mid-Market,0
MCH-10534,78264.15451031303,0.5796898947174722,25,2,0,SMB,0
MCH-10535,149808.5841437218,0.5147443960870705,8,1,2,SMB,0
MCH-10536,99738.60073546229,0.5600670310660951,5,1,1,SMB,0
MCH-10537,19207.622229057328,1.3648403180883522,6,1,1,SMB,0
MCH-10538,34941.34136999323,0.9810081879319918,23,1,1,Mid-Market,0
MCH-10539,11914.817215654431,0.9139870956082529,52,1,2,Enterprise,0
MCH-10540,159011.18932208544,0.5173830010125897,30,2,0,Mid-Market,0
MCH-10541,51592.385129430906,1.1145116074326582,14,2,0,Mid-Market,0
MCH-10542,17980.186270924183,1.3547995510845992,54,0,0,SMB,0
MCH-10543,60691.47695866251,1.3110044562557983,23,1,0,SMB,0
MCH-10544,53133.521737153584,1.0886601798788815,11,1,1,SMB,0
MCH-10545,27171.023114855303,0.48280658831684103,31,4,0,Enterprise,0
MCH-10546,11026.956069923464,0.5236367298936143,6,1,1,Mid-Market,1
MCH-10547,60672.06417595511,0.45423988582080715,11,1,0,SMB,0
MCH-10548,41730.521209301885,0.6832271381417163,13,0,1,SMB,0
MCH-10549,78990.35404802575,0.5492276138764156,12,0,0,SMB,0
MCH-10550,41715.49302117575,0.6860528442776773,54,1,0,SMB,0
MCH-10551,100588.5055654242,0.8235638612908579,2,4,0,Mid-Market,0
MCH-10552,45137.70595107438,1.4372810624782493,53,1,0,SMB,0
MCH-10553,46155.72904900736,1.0714136657598612,35,1,0,Mid-Market,0
MCH-10554,109637.93216148858,1.3184711642512585,55,1,1,Enterprise,0
MCH-10555,30832.36569940585,1.1813866507835655,36,1,0,Mid-Market,0
MCH-10556,12194.397769514948,0.523753443579295,17,1,0,Enterprise,1
MCH-10557,6460.2510716047345,1.2095124470113439,28,0,0,SMB,0
MCH-10558,75352.87263312929,0.7026087697150369,28,1,0,Enterprise,0
MCH-10559,53419.94835303398,1.103018631694177,22,1,1,SMB,0
MCH-10560,65883.26738989382,0.7750581710072875,38,3,0,Mid-Market,0
MCH-10561,16974.074674672174,1.4974394895911254,7,5,0,SMB,0
MCH-10562,12330.627561413934,0.6899066274464556,15,7,1,SMB,0
MCH-10563,5732.573813283439,0.7070435178516967,32,5,0,SMB,0
MCH-10564,26584.363075753463,1.4237394811186381,11,0,0,SMB,0
MCH-10565,49569.86878324723,0.42710884509995495,24,3,0,Enterprise,1
MCH-10566,29899.093378057536,1.1663578866605167,3,4,0,Mid-Market,0
MCH-10567,33765.97814142156,1.197859029809466,30,1,1,SMB,0
MCH-10568,122253.07614907208,1.3200164351514394,6,1,0,SMB,0
MCH-10569,26405.130721255588,1.471883241702323,58,4,1,Mid-Market,0
MCH-10570,41076.25140361606,1.4731621110723179,2,1,0,SMB,0
MCH-10571,81543.58688598509,0.4718044333231103,14,0,0,Mid-Market,0
MCH-10572,30254.006564958985,1.3040232550281927,41,1,0,SMB,0
MCH-10573,53654.52376765427,1.1109409270231194,18,2,1,Mid-Market,0
MCH-10574,104157.03218421534,1.1120763478104005,51,0,2,Enterprise,0
MCH-10575,154309.52076873338,0.5411849192761643,44,3,0,SMB,0
MCH-10576,12954.093965741798,1.1152058830902187,31,2,0,SMB,0
MCH-10577,135583.13815210393,1.4807308386613727,13,5,0,Enterprise,0
MCH-10578,38875.13904977653,1.4030004264933917,26,3,0,Enterprise,0
MCH-10579,19936.772717569787,0.8830437268853357,44,3,0,Enterprise,0
MCH-10580,35729.34836853488,0.4439427706147038,12,1,1,SMB,0
MCH-10581,200682.65487902958,0.7985228390002254,18,2,0,SMB,0
MCH-10582,38924.56463336799,1.3090293427606108,9,4,0,SMB,0
MCH-10583,24930.80160502499,1.1716490116116827,49,2,0,SMB,1
MCH-10584,55174.31369788298,0.9052780211533521,21,1,1,Mid-Market,0
MCH-10585,18731.42338578015,0.46061168867471425,48,2,0,SMB,0
MCH-10586,8944.765248811753,0.8695842006056329,49,5,2,Mid-Market,1
MCH-10587,11898.760985620793,0.9159274336896719,53,3,1,Enterprise,0
MCH-10588,11850.921203350357,1.4214110861835496,56,1,0,Enterprise,0
MCH-10589,13237.995077833648,1.1051947139403755,40,4,0,SMB,0
MCH-10590,12473.003303375826,0.7428182083201138,43,0,0,SMB,0
MCH-10591,56204.202553790325,0.9778500908957936,24,2,0,Mid-Market,0
MCH-10592,15037.317851724081,0.47266083860437613,34,2,1,SMB,0
MCH-10593,26206.96578974026,1.4698250592147106,8,2,1,Mid-Market,0
MCH-10594,118548.70625641789,0.7960658921237986,44,5,1,Mid-Market,0
MCH-10595,37119.05708232969,0.9256540904044495,53,1,1,SMB,0
MCH-10596,60064.454182619025,0.7908123716606149,33,1,0,SMB,0
MCH-10597,14456.425855660824,1.1507629031278204,23,1,0,SMB,0
MCH-10598,15677.549049754753,1.1284553741625523,13,1,1,Mid-Market,0
MCH-10599,7086.360635878265,1.1868545415820493,54,2,0,SMB,0
MCH-10600,14252.367203279044,0.694957552573113,53,3,0,Mid-Market,0
MCH-10601,21327.405931557274,0.7472353292804726,49,3,0,Enterprise,0
MCH-10602,14740.590874155398,0.5377763542058288,14,2,1,SMB,1
MCH-10603,9644.29539301838,1.121060969030724,14,1,1,Enterprise,0
MCH-10604,11427.810674667628,0.4437768400692178,16,1,0,Mid-Market,0
MCH-10605,35881.46716826895,1.057450569075805,49,4,4,Mid-Market,0
MCH-10606,16554.610317254832,1.3566654733367973,38,2,0,SMB,0
MCH-10607,27649.055775545927,1.379915363118597,58,1,2,SMB,0
MCH-10608,40000.25923571652,0.8939415364069578,39,1,0,SMB,0
MCH-10609,63622.87170062711,0.9052340570343812,26,5,1,SMB,0
MCH-10610,7005.286505000771,0.48466610130881915,26,1,0,SMB,0
MCH-10611,85324.71219130598,1.1378415279873395,1,2,0,Mid-Market,0
MCH-10612,54429.68451836482,1.3033853624101301,32,4,1,SMB,0
MCH-10613,9264.771518816713,0.6691205600651844,57,2,0,Enterprise,0
MCH-10614,108406.73492440453,0.8634309697967012,15,2,0,SMB,0
MCH-10615,131834.6773189464,1.3227232704417975,52,1,1,SMB,0
MCH-10616,8151.14137800817,1.364832514428517,21,1,1,SMB,0
MCH-10617,21208.84215643254,0.6674979782906485,18,1,0,Enterprise,0
MCH-10618,87046.75916133213,1.0056276979955008,30,2,1,SMB,0
MCH-10619,73967.86201071541,0.6117424656994098,58,2,0,SMB,0
MCH-10620,15198.981603090024,0.5120666405535123,13,0,0,Enterprise,0
MCH-10621,16744.95155907666,1.4022325515311533,24,3,1,SMB,0
MCH-10622,28139.255501218486,1.3025582546553203,30,3,0,Mid-Market,0
MCH-10623,38133.12823343072,1.2360383919834914,2,1,1,SMB,0
MCH-10624,53150.0917029276,0.4536429506944545,19,3,0,SMB,0
MCH-10625,28015.628150017557,1.3281016719812833,47,4,0,SMB,0
MCH-10626,36044.55546104588,0.8818484834959222,44,4,1,Enterprise,0
MCH-10627,73811.44701949212,0.7766346356254457,47,2,1,Enterprise,0
MCH-10628,6868.647616073923,1.0011239971279142,25,1,0,SMB,0
MCH-10629,19546.83109411986,0.5004885669959115,50,0,1,SMB,0
MCH-10630,67474.5937478013,1.232311204287639,14,3,0,SMB,0
MCH-10631,117788.33771653067,1.0406785845771256,6,2,1,SMB,0
MCH-10632,40838.955610420046,0.6052491065604844,12,0,0,SMB,0
MCH-10633,42976.47511765345,0.6070554197459502,20,5,0,SMB,1
MCH-10634,10668.06692703317,0.6026735167299417,23,4,0,SMB,0
MCH-10635,34657.162304177546,0.46270262630712744,30,1,0,SMB,0
MCH-10636,43030.339952764494,1.0465782943088533,30,4,1,Mid-Market,0
MCH-10637,18884.640163032665,1.3243829953473591,38,3,0,Mid-Market,0
MCH-10638,20683.73059392719,0.4192480353861275,58,4,0,SMB,0
MCH-10639,28683.249240123598,0.4539051094684009,30,3,0,Mid-Market,0
MCH-10640,6013.768037515726,1.0300473043556404,41,1,0,SMB,0
MCH-10641,24436.238062806788,1.3014452539246577,30,3,0,SMB,0
MCH-10642,16877.84678118149,0.759412779625497,57,2,0,Mid-Market,0
MCH-10643,24837.461511599133,0.7845758386884945,58,2,0,Mid-Market,0
MCH-10644,11378.155164239062,1.0559811472464538,36,2,0,SMB,0
MCH-10645,115603.99499715124,0.7016341780365618,49,1,1,SMB,0
MCH-10646,50019.94069397799,0.42926920268545254,34,5,4,Enterprise,0
MCH-10647,61831.647894651585,1.2087513699117558,16,4,0,Mid-Market,1
MCH-10648,82835.45161888956,1.0882149042355986,24,1,0,Mid-Market,0
MCH-10649,39501.821092444254,1.0388315989612251,14,3,1,Mid-Market,0
MCH-10650,9546.604725872792,1.2158525418910056,26,3,0,SMB,0
MCH-10651,43512.918164741124,1.1427539213182414,8,4,1,SMB,0
MCH-10652,49196.15289356868,0.6264701869961533,14,1,0,Enterprise,0
MCH-10653,73410.83244042046,0.7877291516376863,31,1,0,SMB,0
MCH-10654,33251.73246914911,0.5387211558464875,2,2,2,SMB,0
MCH-10655,11824.233336465612,0.5428427147596692,48,1,1,Mid-Market,0
MCH-10656,21688.109013085195,1.1438153209921933,4,1,1,SMB,0
MCH-10657,27555.74127373117,1.344460117680748,1,0,1,SMB,0
MCH-10658,56911.230581093085,1.4590058422472532,55,2,0,SMB,0
MCH-10659,47289.08606007098,1.091181829304389,20,2,1,SMB,0
MCH-10660,27010.337982590307,0.6025114556970527,59,1,0,Mid-Market,0
MCH-10661,220309.7886084906,0.5162153799938238,14,1,1,SMB,0
MCH-10662,51541.650423360465,1.2941360686904337,40,3,0,SMB,0
MCH-10663,18539.726437839996,1.0366321239959992,25,2,1,SMB,0
MCH-10664,10367.150231244343,1.080113523115092,25,1,1,SMB,0
MCH-10665,13294.414629491293,1.2596082976301801,3,1,0,SMB,0
MCH-10666,19115.342469757048,1.173604950505697,5,1,0,SMB,0
MCH-10667,13758.243747714701,1.3179040781417064,38,2,0,Mid-Market,0
MCH-10668,15324.58727272902,0.46183529600586637,54,4,0,Mid-Market,0
MCH-10669,21780.292410772327,1.2222727004211555,26,1,2,SMB,0
MCH-10670,14520.12168314435,1.3359380330543051,40,0,1,SMB,0
MCH-10671,118537.57246779576,0.7147485467041459,38,1,0,SMB,0
MCH-10672,9181.785629600008,1.104492001392578,38,2,0,SMB,0
MCH-10673,42170.617505635135,0.7455782702206694,4,0,0,SMB,0
MCH-10674,31415.277824465116,1.4537681731306997,7,3,1,SMB,1
MCH-10675,206932.108300796,0.43676592967905414,30,1,0,SMB,0
MCH-10676,10941.367284870244,1.0377721282162506,30,1,0,Enterprise,0
MCH-10677,30362.89968712152,0.5831539017544667,56,7,0,Mid-Market,0
MCH-10678,179452.98320633575,1.1834422256948747,19,1,0,Mid-Market,0
MCH-10679,105312.20309840774,0.5934793117605284,39,1,1,SMB,0
MCH-10680,89933.15170180898,0.6589215880881933,35,0,0,SMB,0
MCH-10681,19913.754176675233,0.943807892150334,40,5,0,SMB,0
MCH-10682,14369.976639324377,1.406318444996566,33,1,1,Enterprise,0
MCH-10683,60227.97993408918,0.632885809362768,33,2,1,SMB,0
MCH-10684,137519.25474799777,0.5586640232299139,14,0,0,SMB,0
MCH-10685,45682.52109523711,1.2348745150394338,38,2,1,SMB,0
MCH-10686,47386.37807292933,0.9506814855673241,10,2,0,Mid-Market,0
MCH-10687,21423.751540532543,1.4029636236199488,57,4,0,SMB,0
MCH-10688,78373.68792060443,0.5612760128758265,28,2,1,SMB,0
MCH-10689,15353.899107303541,1.1105206823253433,14,2,1,Enterprise,0
MCH-10690,24554.39065596163,0.6561670607669966,36,2,0,SMB,0
MCH-10691,32707.227503491526,0.5724364715168033,38,0,0,SMB,0
MCH-10692,40424.24813223493,1.1517723566729976,16,5,0,SMB,0
MCH-10693,18880.62917848029,1.0530530818996067,21,1,0,Mid-Market,0
MCH-10694,11099.163607206772,1.2303102041985645,28,6,0,SMB,0
MCH-10695,52159.98287146782,0.7404088340908006,33,3,0,SMB,0
MCH-10696,22028.16842182709,0.8927688220204091,6,3,1,Mid-Market,0
MCH-10697,48522.65341462218,0.8460188439634604,41,2,0,SMB,0
MCH-10698,13383.23763853399,1.4824984103631658,15,1,0,Enterprise,0
MCH-10699,37806.06890142638,0.7214738524133267,44,5,0,Mid-Market,0
MCH-10700,43027.36240645389,0.7242989621814436,3,0,0,SMB,0
MCH-10701,7660.732572856066,0.7900030297114682,43,2,0,SMB,0
MCH-10702,25519.18006902116,1.0210534894193537,47,3,1,Mid-Market,0
MCH-10703,12217.46634159658,0.6775550186901198,35,1,1,Mid-Market,0
MCH-10704,8273.612938626244,1.4068189344172013,14,2,1,Mid-Market,0
MCH-10705,235060.06556976622,0.6922541213528899,2,1,0,SMB,0
MCH-10706,24456.50112597101,1.3853973047162143,29,2,1,Enterprise,0
MCH-10707,88003.53068849492,0.5138225700112431,4,1,0,SMB,0
MCH-10708,19694.441714670073,1.1222189726396177,26,1,0,SMB,0
MCH-10709,62207.06755101758,1.397684070282068,51,4,1,Enterprise,0
MCH-10710,76403.31114141044,0.5856243822380525,12,3,2,Mid-Market,1
MCH-10711,50272.329708456986,1.4651596561091806,2,3,0,SMB,0
MCH-10712,36892.832202263584,0.898171696457063,17,1,2,Enterprise,0
MCH-10713,31537.89067526889,1.4402866192851271,35,1,1,SMB,0
MCH-10714,26452.16508519874,1.1445020479930519,10,3,1,SMB,0
MCH-10715,137627.80241103904,0.7317455568609068,48,5,1,Mid-Market,0
MCH-10716,93780.3535570899,0.6071327774088171,22,1,0,SMB,0
MCH-10717,172658.81947078457,0.7341085508476094,41,5,0,Enterprise,0
MCH-10718,11636.427091805279,0.5023191501889426,43,1,0,Mid-Market,0
MCH-10719,70627.56817302537,0.5582547629776627,21,2,0,SMB,0
MCH-10720,144306.36326306203,0.5151264843811293,15,2,1,Mid-Market,0
MCH-10721,14997.790485039885,0.8652378981157136,35,1,0,SMB,0
MCH-10722,8440.515873624843,1.275136213883345,48,2,0,SMB,0
MCH-10723,72569.6576594311,0.5555219096379742,21,2,0,Enterprise,0
MCH-10724,47721.357209933485,0.5433524764895695,21,2,3,Mid-Market,0
MCH-10725,97203.85706607389,1.107771844469064,21,2,0,SMB,0
MCH-10726,12527.91232070963,0.616901280164873,44,3,0,SMB,0
MCH-10727,84302.50555159341,0.5073710419198908,32,0,0,SMB,0
MCH-10728,16258.988653351147,0.5835334360261355,55,4,1,SMB,0
MCH-10729,13935.7599482759,1.416104535464454,5,1,0,SMB,0
MCH-10730,13972.232827997535,1.30361837805381,39,0,1,SMB,0
MCH-10731,89255.16412820043,0.7894710185906035,9,1,0,SMB,0
MCH-10732,59710.68195079845,1.1214028440601322,53,0,1,Mid-Market,0
MCH-10733,42018.79781730222,0.9910032410348419,18,1,1,SMB,0
MCH-10734,27223.070083903407,1.1448366898308204,21,1,0,SMB,0
MCH-10735,109860.13336471662,1.1509382677090354,8,2,0,Enterprise,0
MCH-10736,29915.637484872248,1.0916074165659924,44,2,0,SMB,0
MCH-10737,89804.13314240349,0.6927115053910395,52,0,0,Mid-Market,0
MCH-10738,33913.74405569402,0.4429070628391,34,2,1,SMB,0
MCH-10739,28655.978290886855,0.9011234601891197,10,2,1,SMB,0
MCH-10740,36058.05299498013,1.3800712731597744,51,3,0,SMB,0
MCH-10741,22932.263771532103,1.0264469843704336,41,5,2,SMB,0
MCH-10742,73838.86564684697,1.315630145872099,57,2,0,SMB,0
MCH-10743,39930.140784779804,1.4907867772573509,24,1,1,SMB,0
MCH-10744,18212.12654985326,0.5799778245521039,40,2,0,SMB,0
MCH-10745,119916.99247752917,1.1609554030561806,24,0,0,SMB,0
MCH-10746,29216.587117935564,1.1417229310700272,56,5,0,SMB,0
MCH-10747,44214.119108888175,1.4779509920941063,32,1,0,Enterprise,0
MCH-10748,123474.78043548131,1.4841608073480805,56,1,1,Mid-Market,0
MCH-10749,53939.96519286653,1.1553464728965426,33,1,0,Mid-Market,0
MCH-10750,11215.730792888988,0.6679762711804138,38,2,1,Mid-Market,0
MCH-10751,145530.83419661046,1.278411421943659,44,1,0,SMB,0
MCH-10752,54403.846446741314,0.517732047632142,57,3,1,SMB,0
MCH-10753,25391.31577756547,1.2587692345887915,56,4,0,Mid-Market,0
MCH-10754,12498.841030821291,1.4012157365591662,51,2,0,SMB,0
MCH-10755,84000.06978401335,0.8211167342452788,59,2,1,SMB,0
MCH-10756,53388.775378142614,1.0936988244813886,49,2,0,SMB,0
MCH-10757,43120.69290245141,0.873157005306509,34,2,1,SMB,0
MCH-10758,117165.16652682227,0.8815415604869414,11,1,1,SMB,0
MCH-10759,82699.5006848036,0.7414079780189321,31,2,0,Enterprise,0
MCH-10760,13224.566006317044,1.2383425824953571,18,2,0,Mid-Market,0
MCH-10761,23678.127569790024,1.429794220583156,23,2,0,SMB,0
MCH-10762,19283.480927441895,1.4348259451579075,22,5,1,Mid-Market,0
MCH-10763,73118.40309342058,0.5922594133624273,43,2,0,SMB,0
MCH-10764,6705.376992891896,1.3622180146222227,18,3,1,Mid-Market,0
MCH-10765,47185.67781930715,1.2111745855698346,40,0,0,Mid-Market,0
MCH-10766,76870.68579298894,0.6781211407593182,47,2,0,SMB,0
MCH-10767,109683.3672192969,0.474013074213666,41,2,0,Mid-Market,0
MCH-10768,25933.729677254636,0.6947969935728158,47,1,1,SMB,0
MCH-10769,91090.39817705016,1.4034290604596782,39,2,0,SMB,0
MCH-10770,10862.194254938866,1.0964965423853497,20,1,0,Mid-Market,0
MCH-10771,98687.19786058438,1.1931601269876593,13,2,1,Mid-Market,0
MCH-10772,11818.981526403542,0.6828675862200055,45,4,1,Mid-Market,0
MCH-10773,30315.731560493216,1.1913269711323022,1,3,0,Enterprise,0
MCH-10774,84800.2681663245,0.43093365690571617,52,1,0,Mid-Market,0
MCH-10775,13121.08949602081,0.8128534803503152,4,3,0,Mid-Market,0
MCH-10776,18019.65112223755,1.0894286833965645,24,3,1,Mid-Market,0
MCH-10777,69052.15488224526,0.5607062220954523,36,4,0,SMB,0
MCH-10778,68654.80859958474,1.3053039318916282,36,3,0,SMB,0
MCH-10779,56242.210436869536,0.6585344286931105,45,1,0,SMB,0
MCH-10780,64200.085454380845,1.1175092241002909,2,2,0,SMB,0
MCH-10781,44123.45505978191,0.8457168568328627,28,2,0,Mid-Market,0
MCH-10782,19504.184962970496,1.055647955025412,26,2,0,SMB,0
MCH-10783,26209.15968966317,0.518195607891799,23,3,1,SMB,0
MCH-10784,15020.063725826592,0.4186040799137681,15,2,2,Mid-Market,1
MCH-10785,124543.80696618259,1.4005208701183314,36,0,0,SMB,0
MCH-10786,48780.45273182993,0.6965930096439011,27,1,0,SMB,0
MCH-10787,30612.282973951118,1.3016447030585052,6,1,1,SMB,0
MCH-10788,35995.37531605817,1.4992853305194203,35,1,0,Mid-Market,0
MCH-10789,152141.18684986056,0.6325743837988023,39,1,0,SMB,0
MCH-10790,13323.477506425033,0.6916878153016912,38,3,2,Enterprise,1
MCH-10791,49122.2304554277,1.1291457663981324,35,0,0,SMB,0
MCH-10792,40249.72203965887,1.4619934980606835,36,2,1,Mid-Market,0
MCH-10793,52267.215900153635,1.4073957830098185,10,1,0,SMB,0
MCH-10794,5913.809020324862,0.9531630720721435,30,2,0,SMB,0
MCH-10795,107834.67612703484,1.274621310779397,53,1,1,SMB,0
MCH-10796,139499.4268345626,0.5493204384098912,41,1,0,SMB,0
MCH-10797,46635.77319716988,1.4751820026244138,38,1,0,SMB,0
MCH-10798,64643.53702629791,1.4607885574395851,29,2,2,SMB,0
MCH-10799,132873.4678922813,0.5801018536670881,52,2,1,SMB,0
MCH-10800,66419.87266962591,0.7293654372834173,59,2,0,Mid-Market,0
MCH-10801,13275.525456206085,0.5101704972574437,43,2,1,SMB,0
MCH-10802,47935.10749262801,0.6988893587879977,39,1,0,Enterprise,0
MCH-10803,51661.04285170075,1.2975513683567272,50,1,0,Mid-Market,1
MCH-10804,32593.725196141055,0.8161471678817855,4,2,2,SMB,0
MCH-10805,71674.51519416961,0.4972366638614342,5,2,0,SMB,0
MCH-10806,141183.84428812374,0.776448077256795,4,3,1,Mid-Market,0
MCH-10807,134893.81065270587,1.4795216676654084,36,2,1,Mid-Market,0
MCH-10808,34968.21481518088,1.0926519547851234,59,1,0,Mid-Market,1
MCH-10809,11008.935227589209,0.8577770410467735,45,2,0,Mid-Market,0
MCH-10810,214458.69945603533,0.583192364846997,16,2,0,SMB,0
MCH-10811,96285.90554092215,1.4847944770120645,25,2,1,SMB,0
MCH-10812,11657.297985853169,1.3029339101894417,14,2,0,Mid-Market,0
MCH-10813,131815.3970481638,0.7096250326960114,11,2,0,Mid-Market,0
MCH-10814,106971.19656134317,0.4770755652933084,29,1,0,Mid-Market,0
MCH-10815,41577.56929843246,0.46228811311531387,34,0,1,Mid-Market,0
MCH-10816,49735.68934145374,0.5324159644560873,22,1,0,SMB,0
MCH-10817,30458.242170450678,1.0388454419758637,14,5,1,Enterprise,0
MCH-10818,7815.907462164689,1.4216397633260418,56,4,0,Enterprise,0
MCH-10819,25413.244315037056,0.946417770806583,24,3,0,SMB,0
MCH-10820,86190.39555330893,1.3272400307018168,59,2,1,SMB,0
MCH-10821,5232.139203317144,0.8904752818457886,39,2,1,SMB,0
MCH-10822,25285.694829508437,1.179441900344608,26,2,0,Mid-Market,0
MCH-10823,30388.90474273391,1.205060011015151,43,2,0,SMB,0
MCH-10824,43544.15120619409,0.5913600764936726,36,0,0,SMB,0
MCH-10825,131196.27380765206,0.797337664873393,39,1,4,SMB,0
MCH-10826,26258.855544539503,1.1010323721918263,16,1,1,SMB,0
MCH-10827,26305.324297924763,0.47776626900280283,58,0,0,SMB,0
MCH-10828,71875.44758327828,0.7976942065392523,38,4,0,Mid-Market,0
MCH-10829,35093.888674616974,0.9882794129093118,59,2,1,Mid-Market,0
MCH-10830,17719.12368513627,1.4958469423491025,32,0,1,SMB,0
MCH-10831,35114.11752880775,0.9219869188846849,6,2,0,Mid-Market,0
MCH-10832,12590.996096569354,1.297662432825756,34,0,2,Mid-Market,0
MCH-10833,14702.725160404838,0.8752740135732795,56,3,1,SMB,0
MCH-10834,39494.40214014088,1.27602979488168,8,2,1,SMB,0
MCH-10835,32143.81081280035,1.0549562817821192,30,1,0,SMB,0
MCH-10836,128164.63676264064,1.3752549856526382,27,1,0,SMB,0
MCH-10837,27501.729151986412,0.852036807585121,7,3,0,Enterprise,0
MCH-10838,48445.1191892636,1.0647348618036268,27,3,0,Mid-Market,0
MCH-10839,55019.538625892405,1.0930205486807103,25,3,0,SMB,0
MCH-10840,5659.047241282961,0.8591212359805207,56,0,0,Enterprise,0
MCH-10841,59463.40985179945,0.5587432480562298,46,0,1,Mid-Market,0
MCH-10842,14802.932009962411,0.5029153476035692,41,3,0,Enterprise,0
MCH-10843,167299.91361362132,0.4183387056595964,15,3,2,SMB,0
MCH-10844,13047.345215509004,1.360887690669736,25,1,0,Mid-Market,0
MCH-10845,31775.055726830342,0.6601224034625641,22,4,0,Mid-Market,0
MCH-10846,9460.671882525156,0.6326574242099449,18,0,0,Mid-Market,0
MCH-10847,293404.080757538,1.2096389404686723,12,1,0,SMB,0
MCH-10848,39877.34328291131,0.752017724396131,23,3,1,Mid-Market,0
MCH-10849,50240.966204447286,0.9566491616530203,51,2,1,SMB,0
MCH-10850,8471.602541412709,0.578762171827202,45,2,0,Mid-Market,0
MCH-10851,74306.81276079995,1.4557202936081661,39,1,0,Mid-Market,0
MCH-10852,16780.141912513158,1.3367395400189612,25,4,1,SMB,0
MCH-10853,119165.74284058152,1.3501685852615037,10,2,0,SMB,0
MCH-10854,16479.44140804167,0.8474511234292058,30,2,0,Mid-Market,0
MCH-10855,15578.521490440793,1.2385973350778903,10,1,0,SMB,0
MCH-10856,6861.7170928836085,0.5582637709287582,34,4,0,SMB,0
MCH-10857,36939.2896647732,0.40948090285095834,46,5,0,Mid-Market,0
MCH-10858,46602.20518380903,0.42197022583583094,13,2,0,Mid-Market,0
MCH-10859,8398.347008957824,1.0452619111450165,54,2,1,SMB,0
MCH-10860,79700.12967991861,0.9009343957727349,29,0,0,SMB,0
MCH-10861,35191.73251468109,0.9698168837993718,38,3,0,Mid-Market,0
MCH-10862,42157.88272962984,0.40820945445894136,41,2,0,Mid-Market,0
MCH-10863,34059.07358937901,0.8649552816231683,45,5,0,SMB,0
MCH-10864,30604.910063746065,1.189874977320947,9,6,1,SMB,0
MCH-10865,46008.17285689374,0.8869630721641795,13,3,0,SMB,0
MCH-10866,13435.150338047773,1.2054411269434446,37,3,1,Enterprise,0
MCH-10867,15040.254310431275,0.6563208608365183,14,3,0,SMB,0
MCH-10868,103947.46641480702,1.2944562049298982,37,2,1,SMB,0
MCH-10869,151045.58546323428,1.0472743644987976,9,3,0,SMB,0
MCH-10870,28365.109373756928,0.631839409372897,8,2,1,SMB,0
MCH-10871,20786.5682846333,0.6603925234392163,39,0,0,Mid-Market,0
MCH-10872,56641.16325472286,1.0908335110264908,40,2,1,SMB,0
MCH-10873,31274.478380362314,1.3129335525336878,54,2,1,SMB,0
MCH-10874,6285.707436632351,0.8571905602320707,3,2,0,SMB,0
MCH-10875,13489.18016497553,0.6841304720403515,55,2,0,SMB,0
MCH-10876,67934.16299265227,1.3537127676016607,56,1,0,Mid-Market,0
MCH-10877,58782.489115876786,1.1361951209259185,47,2,0,SMB,0
MCH-10878,6373.492894222005,0.8928940360113842,40,5,1,Mid-Market,0
MCH-10879,17549.64869333525,0.9366902148072321,33,1,0,SMB,0
MCH-10880,18138.07894754655,0.6246821147300361,32,0,0,SMB,0
MCH-10881,60720.73614139259,1.0894828930713283,7,2,3,SMB,0
MCH-10882,5995.36906460697,0.7946167615971775,19,0,0,Enterprise,0
MCH-10883,10496.802930068641,1.495209694341784,34,3,0,SMB,0
MCH-10884,85450.92136481208,0.9282018667880767,14,2,1,Mid-Market,0
MCH-10885,14833.885472589267,0.9344741668085745,50,3,0,SMB,0
MCH-10886,57884.954446028845,1.0224369661517392,47,4,0,SMB,0
MCH-10887,18602.43111044976,1.4084316034306217,46,1,0,SMB,0
MCH-10888,10237.001674243566,1.2808999098457254,56,1,0,Enterprise,0
MCH-10889,18930.975820572363,0.8962430767776257,57,1,0,SMB,0
MCH-10890,69054.7406548516,1.1905691925700757,19,2,0,Mid-Market,0
MCH-10891,101791.81687269648,1.0448590486588378,51,1,0,Enterprise,0
MCH-10892,93662.54999877822,0.9416037535713738,54,3,0,SMB,0
MCH-10893,30307.124473754422,0.6115473500627856,59,4,1,SMB,0
MCH-10894,60143.83892022975,0.9103298898003801,26,2,1,SMB,0
MCH-10895,16469.67051644904,0.6704004457248322,17,3,0,SMB,0
MCH-10896,22346.67943062584,1.4063263648368203,54,1,0,SMB,0
MCH-10897,118329.93143154522,0.7689474948459817,28,1,1,Mid-Market,0
MCH-10898,5654.35941981425,1.4474904159867097,19,4,0,Mid-Market,0
MCH-10899,9469.356981522456,0.9863608191041824,27,3,0,Mid-Market,0
MCH-10900,16652.51401199076,1.0946988165437763,48,1,0,Enterprise,0
MCH-10901,6344.526761215844,0.9972344889382606,52,3,0,SMB,0
MCH-10902,15010.150164513638,0.542318678663371,57,2,0,SMB,0
MCH-10903,48738.43643721833,0.8134033409087351,19,2,0,SMB,0
MCH-10904,32359.31591839002,0.5090607235053863,33,4,0,SMB,0
MCH-10905,116593.15104109138,1.08524944860172,51,2,1,SMB,0
MCH-10906,90034.79515097392,0.8915616147204829,7,2,0,SMB,0
MCH-10907,25913.640258451604,1.2557834687280307,29,4,1,Mid-Market,0
MCH-10908,20016.31260736393,0.6425175290993068,55,4,0,Enterprise,0
MCH-10909,28876.990405426888,0.5810226642722685,43,2,0,SMB,0
MCH-10910,49615.887507165266,0.8469654540601446,5,1,1,Mid-Market,0
MCH-10911,20603.085490763646,1.4192439215402195,30,1,1,Mid-Market,0
MCH-10912,53928.11227735438,1.1814639965136529,49,2,0,SMB,0
MCH-10913,31331.801963990558,0.8608159872722105,43,2,2,SMB,0
MCH-10914,45153.36832574222,0.9689993867297417,56,2,1,Enterprise,0
MCH-10915,33646.2697545556,0.4926343122948082,58,2,2,Mid-Market,0
MCH-10916,22439.99876311666,1.4830334860137246,8,2,0,Enterprise,0
MCH-10917,153263.36105761016,1.133048035164411,42,2,0,SMB,0
MCH-10918,77112.72518663181,0.7139444753097648,12,2,0,SMB,0
MCH-10919,12547.724906151043,1.0443892336367688,42,2,0,SMB,0
MCH-10920,106425.2463859662,0.5204306026758934,13,6,1,Enterprise,0
MCH-10921,38416.016483095824,1.4624203356883418,26,2,0,SMB,0
MCH-10922,117476.97451448717,0.5922634866717026,18,1,1,SMB,0
MCH-10923,85435.72269649501,1.1128333498607357,42,3,0,SMB,0
MCH-10924,32687.830962930366,0.6699999087928235,51,1,0,SMB,0
MCH-10925,6136.279473877006,1.1893175209133893,52,5,0,SMB,0
MCH-10926,20645.027388824332,1.254503503964309,49,2,0,Mid-Market,0
MCH-10927,44004.38778398981,1.140761701802576,20,1,1,SMB,0
MCH-10928,55184.86659672682,1.0759494062807118,16,2,1,SMB,0
MCH-10929,19912.733996446943,1.3817160033472131,37,1,1,SMB,0
MCH-10930,12503.720941535776,0.4864893820887339,3,0,0,SMB,0
MCH-10931,95069.35435811958,0.7640062423582148,27,5,1,SMB,0
MCH-10932,213031.2081593617,0.6731162275939306,15,3,0,SMB,0
MCH-10933,42294.72734860435,1.4868153582719636,58,1,1,Mid-Market,0
MCH-10934,14417.743183003697,0.828328757633561,34,4,0,SMB,0
MCH-10935,20893.82358644664,1.2058739691644387,45,0,1,SMB,0
MCH-10936,5928.094370538301,1.153197680269105,22,2,0,SMB,0
MCH-10937,127844.42638467785,0.6332893612251156,40,0,1,SMB,0
MCH-10938,11264.052192310151,0.6628974482327066,23,4,1,SMB,0
MCH-10939,47962.033443407796,0.7094130199083375,59,4,1,Mid-Market,0
MCH-10940,21014.066430139646,0.8522400060853172,49,2,0,Mid-Market,0
MCH-10941,45391.77577034926,0.6577575722155795,4,2,1,Mid-Market,0
MCH-10942,57694.43169930135,0.42161663102153263,51,3,0,SMB,0
MCH-10943,93521.959621118,1.367332362487915,54,1,0,SMB,0
MCH-10944,16560.12637522679,1.4621708145189727,57,4,0,Mid-Market,0
MCH-10945,5552.83648158486,0.7757274257347249,41,0,0,SMB,0
MCH-10946,12360.403534369527,0.7723575673680202,23,2,0,SMB,0
MCH-10947,120138.57644265908,0.4078009940518081,47,0,0,Mid-Market,0
MCH-10948,108530.06760265613,1.1482757571634115,9,0,0,SMB,0
MCH-10949,50492.21550982462,1.3079838853234917,24,6,1,Mid-Market,0
MCH-10950,50879.185925267346,0.5612691303960036,21,2,0,SMB,0
MCH-10951,59686.71147037562,0.5756329843038659,41,1,0,SMB,0
MCH-10952,14641.101431927607,1.2690915749685816,46,2,1,Mid-Market,0
MCH-10953,127910.47803856508,1.0779198231895593,55,4,0,SMB,0
MCH-10954,32130.481717315903,0.44934661339048876,53,1,1,SMB,0
MCH-10955,29155.539966393422,1.08480168950851,16,5,0,SMB,0
MCH-10956,41585.84663113405,0.7398094951281426,56,1,0,SMB,0
MCH-10957,7405.23321459886,0.8055976710179307,55,0,0,SMB,0
MCH-10958,14093.085252463616,1.2467045601265683,25,1,0,SMB,0
MCH-10959,71976.95452119816,1.2920287119398717,26,1,1,Enterprise,0
MCH-10960,9321.41378359218,0.8403922895238138,49,0,0,Mid-Market,0
MCH-10961,51210.11094925578,1.4418682296069902,45,4,1,Mid-Market,0
MCH-10962,19075.00168002204,0.8471089897472794,9,1,0,Mid-Market,0
MCH-10963,29657.112846259417,1.249019638753121,15,2,0,SMB,0
MCH-10964,22032.6095977073,0.932264991020685,39,4,0,SMB,0
MCH-10965,26977.423886142675,1.3872855591742925,33,2,1,SMB,0
MCH-10966,68478.19933193433,1.3985373680151967,1,4,1,Mid-Market,1
MCH-10967,22628.576980277543,0.4961584886581923,5,2,0,SMB,0
MCH-10968,46782.17653528511,1.4301426644412483,56,4,0,SMB,0
MCH-10969,37317.989334513084,1.3080883256724574,9,4,1,Mid-Market,0
MCH-10970,59483.29615463392,1.2704417857439336,44,3,0,SMB,0
MCH-10971,143096.08237564846,0.6210024736540747,6,3,0,SMB,0
MCH-10972,70945.26356275214,1.2856311296301315,28,1,2,SMB,0
MCH-10973,17099.780662202364,1.3351460081535405,45,1,1,SMB,1
MCH-10974,6583.983941212892,0.7180653678995661,26,3,0,SMB,0
MCH-10975,20208.465100279394,1.4474860861985563,28,2,0,SMB,0
MCH-10976,50203.03259365486,0.4548461610390807,40,3,0,SMB,0
MCH-10977,7639.763904988735,0.5649001785718537,15,1,0,SMB,0
MCH-10978,39295.29780130944,0.9913392518566658,6,2,1,SMB,0
MCH-10979,50421.44199937801,1.0333717182345408,27,2,1,Enterprise,1
MCH-10980,25341.59389690502,1.1096650916309938,38,2,1,SMB,0
MCH-10981,78682.49795733673,0.41866604224701315,4,1,1,Mid-Market,1
MCH-10982,10635.945738233899,1.4564034520843432,11,2,1,Mid-Market,0
MCH-10983,8905.525289612351,0.4490469020075584,21,2,0,SMB,0
MCH-10984,70132.37051081963,0.5573681479957426,30,1,1,SMB,0
MCH-10985,39208.51133315343,0.4154159692786627,18,2,0,SMB,0
MCH-10986,63302.13278665704,1.0235442766235043,35,4,0,Mid-Market,0
MCH-10987,33531.19995644287,1.4254935723130697,3,3,0,SMB,0
MCH-10988,19144.81268792658,1.1325418826885107,12,0,1,SMB,0
MCH-10989,90491.1849285598,1.3049232153284702,27,4,0,SMB,0
MCH-10990,85326.0781980095,0.4146093238044381,53,2,0,SMB,0
MCH-10991,64322.44098545607,0.9962168283276988,30,2,0,SMB,0
MCH-10992,20882.680749401603,0.9055192752560741,21,2,0,Enterprise,0
MCH-10993,49608.043986173216,0.9488647386428725,38,3,2,SMB,0
MCH-10994,27390.498778991103,0.4794345038687068,21,0,1,SMB,0
MCH-10995,9802.53673033266,1.1528788971762383,38,1,0,Mid-Market,0
MCH-10996,129634.99217688208,0.953542456344498,40,1,0,Mid-Market,0
MCH-10997,12356.522440976001,1.2416637348473905,15,1,0,SMB,0
MCH-10998,155024.53265613812,0.933819697467887,18,2,1,SMB,0
MCH-10999,34530.05063954361,0.5643197998490753,52,1,1,SMB,0
MCH-11000,15236.51409567329,1.1130826494856043,29,1,3,SMB,0
MCH-11001,44033.49230758683,0.5896249983156829,48,1,0,SMB,0
MCH-11002,108157.08971410293,1.3596340196902965,38,3,0,SMB,0
MCH-11003,70880.38895652369,1.0744278629761657,21,0,1,SMB,0
MCH-11004,87139.69130368787,0.5729242719126497,17,1,1,Enterprise,1
MCH-11005,58761.88575852013,1.4585718632293276,41,1,0,SMB,0
MCH-11006,63927.69180707661,0.9702020096688527,51,3,0,SMB,0
MCH-11007,99588.59940251397,0.48018829705882055,18,4,1,Enterprise,0
MCH-11008,19361.975777006006,1.0895161948565741,57,1,0,Mid-Market,0
MCH-11009,38610.883308562064,0.6785187977140913,55,2,0,SMB,0
MCH-11010,17500.656455306118,1.2840627970650327,37,4,0,SMB,0
MCH-11011,224777.92087026648,1.2996042809228099,38,2,0,Enterprise,0
MCH-11012,149173.18936602073,1.4768420914401283,12,0,0,SMB,0
MCH-11013,7011.255060268954,0.9520564841269542,11,0,0,Mid-Market,0
MCH-11014,66136.57815978644,0.9004525677005109,48,2,0,Mid-Market,0
MCH-11015,134679.1778737628,1.2288231659911286,52,4,2,SMB,0
MCH-11016,14957.641269392501,0.5457177219761192,49,0,0,Mid-Market,0
MCH-11017,46960.14588229511,1.0016070651724367,20,0,0,Enterprise,0
MCH-11018,128543.2632062765,1.0008723601439362,9,0,1,Mid-Market,0
MCH-11019,6726.7761772105905,0.498420435091426,1,2,0,SMB,0
MCH-11020,64770.52284464427,0.859782494057605,58,1,0,Mid-Market,0
MCH-11021,22644.74823726064,1.3386132784239222,3,3,0,SMB,0
MCH-11022,134112.4335677838,1.3417689841941263,21,1,0,Mid-Market,0
MCH-11023,182123.49613111265,0.5091614314116492,23,3,1,SMB,0
MCH-11024,149358.68406204873,0.499792971022614,9,2,0,SMB,0
MCH-11025,37143.07025992291,0.6889650247021288,54,1,0,SMB,0
MCH-11026,104040.5353367679,1.362242668809393,19,2,1,SMB,0
MCH-11027,98071.36366495394,0.5417928435808489,45,2,0,SMB,0
MCH-11028,24217.02607597672,1.191996482890191,55,1,1,SMB,0
MCH-11029,93279.87706973265,0.5112821815744135,46,3,0,SMB,0
MCH-11030,6885.4897634454865,1.0854516391226081,52,1,0,SMB,0
MCH-11031,50350.432014390346,0.7916740290310593,19,1,0,Mid-Market,0
MCH-11032,18068.812059864285,1.2678053592624539,23,1,1,Mid-Market,0
MCH-11033,11423.888373582202,0.6570594937079,27,0,0,SMB,0
MCH-11034,9003.767165219138,1.103122012328956,27,2,0,SMB,0
MCH-11035,64583.89748441185,0.6592507880334735,39,2,0,SMB,0
MCH-11036,25766.300653428352,1.1850263114233692,36,1,0,SMB,0
MCH-11037,69506.82186101889,1.3610458380168238,12,2,1,Mid-Market,0
MCH-11038,8379.496774473717,0.5394819790394361,55,0,1,Mid-Market,0
MCH-11039,23938.01907088391,1.353255257455054,27,3,2,SMB,0
MCH-11040,43771.17572000247,1.0529327798557278,46,2,0,Mid-Market,0
MCH-11041,83204.86666689937,0.5398215399537264,34,1,0,Mid-Market,0
MCH-11042,24191.480352007948,0.8702960408956832,33,3,0,SMB,0
MCH-11043,54160.45432010813,0.5769463228336077,28,1,0,SMB,0
MCH-11044,113568.0829362135,1.1703826777532265,31,2,0,SMB,0
MCH-11045,52837.82545360431,1.2347549478597446,32,2,1,SMB,0
MCH-11046,18260.782148292474,0.5163761723000789,50,0,0,SMB,0
MCH-11047,6235.170687207761,0.9567538379641088,20,6,2,SMB,0
MCH-11048,107049.08431870906,1.296087561628509,40,2,0,SMB,0
MCH-11049,6074.9432080130655,1.429779345706096,35,0,0,SMB,0
MCH-11050,108852.88833020852,0.9648696534159471,31,3,0,SMB,0
MCH-11051,42638.18602347772,1.445307145972548,58,1,0,SMB,0
MCH-11052,144899.59213963314,0.9892578675016329,31,1,0,SMB,0
MCH-11053,85168.62615115626,0.8336095440598987,38,2,1,SMB,0
MCH-11054,314109.72054236627,1.333023441408185,22,2,0,SMB,0
MCH-11055,26593.930842414185,0.942280981503898,45,1,1,Mid-Market,0
MCH-11056,77876.26295557289,0.9190927616209754,41,3,0,Mid-Market,0
MCH-11057,30702.45013114704,0.9393437383508112,9,0,1,SMB,0
MCH-11058,37684.36521425957,1.33146350205672,52,4,0,SMB,0
MCH-11059,54376.64538140577,1.3151356958568574,9,0,0,Mid-Market,0
MCH-11060,108445.7032016195,0.8438719916842323,15,4,0,Mid-Market,0
MCH-11061,212019.85184206543,0.7666298458575775,13,0,0,SMB,0
MCH-11062,78109.85551696125,0.9411208264430423,22,0,0,Mid-Market,0
MCH-11063,32044.20967955709,1.03004976071082,16,1,1,SMB,0
MCH-11064,32353.47879095121,0.6621709316907967,32,2,0,SMB,0
MCH-11065,71890.88879868329,1.2733505931871498,2,2,0,Enterprise,0
MCH-11066,18641.456002979714,0.9351310423056652,26,3,1,SMB,0
MCH-11067,10853.333479033074,0.7674501032619556,14,3,0,Enterprise,0
MCH-11068,26895.966579705826,0.5175030922603897,59,3,0,SMB,0
MCH-11069,21930.4553208913,0.6627296764439676,38,0,2,SMB,1
MCH-11070,22570.734486615278,1.444209288931582,34,1,0,SMB,0
MCH-11071,18303.058297974836,0.7356096555014793,8,1,1,Mid-Market,0
MCH-11072,7150.239046867366,0.5857452183037388,36,1,0,SMB,0
MCH-11073,5901.780141597453,0.9067400708204926,21,1,0,Mid-Market,0
MCH-11074,224998.89895561512,0.7377965176962735,56,1,1,Mid-Market,0
MCH-11075,32910.9873446051,0.43867517529831357,46,3,0,SMB,0
MCH-11076,29251.936372765893,0.755459739007359,43,2,2,SMB,0
MCH-11077,61916.63243132236,0.9985194863334155,56,5,0,SMB,0
MCH-11078,17311.262797046667,1.0068836092219637,28,1,2,Mid-Market,0
MCH-11079,154747.8126869888,0.7922148132945777,46,2,0,Mid-Market,0
MCH-11080,82169.6390937793,0.8920330318778608,44,1,0,SMB,0
MCH-11081,9683.181932050347,1.462069710058243,48,0,0,SMB,0
MCH-11082,32028.23870166949,0.8150833249533429,6,2,0,SMB,0
MCH-11083,110647.14800704266,0.6840494945859813,20,1,0,SMB,0
MCH-11084,149778.0801560416,0.6678137484734361,31,1,0,SMB,0
MCH-11085,36499.37215506962,0.9035410739745476,33,2,0,Mid-Market,0
MCH-11086,52519.70862882183,1.2354721635886385,44,2,1,Enterprise,0
MCH-11087,14138.119462839928,0.6265870026073206,7,2,0,Mid-Market,0
MCH-11088,241472.23430464065,1.180225739854845,8,4,1,SMB,0
MCH-11089,18176.908250884164,0.4232648056843579,9,1,0,SMB,0
MCH-11090,148000.4665746944,0.8608262757823406,2,1,0,SMB,0
MCH-11091,57440.652973428005,1.2534515717230656,17,3,2,SMB,0
MCH-11092,51791.1111436097,0.7726062513518746,52,3,1,SMB,0
MCH-11093,40942.58762962206,1.0201108115899395,45,2,2,SMB,0
MCH-11094,18111.751402598133,0.625477156108502,37,2,1,Mid-Market,0
MCH-11095,14711.288501168363,1.2161949302387898,42,1,0,SMB,0
MCH-11096,17454.244931025336,0.4575070135956356,44,4,1,Enterprise,0
MCH-11097,15316.673177727509,1.3377969093630506,17,2,0,SMB,0
MCH-11098,80612.03787863982,0.618016025063835,53,5,1,SMB,1
MCH-11099,26548.78205365372,1.361837834879164,38,3,1,SMB,0
MCH-11100,7979.150416638424,0.7877821654305691,35,3,0,SMB,0
MCH-11101,178854.2108263387,1.1949519319219353,47,1,1,Enterprise,0
MCH-11102,112616.04850130001,0.7511478275648074,39,4,2,SMB,0
MCH-11103,136382.72769033772,1.3965028383581124,30,0,0,Enterprise,0
MCH-11104,269002.48845248536,0.5393008380702118,6,1,0,SMB,0
MCH-11105,14551.684828809266,0.5963717681998586,4,2,1,SMB,0
MCH-11106,30229.092744694037,0.9423331376746826,51,0,2,SMB,0
MCH-11107,75990.17377406354,0.49013228294196076,37,2,1,Mid-Market,0
MCH-11108,64539.77012106687,0.6155782031719381,35,1,0,SMB,0
MCH-11109,13355.644239675343,1.4381430204332157,58,2,0,Enterprise,0
MCH-11110,89595.65014931576,1.474138627262676,57,6,1,SMB,0
MCH-11111,17708.533362029317,0.8138852622634642,9,3,0,SMB,0
MCH-11112,17668.387698482155,1.4156146231153293,6,3,0,Mid-Market,0
MCH-11113,43498.64921454185,0.999307143240775,13,2,0,SMB,0
MCH-11114,49939.72620934595,0.6967167124611438,59,3,0,SMB,0
MCH-11115,48385.29227647337,1.1726385931886587,22,2,0,Mid-Market,0
MCH-11116,9797.295148550687,1.124791987232343,28,1,1,SMB,0
MCH-11117,109966.24056457118,1.4880378510196066,30,4,0,SMB,0
MCH-11118,20435.074883350775,0.6915520161502117,52,4,0,SMB,0
MCH-11119,11935.233048470016,1.139265452927909,36,5,1,SMB,0
MCH-11120,114797.90492400168,0.4572261305323916,2,0,2,SMB,0
MCH-11121,160783.81763766395,0.5250106425663914,58,1,1,SMB,0
MCH-11122,104071.33922374812,0.40431021244620263,36,0,1,Mid-Market,0
MCH-11123,87909.37348668062,1.4994067491656407,8,1,3,SMB,0
MCH-11124,58245.625059931,1.2825010668622256,45,1,0,Mid-Market,0
MCH-11125,45020.73907849494,1.265395316206895,42,1,0,SMB,0
MCH-11126,9550.244837617542,0.9606986828169978,50,0,0,SMB,0
MCH-11127,31250.724995513243,0.730073791195984,9,3,0,SMB,1
MCH-11128,28315.603931530808,0.5663907129089436,1,2,0,Mid-Market,0
MCH-11129,20038.621173814223,0.71314221273111,13,0,1,Mid-Market,0
MCH-11130,69262.77899985341,0.8135683441220531,50,1,1,SMB,0
MCH-11131,39246.62419588268,1.2319411066783235,15,2,2,SMB,0
MCH-11132,9225.972361777927,0.9936279677934677,32,7,0,Mid-Market,0
MCH-11133,17434.813059020824,0.485231989211031,34,5,0,Mid-Market,0
MCH-11134,62483.50637986245,0.4198319098548035,43,3,1,Mid-Market,1
MCH-11135,8959.242009745616,0.5125653974874695,31,0,0,SMB,0
MCH-11136,100259.93115221024,0.8515485850671174,14,1,0,SMB,0
MCH-11137,39174.35221560392,1.4265122087539202,54,2,0,Mid-Market,0
MCH-11138,37752.75687177955,1.101142729330144,47,1,1,SMB,0
MCH-11139,49874.40382940374,1.2820084898630668,14,1,0,SMB,0
MCH-11140,92057.39564722384,0.9130120539550035,48,1,0,SMB,0
MCH-11141,26370.90669726076,0.797832691514547,55,5,1,SMB,0
MCH-11142,61662.69489614255,0.519240409988285,29,2,1,Enterprise,0
MCH-11143,46704.66705174868,1.3635263244048255,47,1,2,Enterprise,0
MCH-11144,20532.407280053536,1.2614760319306932,19,3,0,SMB,0
MCH-11145,110445.57177201792,0.5849299073574976,27,5,0,SMB,0
MCH-11146,84832.50668763663,0.9634866202638867,9,1,1,Mid-Market,0
MCH-11147,58713.3284692438,0.9361122887133694,37,3,0,SMB,0
MCH-11148,100050.28592708033,1.0876007079551817,37,1,0,SMB,0
MCH-11149,105981.0319110265,1.4408055833903872,43,3,0,SMB,0
MCH-11150,66612.26604546554,1.0377485859387277,28,5,0,SMB,0
MCH-11151,95704.34253104663,0.9942389934564805,52,2,2,SMB,0
MCH-11152,64778.98321859919,0.45535522622813035,57,1,1,SMB,0
MCH-11153,61993.714586443246,0.4691982236198263,24,0,1,SMB,0
MCH-11154,53196.82095110941,0.6060814704594678,28,1,0,Mid-Market,0
MCH-11155,74861.0195813032,0.43571784886092313,36,3,1,Enterprise,0
MCH-11156,13634.70877306395,1.2176881851270136,52,4,0,Mid-Market,0
MCH-11157,111377.31590260766,1.1956633343933596,18,1,0,SMB,0
MCH-11158,107725.16610714677,0.5496618578748073,25,5,0,SMB,0
MCH-11159,6484.175577151101,1.3196867908748091,35,2,0,Mid-Market,0
MCH-11160,92382.36881376569,0.5702646383307233,4,3,0,Enterprise,0
MCH-11161,11898.195370187783,0.7312931456970948,14,1,0,SMB,0
MCH-11162,25407.34912546543,0.6738745890775015,39,3,0,SMB,0
MCH-11163,73032.94015803708,0.8095378084303526,26,1,1,SMB,0
MCH-11164,13762.92173647816,0.6801301424789581,8,5,0,SMB,0
MCH-11165,90178.37110792861,0.9378460190822974,24,4,0,SMB,1
MCH-11166,94229.51485061119,0.848148669490154,16,2,0,Enterprise,0
MCH-11167,40409.76526547985,1.4852264398572594,20,3,0,SMB,0
MCH-11168,5320.3174308707585,0.4615189851410483,15,1,1,SMB,0
MCH-11169,21916.367135592754,0.5563995140260868,7,2,2,Enterprise,0
MCH-11170,52976.474718186924,0.45810848329946274,58,1,1,SMB,0
MCH-11171,203658.1733987204,1.0884253144806135,17,5,0,Mid-Market,0
MCH-11172,54958.28745445317,0.45996020515509156,22,1,1,SMB,0
MCH-11173,20041.984850505854,1.3200837111137358,22,2,0,Enterprise,0
MCH-11174,55256.87639707752,0.9631324937501207,54,0,0,SMB,0
MCH-11175,43824.85033888357,0.9797083870396872,12,1,1,Enterprise,0
MCH-11176,80671.26150647328,1.0177539584834137,18,0,1,SMB,0
MCH-11177,10657.350864791453,0.5878950769368319,56,3,1,SMB,1
MCH-11178,76570.42403682414,0.6174593334259364,46,0,0,SMB,0
MCH-11179,43964.30095349447,0.7506990551603052,47,4,0,SMB,0
MCH-11180,169831.0638883833,1.0528460574040366,15,1,0,SMB,0
MCH-11181,25917.804499455557,0.631129553534236,37,2,0,Enterprise,0
MCH-11182,55068.184867251155,0.5279648998465873,16,2,1,SMB,0
MCH-11183,139433.04877842756,1.4671285750602756,5,2,1,Mid-Market,0
MCH-11184,10407.64988326373,0.4241799962905852,2,1,0,SMB,0
MCH-11185,143412.69634193843,1.282967145869624,52,2,0,Mid-Market,0
MCH-11186,63219.29417789845,1.2668386645325245,28,0,0,SMB,0
MCH-11187,8512.382514555415,0.7269355252296057,57,5,2,Enterprise,0
MCH-11188,22902.62082141199,0.5491892776080448,41,4,1,SMB,0
MCH-11189,66579.54975606562,0.5601915113759658,54,4,1,SMB,1
MCH-11190,8486.296369738066,1.167174778960912,27,1,1,SMB,0
MCH-11191,48634.08645474819,1.107087250194791,31,1,0,Mid-Market,0
MCH-11192,26223.45657556806,1.2610202416765255,41,3,0,Mid-Market,0
MCH-11193,53499.80952374174,1.431229289639015,36,1,2,Mid-Market,0
MCH-11194,7341.061963897742,1.1611200995932514,47,3,2,SMB,0
MCH-11195,107605.64224384564,0.5714366902065878,43,0,1,SMB,0
MCH-11196,186509.71875721705,0.6677868784419518,1,1,0,Enterprise,0
MCH-11197,178491.78322458753,1.326413103960426,50,3,0,SMB,0
MCH-11198,74245.13284806149,0.6302366834176295,29,2,0,SMB,0
MCH-11199,11968.059941690288,0.4797745486499296,1,3,1,Mid-Market,0
MCH-11200,75995.286558018,1.1736080594464755,8,2,0,SMB,0
MCH-11201,6244.7111141255655,0.8427789910391563,57,1,0,Mid-Market,0
MCH-11202,6118.5973867236935,1.412044057800494,16,2,0,SMB,0
MCH-11203,24549.28851086151,1.1152805782030277,58,1,0,Enterprise,0
MCH-11204,38534.38374608401,0.49946087557082686,28,1,0,Mid-Market,0
MCH-11205,78572.44612919283,1.442642223979027,22,3,0,Mid-Market,0
MCH-11206,62489.286344540946,0.6844129900042706,18,6,2,SMB,0
MCH-11207,34520.74936978542,0.7709337394469145,22,1,2,SMB,0
MCH-11208,20984.55812792035,0.8424864550518962,41,2,1,Mid-Market,1
MCH-11209,297576.43808284897,0.4563467260447446,12,5,0,SMB,0
MCH-11210,32772.0895055017,0.9461669644536654,19,2,0,Mid-Market,0
MCH-11211,35018.102421227144,0.5356503401828215,25,0,1,SMB,0
MCH-11212,13933.839622727784,0.8410673593571869,50,4,1,SMB,0
MCH-11213,84190.83503186541,0.7857807667912928,59,1,0,SMB,0
MCH-11214,64156.61190182869,1.2501240917691536,5,1,1,SMB,0
MCH-11215,17472.4264726588,1.2834875627960043,59,0,1,Mid-Market,0
MCH-11216,9298.652845118935,0.5687541706279968,34,1,1,Mid-Market,0
MCH-11217,62049.79103686202,0.8032063061171488,39,3,2,SMB,0
MCH-11218,58139.75472115715,0.8106884771350149,59,3,1,Mid-Market,0
MCH-11219,20959.292433686984,0.5665514883296936,10,2,1,Mid-Market,0
MCH-11220,155657.72031925546,1.2782988555563097,47,0,2,Mid-Market,0
MCH-11221,13188.214159732543,1.1779511611689657,57,2,0,SMB,0
MCH-11222,33311.17362517059,0.6094199649267382,7,1,0,SMB,0
MCH-11223,148778.42163998273,0.803394099453179,37,3,0,Mid-Market,0
MCH-11224,32212.857134677502,0.5163855273421657,47,0,0,SMB,0
MCH-11225,55878.250886505135,1.0910272568023485,52,1,0,Mid-Market,0
MCH-11226,30341.21515045698,0.5335091170034817,52,3,0,Mid-Market,0
MCH-11227,21025.086503344064,1.4845275854874096,15,4,0,Mid-Market,0
MCH-11228,211688.5264565887,1.2587502821566487,42,0,2,Enterprise,0
MCH-11229,31325.228792271162,0.8292624045423946,24,2,0,Mid-Market,0
MCH-11230,117262.62534240661,1.03642032550729,26,1,0,SMB,0
MCH-11231,18065.290624194524,1.4024759978380499,26,1,0,SMB,0
MCH-11232,16983.004068942893,1.009509208435409,46,2,1,SMB,0
MCH-11233,6581.45245477775,0.5919483350377508,26,1,0,SMB,0
MCH-11234,57729.79294379948,0.8165736911392754,58,4,0,SMB,0
MCH-11235,27984.952708610068,1.32745935153272,10,3,1,SMB,0
MCH-11236,104886.90294133968,1.1086343175885798,17,3,0,SMB,0
MCH-11237,37047.65573514068,1.1157968227671804,53,3,0,SMB,0
MCH-11238,177404.11706004004,1.353503634257338,14,4,1,Mid-Market,0
MCH-11239,15260.60891304192,1.3833703632087553,2,1,1,Mid-Market,0
MCH-11240,106484.27523649552,1.41177182895738,48,3,1,Enterprise,0
MCH-11241,79938.86523371488,0.5043341125784717,13,3,2,SMB,0
MCH-11242,78684.60219450181,0.998538602159411,27,3,0,SMB,0
MCH-11243,98146.63054072944,1.2145604733401505,9,4,1,SMB,0
MCH-11244,76569.60563018636,1.2326195296397153,7,1,1,SMB,0
MCH-11245,54204.43752117819,1.0673878221670043,48,1,1,SMB,0
MCH-11246,12034.699296379124,0.5834660687020417,10,0,1,SMB,0
MCH-11247,6653.345667499286,1.2771626093358308,56,6,1,SMB,0
MCH-11248,131819.16509071318,1.1921224668664405,54,0,0,Mid-Market,0
MCH-11249,52940.38447153901,0.49474934870393994,9,1,0,Mid-Market,0
MCH-11250,84613.62694658198,0.910190807141814,22,3,1,SMB,0
MCH-11251,37842.91801348973,0.591375139473984,23,1,1,SMB,0
MCH-11252,11238.958208700402,0.7712247502842691,7,2,1,SMB,0
MCH-11253,11687.18745581692,0.419889201426254,48,1,0,SMB,0
MCH-11254,62848.94074723557,0.8403628552518341,9,1,1,Enterprise,0
MCH-11255,33132.78599620951,1.0048646132718315,27,2,0,Mid-Market,0
MCH-11256,16189.983744581807,1.0815408521097956,24,2,0,SMB,0
MCH-11257,38823.800670466546,1.1298393796415813,29,2,0,SMB,0
MCH-11258,8318.152539672983,1.319920444412706,17,2,0,SMB,0
MCH-11259,48610.27161624753,0.637009198003303,20,2,0,SMB,0
MCH-11260,20666.63983062287,0.5325300046823147,7,2,1,Enterprise,0
MCH-11261,84865.36450159809,1.3366908890877183,43,4,0,Mid-Market,0
MCH-11262,23579.41985900969,0.572274096381915,40,1,1,SMB,0
MCH-11263,35368.675459765625,1.4722360894698148,7,1,0,SMB,0
MCH-11264,5584.429302546545,1.3267920523385008,28,2,1,Mid-Market,0
MCH-11265,8760.261115334893,0.9509642664785591,19,2,0,SMB,0
MCH-11266,29919.62485428586,1.4795635674142278,20,3,0,Mid-Market,0
MCH-11267,37690.44243900063,0.5071144020188046,44,2,0,SMB,0
MCH-11268,50817.105174595665,0.7333723372926119,39,1,0,SMB,0
MCH-11269,22241.735753722907,1.1020468565446726,40,3,1,Mid-Market,0
MCH-11270,64369.20571945929,0.7850075553204967,7,5,1,SMB,0
MCH-11271,103349.37522015511,1.421209807178871,6,2,1,SMB,0
MCH-11272,80672.53193487854,0.47218869699559934,25,3,1,SMB,0
MCH-11273,7021.250819885157,1.004353015267061,41,1,3,SMB,0
MCH-11274,37745.092075105415,1.0499528941346261,59,4,1,Mid-Market,0
MCH-11275,10542.677540477307,1.1180009361549466,13,3,1,SMB,0
MCH-11276,18856.56413923591,0.6812328456649959,39,2,0,Mid-Market,0
MCH-11277,220859.13276147167,0.8010230702718509,40,3,0,SMB,0
MCH-11278,12686.445108652932,1.3280485826314754,22,2,0,SMB,0
MCH-11279,39546.29781045037,0.6144370458671758,49,1,2,Mid-Market,0
MCH-11280,53137.121748064324,1.3095546318906983,17,1,1,Mid-Market,0
MCH-11281,65611.16574288691,1.0189209651930167,48,3,0,SMB,0
MCH-11282,46009.12120190553,1.2384062623134904,22,4,0,SMB,0
MCH-11283,5490.944769228161,1.184968102889819,34,5,2,SMB,0
MCH-11284,24760.491799893007,0.6282626449233669,8,3,1,Mid-Market,0
MCH-11285,41460.654678634164,1.0256940100772602,49,2,0,SMB,0
MCH-11286,9598.445855202535,1.3544954680856018,45,0,0,SMB,0
MCH-11287,26587.39455418413,0.8753278604821224,18,3,0,SMB,0
MCH-11288,6688.342285276202,1.4632498472456485,24,3,1,SMB,0
MCH-11289,9091.884480404362,0.8974366101118899,54,3,0,Mid-Market,0
MCH-11290,30285.542676779743,0.5570642003346732,42,1,0,SMB,0
MCH-11291,12119.425296233068,0.8283781480854406,2,2,0,SMB,0
MCH-11292,46913.370195906034,1.4468726470295912,2,3,0,SMB,0
MCH-11293,63472.9281579217,0.7516929342738397,27,1,0,SMB,0
MCH-11294,85618.78595553797,1.3549079758537692,14,4,0,SMB,0
MCH-11295,16166.56871289236,1.369375749850079,48,2,1,SMB,0
MCH-11296,14165.056756753847,0.7852051767651572,39,2,0,SMB,0
MCH-11297,10522.440864253784,0.49158342385569537,53,2,1,Mid-Market,0
MCH-11298,55589.205735206524,1.1970137000747,53,1,0,Mid-Market,0
MCH-11299,66289.74697557997,0.7426635289153847,56,2,0,SMB,0
MCH-11300,6604.787336801605,1.2612159756833297,12,1,0,SMB,0
MCH-11301,142609.70272244545,0.8869203330864766,32,5,0,SMB,0
MCH-11302,7668.524283950402,0.9337934165768838,28,3,0,SMB,0
MCH-11303,43967.5444047811,1.2557003474233905,55,1,2,Mid-Market,0
MCH-11304,66732.00020306195,0.8205996641677907,28,2,0,Enterprise,0
MCH-11305,107385.17762273805,0.887440079855206,46,3,0,Mid-Market,0
MCH-11306,67603.37364360131,0.8138095156465844,25,3,0,SMB,0
MCH-11307,85905.79362983629,0.804074566805008,4,5,0,Mid-Market,0
MCH-11308,25734.13745732168,0.9785412345916055,26,1,0,SMB,0
MCH-11309,89322.72846739617,1.2896793889512659,36,0,0,Mid-Market,0
MCH-11310,9175.322487908132,0.7979451431148226,50,0,0,SMB,0
MCH-11311,117602.5159392608,0.9766801925915104,3,4,0,SMB,0
MCH-11312,44658.58414394647,1.137800057986861,1,0,0,SMB,0
MCH-11313,89994.88048327593,0.6963833909340206,17,1,0,SMB,0
MCH-11314,35103.04859675232,0.7052750853926318,7,1,0,Mid-Market,0
MCH-11315,56581.950086004435,1.4267544397258005,48,2,0,Mid-Market,0
MCH-11316,42369.89069793848,1.1958880306641975,5,1,0,Mid-Market,0
MCH-11317,70761.89174934603,1.0349053438456397,19,3,0,Enterprise,0
MCH-11318,9257.744994447808,1.1124920598626733,39,4,0,SMB,0
MCH-11319,8112.5015659507535,0.4322293874137602,46,2,0,SMB,0
MCH-11320,19191.35787699582,1.0799132621178666,34,3,0,SMB,0
MCH-11321,13690.574325757503,0.9604597605466222,35,2,1,Mid-Market,0
MCH-11322,107701.7778501199,1.0003246477573793,49,2,0,SMB,0
MCH-11323,17372.707909027697,0.7953662095138989,16,2,0,SMB,0
MCH-11324,191205.14047170465,0.4896212874842361,40,2,0,SMB,0
MCH-11325,25541.156216571464,0.6126731569732574,50,4,0,Enterprise,0
MCH-11326,15051.855198942643,1.445819184533939,47,1,2,Mid-Market,0
MCH-11327,82960.65487971737,0.8495695184980274,39,1,1,SMB,0
MCH-11328,58750.81026707593,0.9133514714139507,27,1,0,Mid-Market,0
MCH-11329,39477.25543617169,0.4579807688387829,41,5,1,SMB,0
MCH-11330,45524.91495578103,0.44132285249837866,38,4,0,SMB,0
MCH-11331,68505.94698644831,1.1888995917514336,50,1,1,Mid-Market,0
MCH-11332,17967.99728433534,0.9919041305332225,50,2,2,SMB,0
MCH-11333,285431.56160238525,0.9595765826378934,25,4,0,SMB,0
MCH-11334,189031.99889450474,0.6674369834649356,26,0,0,Mid-Market,0
MCH-11335,57537.65450662784,1.2192258047929145,56,3,2,Mid-Market,1
MCH-11336,16128.588923444668,0.5850602370193411,14,3,1,Enterprise,0
MCH-11337,62007.389763768435,0.608928218027122,14,3,0,SMB,1
MCH-11338,8746.868591714665,0.906783388483103,14,4,0,SMB,0
MCH-11339,6556.605826180974,0.714907848323135,25,2,0,SMB,0
MCH-11340,19898.93765694483,0.672209279356461,36,2,1,Mid-Market,0
MCH-11341,36052.765093671944,1.109761409008665,4,1,1,SMB,1
MCH-11342,106350.99625954202,1.116068919740399,47,3,0,SMB,0
MCH-11343,69945.14894089445,1.3069687767799223,15,3,1,SMB,0
MCH-11344,72876.8952374661,0.8594794236702735,32,2,1,Mid-Market,0
MCH-11345,32712.178970370693,0.4803936001287653,18,2,0,SMB,0
MCH-11346,26227.42663447413,0.7010330234136035,14,2,0,SMB,0
MCH-11347,28184.282527364852,1.4780060095164989,58,5,1,SMB,0
MCH-11348,224703.1945758252,1.0558844327559722,1,3,1,SMB,0
MCH-11349,7046.787102196434,1.1807107932811225,42,2,0,SMB,0
MCH-11350,105882.14958778695,0.408093612587956,20,3,1,SMB,0
MCH-11351,48217.587067633125,0.9700263054007731,10,4,0,Mid-Market,0
MCH-11352,33867.45405173297,0.4412815232849835,10,3,0,SMB,0
MCH-11353,69596.07837444352,1.026153233300593,59,1,0,SMB,0
MCH-11354,38341.7151799607,1.4128479345996832,24,0,0,SMB,1
MCH-11355,108345.31706338834,1.465261043550449,34,7,0,Enterprise,0
MCH-11356,120481.42398101873,0.9946079429278166,28,2,0,SMB,0
MCH-11357,32384.935067701237,0.9040252857774376,27,4,1,Mid-Market,0
MCH-11358,21205.395354257096,1.4395188036733435,40,0,1,Mid-Market,0
MCH-11359,49867.356097045464,1.1409708151963647,1,1,1,SMB,0
MCH-11360,126727.79697617995,0.47138920749225044,33,2,0,SMB,0
MCH-11361,16828.04494750123,0.9122981354342474,4,1,0,Mid-Market,0
MCH-11362,53771.07288497878,0.6642695203107343,7,0,0,Mid-Market,0
MCH-11363,54923.900011277176,0.9167847535935498,9,1,0,Mid-Market,0
MCH-11364,71046.50075634278,0.9010121292069979,16,1,2,Mid-Market,0
MCH-11365,12053.281485133022,1.0403592830962163,5,0,0,SMB,0
MCH-11366,67908.2454563555,0.7924475393841763,34,2,0,Mid-Market,0
MCH-11367,124862.66031446225,0.5806974944015209,23,3,1,SMB,0
MCH-11368,14903.228039007228,0.9540913780489519,43,2,1,SMB,0
MCH-11369,18560.479584358098,1.3132231727803383,50,8,2,Mid-Market,0
MCH-11370,182708.85194307557,1.1304134508743626,25,1,0,SMB,0
MCH-11371,14982.152737757895,0.7722046525177375,57,1,0,SMB,0
MCH-11372,101339.4883878329,1.4290753250347432,51,5,2,SMB,0
MCH-11373,38891.047127677455,1.4034283283741007,13,2,0,SMB,0
MCH-11374,19199.848499718522,0.6302832393225086,24,1,1,Mid-Market,0
MCH-11375,107300.30008724245,0.4433593436323993,11,2,3,SMB,0
MCH-11376,34466.86627799779,1.2154395791858386,52,2,0,Mid-Market,1
MCH-11377,41161.493455055905,1.3103712874840687,51,3,0,SMB,0
MCH-11378,27254.49795889039,1.4646510225464908,17,3,1,SMB,0
MCH-11379,49941.06713425393,1.3788200334971419,37,1,0,SMB,0
MCH-11380,13927.864880881569,1.0605882450270565,13,1,0,SMB,0
MCH-11381,29803.545318173678,0.983057573133619,27,4,0,SMB,0
MCH-11382,179357.90209105719,0.43062515638884497,20,3,1,Mid-Market,0
MCH-11383,19929.29402120031,0.6713220915292557,33,2,1,SMB,0
MCH-11384,58462.86922585514,0.9055762269062191,42,3,1,SMB,0
MCH-11385,24666.210219446355,1.0913542900919246,32,3,1,SMB,0
MCH-11386,79244.58453535826,1.0129770166502516,8,1,0,SMB,0
MCH-11387,12013.338980506836,1.2168995886498597,56,3,0,SMB,0
MCH-11388,180030.52272121998,0.707743623975745,29,0,0,Mid-Market,0
MCH-11389,35237.546108236886,1.0214478684177206,40,1,1,SMB,0
MCH-11390,18462.677174886012,0.49695646772987134,19,3,0,SMB,0
MCH-11391,8816.886127796854,0.8550320759415277,6,0,1,SMB,0
MCH-11392,14301.897005229697,1.2251769162500612,44,2,0,SMB,0
MCH-11393,41674.91727147908,1.1627409387719485,39,3,0,SMB,0
MCH-11394,25549.25399025833,1.489707010889397,48,4,1,Mid-Market,0
MCH-11395,93270.49420610788,0.7056802385865317,41,1,1,Mid-Market,0
MCH-11396,33183.85953427962,0.9480082290913772,21,3,0,SMB,0
MCH-11397,19298.46184879255,0.7624834551513964,57,0,0,Mid-Market,0
MCH-11398,53004.94582867339,0.8846634254650922,22,1,1,SMB,0
MCH-11399,66341.13034796724,1.342645142856327,42,1,1,Mid-Market,0
MCH-11400,14138.597384292341,1.1526299827073354,10,3,0,Enterprise,0
MCH-11401,14173.263506538035,1.37068531048234,10,2,2,SMB,1
MCH-11402,6868.036400474137,0.6238622191650751,52,0,1,SMB,0
MCH-11403,71666.50603949171,1.360697229625582,29,2,0,SMB,0
MCH-11404,59503.12625735495,0.4657385015962229,16,2,0,SMB,0
MCH-11405,37182.70848176464,1.3774592084808677,1,4,0,SMB,0
MCH-11406,97949.62453380751,0.7619811574068007,17,3,0,Mid-Market,0
MCH-11407,86909.91605846757,0.7460463967554731,30,5,1,SMB,0
MCH-11408,49016.55068179608,0.9632974343685304,26,2,0,SMB,0
MCH-11409,106350.53132645013,1.434759206495555,53,4,0,Mid-Market,0
MCH-11410,16523.592518528676,0.4525595011495459,46,3,2,Mid-Market,0
MCH-11411,10934.651069514228,0.7874540725778199,19,5,0,SMB,0
MCH-11412,20718.390286405396,1.3422291875516694,53,0,0,Mid-Market,0
MCH-11413,7939.055336498135,0.8356599251790134,21,1,1,Enterprise,0
MCH-11414,42875.70214169719,0.6190725873567737,17,2,1,SMB,0
MCH-11415,142919.06027009833,0.8672735994645531,46,2,0,SMB,0
MCH-11416,7006.920820469111,0.8241077516408363,40,1,1,Mid-Market,0
MCH-11417,11511.693999155837,1.406957821613374,21,3,0,Mid-Market,0
MCH-11418,35092.16241509655,1.2381278133174067,53,6,1,SMB,0
MCH-11419,140810.43269379972,0.955627111318407,41,5,0,SMB,0
MCH-11420,24001.28055283935,1.4872076233937284,40,0,3,Mid-Market,0
MCH-11421,40386.12518856726,0.9118052844035157,45,2,1,Enterprise,0
MCH-11422,7123.086650052584,0.46406161390230277,49,0,0,Mid-Market,0
MCH-11423,13028.582566820947,0.6885017539964835,19,3,1,Enterprise,0
MCH-11424,220737.55422666893,0.8796775282412439,7,1,1,Mid-Market,0
MCH-11425,172790.21539099546,0.5725928865607322,17,4,0,Enterprise,0
MCH-11426,5247.611148691381,1.4423216389564475,1,2,1,Mid-Market,0
MCH-11427,156632.03993394077,1.2435337875995505,37,3,0,Enterprise,0
MCH-11428,55960.48067842505,0.6951159204705499,57,0,0,SMB,0
MCH-11429,106216.72834882553,1.0498849868697075,6,2,1,Mid-Market,0
MCH-11430,35324.613454600476,1.1935940728205292,26,2,0,SMB,0
MCH-11431,41241.803434888556,1.435406821797478,2,1,1,SMB,0
MCH-11432,38554.274975443,1.3697988840929518,59,4,2,SMB,0
MCH-11433,59960.26185327917,0.9667114487520352,32,1,0,SMB,0
MCH-11434,12520.872710472859,1.2521178817723193,57,1,1,SMB,0
MCH-11435,6521.599045998563,1.0183592292103436,48,1,0,Enterprise,0
MCH-11436,23403.404400689044,1.007974279050094,54,3,0,Mid-Market,0
MCH-11437,65984.91737704197,0.5262161541720112,5,2,0,Enterprise,0
MCH-11438,16273.152721830518,0.5387514238177673,37,0,0,Enterprise,0
MCH-11439,60955.92046659895,0.9824869765247033,31,6,0,SMB,0
MCH-11440,180181.51951146047,0.6957476994769073,12,2,0,SMB,0
MCH-11441,9930.319686089348,0.4231405927065155,35,1,0,SMB,0
MCH-11442,60828.95419522681,1.1951231242902336,30,1,1,SMB,0
MCH-11443,34326.891987858675,0.4357352563591815,48,4,1,Mid-Market,1
MCH-11444,106301.58110967583,1.0548045252144602,6,4,1,SMB,0
MCH-11445,14749.05495293219,0.9931131735400459,15,2,1,SMB,0
MCH-11446,63984.49381901769,1.465696159635585,15,5,1,SMB,0
MCH-11447,96043.54307988228,0.9326344532824059,16,1,1,SMB,0
MCH-11448,149671.61936901364,0.46996158001557714,20,0,0,SMB,0
MCH-11449,62481.81174923111,1.0068567645871078,13,4,0,Mid-Market,0
MCH-11450,39375.63063057698,1.3252057876777117,44,7,1,SMB,0
MCH-11451,53096.74277754707,1.4965342127095842,42,3,0,SMB,0
MCH-11452,106591.64546839557,0.8733774910579798,46,2,1,SMB,0
MCH-11453,47269.45460345029,0.7523286167464168,31,1,1,Mid-Market,0
MCH-11454,6542.91588669526,1.3973186266471989,34,2,0,SMB,0
MCH-11455,138645.27536495865,0.6103663419837335,29,1,0,SMB,0
MCH-11456,63482.87680055752,1.0769718065362195,3,1,2,SMB,0
MCH-11457,61429.877193974455,0.8462858665990425,9,3,0,Enterprise,0
MCH-11458,17146.599900901198,0.44519060145111083,11,3,0,Enterprise,0
MCH-11459,58776.849683404434,0.7820173217362676,11,6,1,SMB,1
MCH-11460,30032.57824479294,0.691751374752942,25,3,0,Mid-Market,0
MCH-11461,57667.55678436183,1.1547002693378356,22,1,0,SMB,0
MCH-11462,10635.653439134803,1.44366954746111,42,4,0,SMB,0
MCH-11463,58624.615923292826,0.6948519061165015,58,3,0,SMB,0
MCH-11464,377086.1454852203,1.2926125330668499,46,2,0,SMB,0
MCH-11465,7470.6499447150345,0.4608957986322505,9,7,2,Mid-Market,1
MCH-11466,193993.15562811142,0.9919331110437946,20,1,0,Enterprise,0
MCH-11467,31120.284122729863,0.47760507008088404,59,0,0,SMB,0
MCH-11468,107301.67305078765,1.4274362902437034,21,1,0,SMB,0
MCH-11469,81251.50284671462,1.2429864086131293,10,2,1,SMB,0
MCH-11470,46852.75529632762,1.1237449023250516,22,5,1,SMB,0
MCH-11471,72056.33929263293,1.3062860197871307,29,1,1,Enterprise,0
MCH-11472,110398.45504791698,1.1122717751271796,9,2,0,Mid-Market,0
MCH-11473,30887.503932435135,1.4658388368917206,5,1,2,Mid-Market,0
MCH-11474,24802.961239550325,1.1853537426512486,40,2,1,SMB,0
MCH-11475,60069.815858615344,1.4171244705404717,11,1,1,Mid-Market,0
MCH-11476,87472.89214855367,0.9688450812117019,1,0,0,SMB,0
MCH-11477,76834.1684410256,0.5287708542800489,53,1,0,Enterprise,0
MCH-11478,84928.27382238877,0.9809954935653189,42,4,0,SMB,0
MCH-11479,33598.12483709432,0.5395601108694027,1,0,0,SMB,0
MCH-11480,90141.90531929316,1.0517428270940457,58,2,1,SMB,0
MCH-11481,11403.548132678574,0.9307423665804293,54,3,0,SMB,0
MCH-11482,44316.781417214144,1.08483293761606,39,1,0,Mid-Market,0
MCH-11483,5288.765275812692,0.41105167916031476,46,2,0,Mid-Market,0
MCH-11484,24621.459547159393,0.6143245408209006,5,3,0,Mid-Market,0
MCH-11485,27821.728131459306,0.940463475103344,49,4,0,SMB,0
MCH-11486,30223.35175943337,1.4455539177480485,22,3,0,SMB,0
MCH-11487,64448.82510155721,0.8219699443906743,26,5,1,Mid-Market,0
MCH-11488,29596.767135570324,0.8668092286589981,53,1,0,Mid-Market,0
MCH-11489,34773.22927819642,1.1861656979072843,6,2,0,SMB,0
MCH-11490,18560.532436598896,1.06417203301473,32,2,0,Mid-Market,0
MCH-11491,28360.52002753381,0.7288187651081666,48,2,0,Enterprise,0
MCH-11492,17891.25487665244,0.8518980351241706,11,3,0,Mid-Market,0
MCH-11493,8800.654412769361,0.6394697787429557,10,2,0,SMB,0
MCH-11494,51247.47976592281,1.4626236050432295,47,2,0,Mid-Market,0
MCH-11495,60163.07375355345,0.5436978197130957,39,5,0,SMB,0
MCH-11496,53312.18650742091,0.8090204630230615,55,2,1,Mid-Market,0
MCH-11497,36133.88075084737,0.42842286944201236,34,2,2,SMB,0
MCH-11498,28884.517238994995,0.6439574411269011,31,3,0,Enterprise,1
MCH-11499,104510.63609473775,1.2585182522181704,12,1,1,Mid-Market,0
MCH-11500,41602.90274007968,0.6212927555177674,51,3,0,SMB,0
MCH-11501,37617.71957576247,0.4880697427818622,44,1,0,Mid-Market,0
MCH-11502,6298.8276971007235,0.9218984978289757,16,2,1,SMB,0
MCH-11503,25870.39407053988,0.4109661582079704,38,2,1,SMB,0
MCH-11504,28917.56824494026,0.49324276986896654,3,2,3,SMB,1
MCH-11505,30443.27570989996,1.2883884565192727,2,2,2,SMB,0
MCH-11506,48395.552743263535,1.2486206793455672,52,5,0,Enterprise,0
MCH-11507,43135.855217643446,1.4066527024453856,5,3,1,SMB,0
MCH-11508,51812.56791374099,1.3399669795018245,11,0,1,Mid-Market,0
MCH-11509,77383.65643934406,1.1514931195638,58,1,0,SMB,0
MCH-11510,88828.52007425824,0.4575661430307292,25,1,0,Mid-Market,0
MCH-11511,68314.23719156955,1.2611334797853233,35,0,0,SMB,1
MCH-11512,160639.93625021027,1.3300618919246165,35,2,0,SMB,0
MCH-11513,5920.042229135001,1.27899036034915,22,4,1,Enterprise,0
MCH-11514,15893.995535625647,0.9593269388388288,37,3,2,SMB,0
MCH-11515,5379.580926570785,0.6561920225144299,22,0,0,Mid-Market,0
MCH-11516,57131.64632038758,1.3298629732575995,55,1,0,SMB,0
MCH-11517,119154.10050332385,1.1998790907141523,11,3,0,SMB,0
MCH-11518,18951.467213888674,1.478837291827737,32,3,0,Mid-Market,0
MCH-11519,135888.45831118594,0.5712618575315263,35,2,0,Mid-Market,0
MCH-11520,8107.9950969360325,0.6482310413572606,31,1,1,SMB,0
MCH-11521,141236.44615000588,0.632977964869653,45,1,0,Enterprise,0
MCH-11522,26664.12396532692,1.2717937443834706,53,0,3,SMB,0
MCH-11523,10347.023069596842,0.60559802609513,8,3,0,SMB,0
MCH-11524,38264.12744497058,0.47332581280563674,20,2,2,SMB,1
MCH-11525,19837.928153908593,1.4984168872441916,42,2,0,Mid-Market,0
MCH-11526,21764.749629583097,0.42729893258966406,34,3,0,SMB,0
MCH-11527,23357.18935806393,1.3187684661747523,4,1,0,SMB,0
MCH-11528,86234.15099827117,0.8019035257057181,18,1,0,Enterprise,0
MCH-11529,43735.356906913024,1.325777005733597,51,3,1,SMB,0
MCH-11530,23648.034787672626,1.0100825403322595,4,3,0,SMB,0
MCH-11531,52123.238047725616,1.3917943524349963,20,3,0,SMB,0
MCH-11532,67965.58623240507,1.4188122850560894,58,1,1,SMB,0
MCH-11533,20915.587110402303,0.41000799940885363,9,0,0,SMB,0
MCH-11534,31683.316697955106,0.4829533935920671,16,3,1,SMB,0
MCH-11535,11498.947976070027,0.6753946025279411,26,2,0,SMB,0
MCH-11536,14992.678386106936,1.1362469579998518,38,2,0,SMB,0
MCH-11537,62146.68463130851,1.3770994161626566,25,3,1,Mid-Market,0
MCH-11538,15010.328074182362,0.9059361464233591,4,2,0,Enterprise,0
MCH-11539,42239.224986605004,1.067670427901692,41,6,0,Mid-Market,0
MCH-11540,66729.54997198428,0.6073498380751173,59,1,1,SMB,0
MCH-11541,10651.544176023523,1.285463517269854,45,3,1,SMB,0
MCH-11542,46886.94362840734,1.4640609224888168,41,3,0,Mid-Market,0
MCH-11543,19823.54800462421,0.6954588262060573,38,1,2,Mid-Market,0
MCH-11544,169743.1485903963,0.944308546760601,53,1,1,SMB,0
MCH-11545,38038.418566340355,0.4947277215570112,19,1,1,SMB,0
MCH-11546,86992.93587176796,1.0150503221092653,14,1,1,Mid-Market,0
MCH-11547,44950.562499680556,0.9530617860313487,21,3,1,SMB,0
MCH-11548,7219.152463993307,0.5588801325705854,15,2,0,SMB,0
MCH-11549,55140.299178717614,0.8862728344298826,3,2,1,SMB,0
MCH-11550,156210.02600623664,0.7675151172952197,37,0,0,Mid-Market,0
MCH-11551,51016.42113769123,0.9740139628357084,53,1,0,Mid-Market,0
MCH-11552,90515.11073538645,1.0442197689716792,50,5,0,Mid-Market,0
MCH-11553,112797.32650770167,0.40934513646793047,46,0,0,Mid-Market,0
MCH-11554,17943.70329182501,1.237106581244511,16,2,0,SMB,0
MCH-11555,16915.70470900779,1.184315721047915,14,5,0,Mid-Market,0
MCH-11556,52206.35323547652,0.8029150248271745,9,1,0,SMB,0
MCH-11557,31468.87161667886,0.45822952912570014,47,1,0,SMB,0
MCH-11558,96585.7491084462,1.2304257937635557,7,2,0,Mid-Market,0
MCH-11559,120140.81768564279,1.4506926765259456,14,1,1,SMB,0
MCH-11560,26803.023921175736,0.6641667556242157,6,0,1,SMB,0
MCH-11561,18516.380730422155,0.7558770751107418,21,3,0,Enterprise,0
MCH-11562,80825.96478962243,0.6021941784299965,15,0,0,Enterprise,0
MCH-11563,21065.80613670829,1.0346297356793237,52,1,1,SMB,0
MCH-11564,91471.44627595175,0.5703255341122004,8,2,1,SMB,0
MCH-11565,32559.66503777051,0.7918133378075174,34,2,1,SMB,0
MCH-11566,60063.27516026851,1.1667143153276893,40,0,1,Enterprise,0
MCH-11567,10020.60086455629,1.0161275813102835,1,3,0,SMB,0
MCH-11568,53889.60345326871,0.8251088207607289,32,2,0,Enterprise,0
MCH-11569,35052.80689813925,0.8622745619882961,58,0,1,SMB,0
MCH-11570,49168.00520333024,1.0183219708855527,49,3,0,SMB,0
MCH-11571,14196.995746157896,0.4064512006758775,51,3,0,SMB,0
MCH-11572,71756.06523742664,0.4863608552989709,5,2,1,SMB,0
MCH-11573,104314.71316059388,1.369383874539313,30,4,5,Enterprise,1
MCH-11574,17214.516334426968,0.48566688800041985,22,1,0,Mid-Market,0
MCH-11575,10030.510563140047,1.1774839558315557,20,2,1,SMB,0
MCH-11576,6196.1229965787,1.412041980519958,16,3,0,SMB,0
MCH-11577,56357.134402479365,0.6977519647319043,7,2,1,Mid-Market,0
MCH-11578,51709.248666195905,0.8075405807654658,7,4,1,SMB,0
MCH-11579,44559.77066917829,1.025813546429188,50,1,0,Mid-Market,0
MCH-11580,18194.83314706444,1.3698798666024432,50,1,0,SMB,0
MCH-11581,29789.13325326026,1.4360961459864625,2,5,0,SMB,0
MCH-11582,50128.8023769661,1.213519572922395,47,3,1,SMB,0
MCH-11583,39335.0857495958,0.4952817369401635,14,2,0,SMB,0
MCH-11584,225256.65816906633,1.136069571088336,31,5,1,SMB,0
MCH-11585,12334.580630766366,0.8513340940599283,50,4,0,Enterprise,0
MCH-11586,64395.87812102318,0.9177710994401678,41,4,0,SMB,0
MCH-11587,30902.48004051997,0.4540632293796948,14,5,0,SMB,0
MCH-11588,32948.266282585784,0.6101683532809941,5,3,0,SMB,0
MCH-11589,68221.14307095265,1.2695649682870127,11,3,1,Mid-Market,0
MCH-11590,63953.62876599073,0.8993547163526459,40,1,0,Mid-Market,0
MCH-11591,241969.34039321847,0.7318284657942637,5,5,0,Mid-Market,0
MCH-11592,11870.906206829155,0.822420981361454,29,8,0,SMB,0
MCH-11593,10496.86250203277,1.3398394646582483,11,0,1,Mid-Market,0
MCH-11594,69429.13828367711,1.2238989191454528,5,2,1,Mid-Market,0
MCH-11595,48183.362523399024,0.6995469368991911,49,0,1,SMB,0
MCH-11596,21021.329622501307,0.5292520242336107,54,0,0,SMB,0
MCH-11597,9137.534367389873,0.6771980438084789,32,2,0,Mid-Market,0
MCH-11598,9477.543553195397,1.4128320961602072,36,0,0,SMB,0
MCH-11599,117305.92562327946,1.0397477216347308,15,2,0,SMB,0
MCH-11600,15651.4515929982,0.9868282296192612,19,2,0,SMB,0
MCH-11601,24531.64964737904,1.0560329596617077,22,3,1,SMB,0
MCH-11602,17851.591504781667,0.8026310923211668,34,1,0,SMB,0
MCH-11603,26924.961740521037,1.287817722351464,56,1,1,Mid-Market,0
MCH-11604,8597.568036581491,0.9756148742302748,17,0,1,Mid-Market,0
MCH-11605,41600.61610127674,0.5284226930456751,12,4,0,SMB,1
MCH-11606,8500.342318872068,0.5419716373119693,25,1,0,SMB,0
MCH-11607,85561.10210796261,0.9905450611528802,56,1,3,Mid-Market,0
MCH-11608,18309.8653842103,1.4302272398779232,17,2,1,Mid-Market,0
MCH-11609,43827.734557429736,0.7391873338438186,10,0,0,SMB,0
MCH-11610,111046.14082448708,1.3564952857451402,28,2,1,Mid-Market,0
MCH-11611,57616.6020205132,1.2405051452367672,57,2,0,Mid-Market,0
MCH-11612,43066.781628736586,0.6725936871975976,18,2,0,SMB,0
MCH-11613,24602.8021242073,0.43997482314786673,51,0,1,SMB,0
MCH-11614,25248.40506119234,0.512031991656621,18,4,0,SMB,0
MCH-11615,60355.457528486804,1.2013433272321843,45,5,1,Enterprise,0
MCH-11616,261974.83373536522,0.6196367118447114,32,2,0,SMB,0
MCH-11617,59211.68634826156,0.8083980125559332,14,1,1,SMB,0
MCH-11618,45797.77554839906,0.9518690826070674,56,1,0,SMB,0
MCH-11619,70587.27620964056,1.1980149852951791,16,2,1,Mid-Market,0
MCH-11620,36293.646399120444,0.524554345585038,50,1,0,SMB,0
MCH-11621,8101.342174160877,0.8470030458052077,58,2,0,Mid-Market,0
MCH-11622,46310.71300719805,0.933580200056965,18,3,0,Mid-Market,0
MCH-11623,163060.17136476675,0.9949097703686938,16,2,0,Mid-Market,0
MCH-11624,14636.958147035177,1.3001967055347383,17,2,3,Mid-Market,1
MCH-11625,63559.937923412894,0.5888460145475386,7,1,0,SMB,0
MCH-11626,16215.567187112898,1.2886145970092846,12,5,0,Enterprise,0
MCH-11627,43374.97130132232,1.1621662704663174,34,0,1,Mid-Market,0
MCH-11628,10083.724185118044,1.0114578956188554,10,3,1,Enterprise,0
MCH-11629,34925.582892294035,1.1694806574428291,5,0,0,Mid-Market,0
MCH-11630,75562.83292712283,0.8532195128468221,21,2,0,Mid-Market,0
MCH-11631,26352.688074272708,0.5522373445649371,3,3,0,SMB,0
MCH-11632,59668.063643804424,1.1323417642919043,19,2,0,SMB,0
MCH-11633,84347.13214581751,0.9771395373541846,45,2,0,SMB,0
MCH-11634,135986.73463521045,1.103312280597053,44,2,1,SMB,0
MCH-11635,18370.58438577778,0.771798659131339,35,3,0,Mid-Market,0
MCH-11636,30484.30664572674,1.3975532350738196,6,2,1,SMB,0
MCH-11637,13268.26726612014,1.0461068554331348,14,0,0,SMB,0
MCH-11638,249532.74810240275,0.49394273271996125,4,1,0,Mid-Market,0
MCH-11639,135865.45485792862,0.8947843897748716,45,4,1,Enterprise,0
MCH-11640,43821.77993995613,1.2319916602179979,51,2,1,Mid-Market,0
MCH-11641,97268.54960309858,1.2735480179054997,18,2,0,Mid-Market,0
MCH-11642,41798.34776491431,0.9440567580401347,29,1,0,SMB,0
MCH-11643,53853.24243108654,1.3842223279144314,35,1,0,Mid-Market,0
MCH-11644,9667.44897715109,0.6944352809137273,52,2,0,SMB,0
MCH-11645,75380.07175778695,0.8516585669620933,38,1,1,Enterprise,0
MCH-11646,11831.866761445355,1.388456601625867,16,1,1,SMB,0
MCH-11647,92454.43674676697,1.3858823881187368,20,3,1,Mid-Market,0
MCH-11648,81169.45335093325,1.154284045707149,24,3,1,Mid-Market,0
MCH-11649,66677.75345468045,1.3448786018344423,35,1,0,SMB,0
MCH-11650,6841.518402577656,0.49765059365185593,44,3,1,Mid-Market,0
MCH-11651,23057.70200257751,1.351494473828554,51,3,1,Mid-Market,0
MCH-11652,20266.00695895637,0.7526818972052495,19,2,0,Mid-Market,0
MCH-11653,27325.013100975848,0.596164663671038,56,1,0,SMB,0
MCH-11654,9586.182028618881,0.6633068199762511,4,3,0,SMB,0
MCH-11655,143197.5650446037,0.8597653588152758,33,2,0,SMB,0
MCH-11656,45349.65093815907,0.676311205064914,2,2,0,SMB,0
MCH-11657,23229.90609738011,0.752624344618149,13,2,1,SMB,1
MCH-11658,30290.371555329955,0.5484763346788063,58,3,2,Mid-Market,0
MCH-11659,34638.18011213151,0.7257944421148984,45,1,1,SMB,0
MCH-11660,50888.8835110396,1.0295121959962015,30,3,0,Mid-Market,0
MCH-11661,41250.41260227198,0.8860390789001704,34,1,1,SMB,0
MCH-11662,130907.85232588233,0.7813906373595023,30,5,1,SMB,0
MCH-11663,39354.62564603948,1.2210973417428255,51,2,0,SMB,0
MCH-11664,247413.16326801176,1.3828609685326498,54,1,0,Mid-Market,0
MCH-11665,100333.25566641401,1.232468145192637,24,2,0,Mid-Market,0
MCH-11666,16691.934191971595,0.7652007723294472,48,2,2,SMB,1
MCH-11667,138389.9730294427,1.2188863846213092,44,1,0,SMB,0
MCH-11668,11185.638975497146,0.5671782007214563,33,0,0,SMB,0
MCH-11669,90036.47870053629,0.54334978690042,41,2,1,Mid-Market,0
MCH-11670,28952.080933354857,0.7801897407397749,49,3,2,Mid-Market,0
MCH-11671,110176.1884121618,1.2884726059484628,10,1,0,Mid-Market,0
MCH-11672,106269.14595778134,0.6709830719665322,18,2,1,SMB,0
MCH-11673,86975.63291787238,0.4695787497885476,19,4,2,SMB,0
MCH-11674,83039.63467821306,0.5448804887269907,7,2,1,SMB,0
MCH-11675,23169.093479589337,1.3446194653825383,57,2,2,SMB,0
MCH-11676,9219.066460037473,1.0971616132220166,19,2,0,SMB,0
MCH-11677,30790.24823711498,0.6785212797069744,24,2,1,SMB,0
MCH-11678,14529.251168332878,1.0108254078609995,15,3,0,SMB,0
MCH-11679,64364.1575488737,0.9803375846678855,41,2,0,SMB,0
MCH-11680,26240.02131065532,1.1209795762847274,42,1,0,SMB,0
MCH-11681,190679.51510635414,0.656506309863778,23,2,0,SMB,0
MCH-11682,56217.755726806216,1.3508432859138375,52,2,0,Mid-Market,0
MCH-11683,91433.75877049688,0.7403054182880142,52,1,0,Mid-Market,0
MCH-11684,12108.410438327972,1.1635448193738607,4,2,2,SMB,0
MCH-11685,104030.32716682255,0.4177371110094364,38,0,0,Mid-Market,0
MCH-11686,133040.07243080664,0.8099228428835621,4,4,1,Enterprise,0
MCH-11687,38380.00702741247,0.7868807997546892,5,3,1,SMB,0
MCH-11688,51602.327491249525,0.997832871441316,41,2,1,SMB,0
MCH-11689,77368.03671659189,0.48000988795491617,44,5,0,Mid-Market,0
MCH-11690,14608.815422728963,1.2691445110987192,23,4,1,Enterprise,0
MCH-11691,39914.627410819725,0.6395588819443254,40,2,0,SMB,1
MCH-11692,30429.99078347839,1.1447415963702112,53,1,2,SMB,0
MCH-11693,12913.105552263052,1.2835333355685026,37,0,0,Mid-Market,0
MCH-11694,27906.474122836575,1.0180646518656644,11,0,0,SMB,0
MCH-11695,8530.36813520551,1.2149715273941841,55,2,1,Enterprise,0
MCH-11696,6307.543998440632,1.1280463434365062,11,0,0,SMB,0
MCH-11697,12260.901616428178,0.7910827768672084,13,4,2,Mid-Market,0
MCH-11698,169997.6669988554,1.289744392936922,14,1,1,SMB,0
MCH-11699,44873.13832790614,0.7241715068740808,8,2,0,SMB,0
MCH-11700,173808.8915942053,1.028334209526669,25,3,1,Enterprise,0
MCH-11701,33325.53955041249,1.2199375130556935,18,2,0,SMB,0
MCH-11702,23684.961416535203,0.8168515007937585,51,5,0,SMB,0
MCH-11703,40275.34873886499,0.7330443683791676,44,1,0,Mid-Market,0
MCH-11704,33947.34453132741,0.9052806111901051,44,0,2,SMB,0
MCH-11705,10583.725029919597,1.2997598437840692,18,3,0,SMB,0
MCH-11706,56197.460219874636,1.4229139394602313,10,2,0,SMB,0
MCH-11707,17169.748099916535,0.9995917541458792,7,3,1,Mid-Market,0
MCH-11708,53325.014225288185,1.127612825856017,50,2,0,Mid-Market,0
MCH-11709,57519.84196623098,1.3936009844628057,44,0,1,Mid-Market,0
MCH-11710,13245.197577722322,0.5084015365542367,14,2,0,SMB,1
MCH-11711,8165.610447526569,0.6552864356527817,15,1,0,SMB,0
MCH-11712,80879.77466119651,1.1797900068767406,16,3,0,SMB,0
MCH-11713,35790.83110456931,1.3061189081035298,2,3,2,Mid-Market,1
MCH-11714,7996.1950051907925,1.3427319311636357,30,1,0,Mid-Market,0
MCH-11715,268596.59883683326,0.8566178945404259,30,0,0,Enterprise,0
MCH-11716,7975.854071221184,0.49827389252105353,18,3,0,Enterprise,0
MCH-11717,64377.95067500756,0.881559625029582,31,1,1,SMB,0
MCH-11718,210764.90388284766,0.6538080492277591,44,6,0,SMB,0
MCH-11719,18667.93084785735,0.7203161004962866,48,2,0,Mid-Market,0
MCH-11720,12672.093061679247,1.2494943125212565,13,1,0,SMB,0
MCH-11721,11470.420301200467,0.4830797946284756,20,2,1,SMB,0
MCH-11722,23068.23529705549,1.3103393392287725,49,2,0,Mid-Market,0
MCH-11723,10326.160177578075,0.870435994406586,50,0,0,SMB,0
MCH-11724,63908.97349640917,1.0556703242106547,35,3,0,SMB,0
MCH-11725,8215.823189976354,0.4986174543592469,23,1,0,SMB,0
MCH-11726,40608.56262173184,0.7710949861930076,42,2,2,Mid-Market,0
MCH-11727,290643.9943399967,0.49867101091633037,33,2,0,SMB,0
MCH-11728,89092.43883383577,1.4576980951692207,38,3,1,Mid-Market,0
MCH-11729,52754.103830993685,1.2879878142588757,35,1,0,SMB,0
MCH-11730,23282.441654349263,0.9055960297921063,51,1,2,Mid-Market,0
MCH-11731,53894.45714095118,0.6459628031560383,36,2,0,SMB,0
MCH-11732,42437.37779397671,1.4268006157748374,20,1,1,Enterprise,0
MCH-11733,32763.558065834786,0.7790562552996689,55,3,0,SMB,0
MCH-11734,12003.946293017256,0.5770828748561123,3,1,0,Enterprise,0
MCH-11735,113843.55299060237,1.0194808272993505,8,4,0,Mid-Market,0
MCH-11736,34872.27648963911,1.438151532379298,40,0,1,SMB,0
MCH-11737,15822.20910307068,0.40421331955035483,59,2,0,SMB,0
MCH-11738,27924.259169146764,0.6619373275793987,32,5,1,SMB,1
MCH-11739,31732.8467310067,1.4322924044514487,29,3,1,Mid-Market,1
MCH-11740,92878.88755452666,0.5881945635428782,7,3,0,SMB,0
MCH-11741,71140.51614296391,0.5245677968038018,2,2,0,SMB,0
MCH-11742,78332.9163085096,1.0272059373797848,21,4,2,Mid-Market,0
MCH-11743,5554.628001076693,1.348028205624313,6,3,2,Mid-Market,0
MCH-11744,31905.90132204877,0.9248207994633189,28,0,0,SMB,0
MCH-11745,37825.73605190803,1.4940206823529771,48,1,0,SMB,0
MCH-11746,5968.941973322315,1.1470888694917922,42,6,1,SMB,0
MCH-11747,20042.635201091314,0.48148239793149256,36,4,0,SMB,0
MCH-11748,76416.2340857189,1.492115344850173,32,5,0,SMB,0
MCH-11749,12373.385866694463,0.8486836604582095,45,3,0,Mid-Market,0
MCH-11750,43319.25226324291,0.7161427872300308,42,3,0,SMB,0
MCH-11751,17116.43780384469,1.0136671019356742,53,0,0,SMB,0
MCH-11752,5609.741512438881,0.7347383510029508,46,2,0,SMB,0
MCH-11753,18800.94809251497,0.4951032578321676,9,2,0,Enterprise,0
MCH-11754,191222.7511571439,0.4015711773870944,11,3,1,SMB,0
MCH-11755,85857.65789807736,0.8945416882122885,23,1,0,Enterprise,0
MCH-11756,165417.37750956166,1.3205497644492517,50,5,0,SMB,0
MCH-11757,38457.2812055584,1.0295467041930841,11,7,0,SMB,1
MCH-11758,10811.872709759626,1.4991280288377848,49,3,1,Mid-Market,0
MCH-11759,44699.17385008472,0.7155313102119201,2,2,0,SMB,0
MCH-11760,35291.38155434643,0.7085005712360609,3,4,0,Mid-Market,0
MCH-11761,98009.54436999046,0.5757244062573387,11,1,0,Mid-Market,0
MCH-11762,10161.615804331192,0.5804699470918687,50,0,0,SMB,0
MCH-11763,38495.08678149231,0.7137052556110526,59,2,1,Mid-Market,0
MCH-11764,13128.809185896222,1.27212404980088,35,2,1,Mid-Market,0
MCH-11765,24628.12975068522,1.3963324697000927,58,0,0,Mid-Market,0
MCH-11766,71847.99390123955,1.4725958866784494,15,2,0,SMB,0
MCH-11767,37314.90966458089,0.655518619506098,43,0,1,SMB,0
MCH-11768,28571.29482107963,1.3694273001755009,11,1,0,SMB,0
MCH-11769,30083.07700792891,0.7610805982050708,31,0,0,Enterprise,0
MCH-11770,35758.108045846166,0.5241245989685729,28,2,1,SMB,0
MCH-11771,81859.7100947232,1.3570274180721822,28,1,1,SMB,0
MCH-11772,116320.42581618733,1.0997161981079806,32,1,1,SMB,0
MCH-11773,160427.903151115,0.581203985689168,25,0,1,Mid-Market,0
MCH-11774,82300.48152278487,0.8728143832643029,20,0,0,SMB,0
MCH-11775,23946.531280202562,0.7159834643647744,28,1,1,SMB,0
MCH-11776,63259.196734051024,1.2104740255812168,25,0,1,Mid-Market,0
MCH-11777,33777.374668244694,0.8987578536866949,11,7,1,SMB,0
MCH-11778,19696.452012448884,1.4882079396170234,19,1,1,SMB,0
MCH-11779,96902.18630952892,0.46021948048555467,28,4,0,SMB,0
MCH-11780,6959.205837187803,0.7905167927498714,1,2,1,SMB,0
MCH-11781,121018.1046520186,0.9300901838209752,59,4,0,SMB,0
MCH-11782,35946.296741963975,0.9534469102231519,5,2,0,SMB,0
MCH-11783,55695.38156672787,0.7475294046242005,10,2,0,SMB,0
MCH-11784,58845.561785813115,1.202164274007325,42,2,0,Mid-Market,0
MCH-11785,117745.84490295104,1.3622217808378723,46,4,0,SMB,0
MCH-11786,55622.144600213556,1.4325912321756493,34,1,1,SMB,0
MCH-11787,52587.2932055436,1.285602714479479,36,2,0,SMB,0
MCH-11788,8448.86003909527,1.3356382170372594,2,3,1,SMB,0
MCH-11789,41532.90209946091,1.005599830681995,18,5,0,Mid-Market,0
MCH-11790,13135.888687831075,1.3084770490694961,13,1,1,SMB,0
MCH-11791,71862.59595713725,0.7338543000627475,51,2,1,SMB,0
MCH-11792,40894.73661627142,0.8383266383201359,5,0,0,Mid-Market,0
MCH-11793,62007.31733357541,0.7486043152003987,20,3,0,Mid-Market,0
MCH-11794,7128.305970817717,0.9141260689927181,2,3,1,Mid-Market,0
MCH-11795,9430.196733423927,0.7141375778625001,11,0,0,Mid-Market,0
MCH-11796,67996.01899914633,1.4577725864798916,30,1,1,SMB,0
MCH-11797,8740.721481731318,0.744129090806235,32,0,0,Enterprise,0
MCH-11798,8696.146343450604,0.5078489919220338,32,0,4,Enterprise,1
MCH-11799,5609.119000489798,0.9794988826554548,58,1,1,SMB,0
MCH-11800,161751.32431098947,0.462808986289694,50,3,2,Mid-Market,0
MCH-11801,71876.80215078304,0.5215974829394386,38,2,0,SMB,0
MCH-11802,26789.88178668496,0.6413283281158709,55,5,0,Mid-Market,0
MCH-11803,22586.89906150494,0.9107852748703559,28,2,2,SMB,0
MCH-11804,26516.322533344002,0.8765760255399307,10,2,0,SMB,0
MCH-11805,79505.80998658252,1.2796610482030704,22,2,1,SMB,0
MCH-11806,59142.45088142516,1.2134221192725247,55,1,0,SMB,0
MCH-11807,15240.357755499981,0.8689501233897715,17,2,0,SMB,0
MCH-11808,14564.644072751096,0.767074628333193,22,1,2,SMB,0
MCH-11809,10178.974559716975,0.7481156624676485,43,0,0,Mid-Market,0
MCH-11810,58985.02050167564,1.25139459602341,19,4,1,Mid-Market,0
MCH-11811,77275.1899611858,0.4572796468433967,17,1,1,SMB,0
MCH-11812,20397.397477679515,0.41410381446166644,24,3,0,Mid-Market,0
MCH-11813,6058.370922580756,1.275098831119313,36,1,1,SMB,0
MCH-11814,9287.245372846804,0.9248610135879543,32,2,0,Mid-Market,0
MCH-11815,176882.75014186715,0.5439692524089336,58,2,2,SMB,0
MCH-11816,22509.42826518127,0.6591225280539514,56,1,1,Mid-Market,0
MCH-11817,78315.20216520102,1.425754348407121,58,2,0,Mid-Market,0
MCH-11818,53996.6252744019,1.3454532731873878,46,0,0,SMB,0
MCH-11819,29058.457791466288,1.18076355524637,59,2,0,SMB,0
MCH-11820,16513.900947795177,0.9304477533710592,52,1,0,Enterprise,0
MCH-11821,11470.504452855057,0.9723559888105243,36,1,1,Mid-Market,0
MCH-11822,52727.281423974026,1.4727689888123545,28,0,0,SMB,0
MCH-11823,79501.42791704588,1.4623474882727159,14,3,0,SMB,0
MCH-11824,56627.78167818545,0.6367959503644177,58,1,0,Mid-Market,0
MCH-11825,42783.28138432362,1.29221502293585,36,2,0,Enterprise,0
MCH-11826,7142.829365455452,0.6169669327837185,6,1,1,SMB,0
MCH-11827,177870.5764876777,0.6348912256723466,9,5,1,Enterprise,0
MCH-11828,85151.472442218,1.1437023375810345,21,1,0,SMB,0
MCH-11829,22323.64643188236,0.8455012084463033,12,4,1,Enterprise,0
MCH-11830,200527.02863586092,1.4246988478171723,58,1,2,Mid-Market,0
MCH-11831,51050.290223474,0.49791070838560975,30,0,0,SMB,0
MCH-11832,48664.275102242515,0.9626782048904424,31,3,0,SMB,0
MCH-11833,73930.83141025073,1.4103736834874336,40,3,1,Mid-Market,0
MCH-11834,88504.47669219384,1.3945250265274558,56,2,1,SMB,0
MCH-11835,58425.29453740248,0.5721821347573154,4,3,1,Enterprise,0
MCH-11836,11853.783099019249,0.8033014701061021,31,2,0,Mid-Market,0
MCH-11837,25644.694615775414,1.081033540051366,27,2,0,SMB,0
MCH-11838,136612.57532121032,0.5753343732485424,58,1,0,Enterprise,0
MCH-11839,17719.819393547197,1.4648243892503126,57,2,0,SMB,0
MCH-11840,28274.055470633983,1.4062242616004266,25,3,0,Mid-Market,0
MCH-11841,33288.46133593655,0.5836451969379162,5,1,0,Mid-Market,0
MCH-11842,33937.82704616665,0.533271007387084,6,2,0,Enterprise,0
MCH-11843,52458.72402761159,0.49394933108909184,5,2,0,SMB,0
MCH-11844,148301.7691890098,1.4003880304402943,51,2,0,SMB,0
MCH-11845,18767.43621370932,0.6129861907750069,27,2,0,SMB,0
MCH-11846,11477.046900247617,0.8579134213987902,8,1,0,SMB,0
MCH-11847,15999.332594693238,0.8937365022172034,9,2,0,SMB,0
MCH-11848,113985.1540550276,1.0589121486349242,15,0,1,Mid-Market,0
MCH-11849,56896.20405381139,0.4789088781221675,36,3,1,SMB,0
MCH-11850,21837.08889395092,0.6494344791405676,57,3,2,SMB,0
MCH-11851,89626.55938873602,1.4246394256108186,41,1,1,SMB,0
MCH-11852,103797.33695998476,1.3992511179954266,7,3,0,SMB,0
MCH-11853,98707.40639905377,1.2594197121462614,32,6,0,Mid-Market,0
MCH-11854,130619.9771637116,0.421341370180037,8,4,0,SMB,0
MCH-11855,19533.72862073077,0.7597074453457124,47,1,0,SMB,0
MCH-11856,75333.41104115277,1.0907546088771987,51,1,0,SMB,0
MCH-11857,35859.285392605714,0.7027092329508233,15,0,0,SMB,0
MCH-11858,97257.55435367259,1.400545364559155,37,0,0,SMB,0
MCH-11859,70187.94009673785,1.097278408015686,19,2,0,Mid-Market,0
MCH-11860,79905.43769327964,0.4790973890480902,39,1,1,Mid-Market,0
MCH-11861,58379.20953421046,1.3999061477192734,6,2,0,SMB,0
MCH-11862,14766.009881197293,1.453543323993845,59,5,0,SMB,0
MCH-11863,44375.85120961023,0.48548366023089806,19,5,0,Enterprise,0
MCH-11864,213896.32975084728,0.9855962583474465,57,2,1,SMB,0
MCH-11865,143539.96940037163,0.7337007104355875,28,3,1,SMB,0
MCH-11866,7206.672305879303,0.8321229841295427,17,2,0,SMB,0
MCH-11867,14005.090057537745,0.5976163397508761,42,2,2,Mid-Market,0
MCH-11868,12062.557007634263,1.035879312213654,19,0,0,Enterprise,0
MCH-11869,69727.69270301935,1.4537772885737796,31,2,1,SMB,0
MCH-11870,90128.4890347923,0.95337986029877,11,1,0,SMB,0
MCH-11871,17008.850417502643,0.4912060395339293,15,4,0,Mid-Market,0
MCH-11872,40246.08069197645,1.0820014668251492,10,0,0,Enterprise,0
MCH-11873,96849.25352389019,0.7742452938963829,43,4,1,Mid-Market,0
MCH-11874,70988.18093235882,1.3415177085504277,23,6,1,Mid-Market,0
MCH-11875,44070.207247689745,0.8781459631481173,3,3,0,Mid-Market,0
MCH-11876,49622.32522850161,0.6121235698364702,3,2,1,SMB,0
MCH-11877,40500.4825034203,0.6102161849602594,18,2,2,SMB,1
MCH-11878,22658.942500081026,1.2456405987932766,25,1,2,SMB,0
MCH-11879,46622.990373407774,0.692146358138096,43,2,0,SMB,0
MCH-11880,63379.68155484062,1.2439567335751454,20,2,0,Mid-Market,0
MCH-11881,108305.70375537263,0.6264760418432593,58,2,0,Mid-Market,0
MCH-11882,55570.10774374272,0.7538550055714404,29,2,1,Mid-Market,0
MCH-11883,76590.0189792763,0.9120356696836693,22,3,1,Mid-Market,0
MCH-11884,13721.93352445619,1.4375154346627959,50,2,0,SMB,0
MCH-11885,35953.7259333188,1.4249045672292073,57,1,1,Mid-Market,0
MCH-11886,5468.771608222808,0.6275590629645166,15,2,0,SMB,0
MCH-11887,19163.183367893347,0.7940409453673801,39,2,2,Mid-Market,0
MCH-11888,69815.68428056428,0.5643393272991496,10,3,0,SMB,0
MCH-11889,245241.77204430694,0.9609835872448469,21,2,0,SMB,0
MCH-11890,10222.385485554638,0.9066408057641333,55,3,2,SMB,0
MCH-11891,30665.962836070965,1.390836178695806,52,1,1,SMB,0
MCH-11892,85489.64094508742,1.42300591557018,29,3,0,SMB,0
MCH-11893,16410.043063078185,0.8219241301080213,32,3,0,SMB,0
MCH-11894,45493.595617380786,0.9409117373208884,10,4,0,SMB,0
MCH-11895,71038.68412840678,1.3858598740607464,13,3,0,Mid-Market,0
MCH-11896,52853.74185823829,1.2873785885195677,47,2,1,Mid-Market,0
MCH-11897,15414.270031672502,0.4040219424791142,23,1,1,Enterprise,0
MCH-11898,26955.068526149535,0.7520655206019409,50,5,1,Mid-Market,0
MCH-11899,81575.66874469937,0.8639516661297386,23,0,0,SMB,0
MCH-11900,45397.21675980883,0.652687912051555,31,0,0,Mid-Market,0
MCH-11901,5262.166791712249,0.6195287774855327,4,3,0,SMB,0
MCH-11902,76562.65334138118,0.44156295725524763,52,4,1,SMB,0
MCH-11903,6797.4938655777105,1.1077066975767367,49,2,0,Mid-Market,0
MCH-11904,73468.6730676522,0.6887613195314823,3,5,1,SMB,0
MCH-11905,16312.453432593607,0.45758189627444446,21,1,0,SMB,0
MCH-11906,163591.8359779893,0.65407724158087,53,0,0,Mid-Market,0
MCH-11907,27938.60706448017,1.2821053481197393,2,3,1,Mid-Market,0
MCH-11908,24795.417215167818,1.3366380998112013,4,2,0,Mid-Market,0
MCH-11909,13060.580416755945,0.931372869712633,1,2,0,SMB,0
MCH-11910,23235.659317442864,0.8576777374495548,15,1,0,Mid-Market,0
MCH-11911,109636.78060883195,1.4756390628519602,57,2,0,Mid-Market,0
MCH-11912,285437.31153545284,0.620621125546877,33,2,0,Mid-Market,0
MCH-11913,27967.788413439004,0.6368952111400694,6,5,3,Mid-Market,1
MCH-11914,34765.70302551848,0.7210538947400398,7,3,0,SMB,0
MCH-11915,69019.46856224549,0.590033050109196,19,0,1,SMB,0
MCH-11916,113663.78397315071,0.8173021580246054,44,4,1,Mid-Market,0
MCH-11917,49952.551433930836,1.4019176496887291,1,1,2,Mid-Market,0
MCH-11918,29840.029972796572,1.0768826246914318,39,5,0,SMB,0
MCH-11919,31604.322157516865,0.8531412034734901,19,1,0,Mid-Market,0
MCH-11920,64473.61343779221,1.4278518740283364,45,5,0,SMB,0
MCH-11921,5161.172667611731,0.45331065572340457,26,1,0,SMB,0
MCH-11922,53325.19594462926,0.6313037956920475,44,1,1,SMB,0
MCH-11923,26963.480586487476,1.022477465611935,12,3,0,SMB,0
MCH-11924,84041.8744055398,1.0771078855124971,22,1,0,SMB,0
MCH-11925,9880.125449492802,0.44351325721887447,13,1,0,Mid-Market,0
MCH-11926,49361.14946889184,0.8433426336978455,28,2,0,SMB,0
MCH-11927,37789.95809468057,1.11406936131396,14,3,2,SMB,0
MCH-11928,56406.599823732235,1.1678776010437417,22,1,0,Enterprise,0
MCH-11929,8352.608925534092,1.1019538927678965,30,4,1,SMB,0
MCH-11930,48373.098354407215,0.752619546797017,44,0,0,Mid-Market,0
MCH-11931,46218.01603014403,0.5028721359577005,20,2,1,Enterprise,0
MCH-11932,46124.0946550342,0.8698236910612676,44,1,0,SMB,0
MCH-11933,51252.406635370586,0.541629881104861,27,2,1,Mid-Market,0
MCH-11934,61422.8528911877,1.442386024372734,38,2,1,Enterprise,0
MCH-11935,86734.96550579964,0.9226879526248911,59,2,1,Mid-Market,0
MCH-11936,20723.259306312466,0.7489850917925545,42,3,0,SMB,0
MCH-11937,92162.58444056155,1.24293447823079,52,3,2,SMB,0
MCH-11938,39483.23081298047,0.9477434518404904,56,3,1,SMB,0
MCH-11939,9009.459373168456,0.7410374264136952,41,2,1,Mid-Market,0
MCH-11940,8016.751303752881,1.293164516629882,34,4,0,Mid-Market,0
MCH-11941,25341.175418012743,1.3538673661012344,39,3,0,Mid-Market,0
MCH-11942,81831.90946985042,1.1403089829175448,41,6,0,SMB,0
MCH-11943,66495.4692010392,0.451660864648434,57,3,1,SMB,0
MCH-11944,82703.69982367988,1.0229551681831852,44,1,1,SMB,0
MCH-11945,41414.7916607594,1.2396244031970098,37,2,1,SMB,0
MCH-11946,34008.695594895165,0.5501533132919404,1,7,2,Mid-Market,1
MCH-11947,12976.319211344142,0.6515378265230638,54,2,0,SMB,0
MCH-11948,24889.190766618263,1.3707446155749503,15,1,1,SMB,0
MCH-11949,33459.77086096166,0.4221338940383815,32,5,1,Mid-Market,0
MCH-11950,9638.693580128087,1.2279998516085737,8,3,1,SMB,0
MCH-11951,17462.311099030652,0.9211506217658653,33,5,0,Enterprise,1
MCH-11952,50593.189022938044,0.8914493747235677,18,2,1,SMB,0
MCH-11953,71526.54534548505,0.40780618574437594,45,0,1,Enterprise,0
MCH-11954,325273.64403170714,1.3013380540631423,29,0,0,SMB,0
MCH-11955,140237.78022021576,0.7958073907002232,32,1,0,SMB,0
MCH-11956,56440.115490143624,0.9948421944305973,33,2,1,Mid-Market,0
MCH-11957,32344.06549742989,1.1450307549692256,5,3,0,Mid-Market,0
MCH-11958,55554.43978899272,1.1728925340817073,18,2,2,SMB,0
MCH-11959,82007.63173715463,1.4515780647086798,48,2,0,Mid-Market,0
MCH-11960,11297.223224301702,0.98447394856027,58,3,1,Enterprise,0
MCH-11961,31373.577558486442,0.8396915060718704,10,1,2,SMB,0
MCH-11962,96567.32559190152,1.4490739891408788,36,7,0,Mid-Market,1
MCH-11963,29211.85851424566,1.1063212585280733,33,2,1,SMB,0
MCH-11964,47416.68481050225,0.7279653919042113,23,6,1,SMB,0
MCH-11965,49308.614126586945,0.5391106699439283,40,1,1,SMB,0
MCH-11966,15196.236897517547,1.3268099516116996,5,0,0,SMB,0
MCH-11967,27489.30472744652,0.7983997630735669,34,1,0,SMB,0
MCH-11968,25361.68020443175,1.1265166935008744,24,6,0,SMB,0
MCH-11969,6327.297760733481,0.917898061302488,17,2,0,SMB,0
MCH-11970,6224.459563526516,0.6188227577745422,31,2,0,Mid-Market,0
MCH-11971,94099.48060695697,1.0618552694825116,7,1,0,Mid-Market,0
MCH-11972,20946.310321501755,0.46675137584575055,17,1,1,SMB,0
MCH-11973,41498.72968592603,0.8546767058583116,28,1,1,SMB,0
MCH-11974,22742.79950399465,1.0012764336300382,38,1,0,Enterprise,0
MCH-11975,146239.80180792615,0.879651671530437,22,2,0,SMB,0
MCH-11976,20007.760910029716,1.22353939277609,15,2,1,SMB,0
MCH-11977,33075.850820929525,1.3107174499998437,37,2,0,SMB,0
MCH-11978,108072.32165577964,1.248367381436496,15,0,0,Mid-Market,0
MCH-11979,97236.99354910641,0.44269424259298235,50,1,0,SMB,0
MCH-11980,15295.975634528098,0.6135416474905695,50,4,0,SMB,0
MCH-11981,86137.12886243968,0.9902682601901518,25,5,0,Mid-Market,0
MCH-11982,35641.70732412275,1.4283042444881815,53,2,0,SMB,0
MCH-11983,37982.609877689625,1.3184524525573287,21,4,1,SMB,0
MCH-11984,12163.502844895133,1.3267879591869818,55,0,0,Enterprise,0
MCH-11985,9201.782103666168,0.7335290131356424,38,3,0,SMB,0
MCH-11986,70086.50507257195,0.8723926867865729,2,6,0,Mid-Market,0
MCH-11987,39304.720729842506,0.9177765420475312,27,0,0,SMB,0
MCH-11988,33710.52520705656,0.5731087416849014,49,6,1,SMB,0
MCH-11989,70375.68006575189,0.434174943268902,32,2,0,SMB,0
MCH-11990,77517.73494836927,1.4415931894065688,21,3,0,Mid-Market,0
MCH-11991,13652.721538019974,0.6647838442298575,4,3,0,SMB,0
MCH-11992,52109.30064584235,0.6639437940959945,44,0,0,SMB,0
MCH-11993,12271.759976393736,0.4917169591456355,19,1,2,Enterprise,0
MCH-11994,74590.49439136748,1.4213585271381564,2,1,1,Mid-Market,0
MCH-11995,58494.705030797195,1.0377108264337491,26,1,0,SMB,0
MCH-11996,161881.6392980162,1.1337405428378893,34,2,0,SMB,0
MCH-11997,8572.545375426615,1.4027345759893577,14,6,0,SMB,0
MCH-11998,7937.351341241873,0.7801821857908685,15,2,2,SMB,0
MCH-11999,21577.314679743202,1.0836580422518924,20,3,0,Enterprise,0
MCH-12000,20170.636567819158,0.4426794002017762,34,2,1,Enterprise,0
MCH-12001,19183.09481478636,0.6054497810542423,36,7,0,SMB,0
MCH-12002,123358.62371081547,1.3143703855989368,19,3,0,SMB,0
MCH-12003,19353.85942818033,1.2434451919721694,9,1,1,Enterprise,0
MCH-12004,20869.258782709738,0.7857069606028616,7,2,1,Mid-Market,0
MCH-12005,76230.61267985805,0.8144916905516337,30,2,0,SMB,0
MCH-12006,34868.20494325285,0.9869098769089375,13,2,2,SMB,0
MCH-12007,79964.31991292298,0.40026510515364805,27,1,0,SMB,0
MCH-12008,8380.021938096259,0.6653687696418307,44,1,3,Enterprise,0
MCH-12009,38429.67460518684,0.6290549894690359,35,1,1,SMB,0
MCH-12010,6709.576246897492,0.6755312414247399,13,1,1,Mid-Market,0
MCH-12011,8235.097575531596,1.2864964267867856,15,2,1,SMB,0
MCH-12012,123456.2559072742,0.7076412422010876,46,2,1,Enterprise,0
MCH-12013,12497.289952322251,0.6106734542551631,56,2,0,SMB,0
MCH-12014,43009.314053110495,0.9546898068723347,9,0,1,SMB,0
MCH-12015,31474.57109592807,1.3522095400100054,45,2,0,SMB,0
MCH-12016,26335.202779726827,0.6654846742212499,23,5,1,SMB,0
MCH-12017,120045.99685044134,0.4863898670720786,54,2,1,SMB,0
MCH-12018,6103.252467750077,0.7920452094346313,36,2,1,Mid-Market,0
MCH-12019,59500.91904163448,1.2224170070214757,53,2,2,SMB,0
MCH-12020,170377.74897341835,1.005759599164274,40,2,1,SMB,0
MCH-12021,46068.1430140426,1.2984727065317823,3,2,0,SMB,0
MCH-12022,143090.32264595595,1.4555513623701573,34,4,0,SMB,0
MCH-12023,7683.641914791202,1.271928724426779,19,4,1,SMB,0
MCH-12024,32132.442614864805,1.064183386728129,28,3,0,SMB,0
MCH-12025,20065.917327534436,0.9426757468576186,23,2,0,SMB,0
MCH-12026,70618.92815365702,0.44407599498309336,40,1,0,SMB,0
MCH-12027,203953.8089420841,1.4827541766954453,49,1,1,SMB,0
MCH-12028,19821.34737918257,0.8218292348325469,45,2,0,SMB,0
MCH-12029,58091.06299150158,0.5674510353085536,7,3,1,SMB,0
MCH-12030,16038.420756713982,1.1333797409361024,41,2,1,Mid-Market,0
MCH-12031,46658.43710739792,0.7127171180050054,12,2,2,SMB,1
MCH-12032,36174.75840861609,1.0443560980241524,14,2,0,SMB,0
MCH-12033,183787.05654540577,1.0454446986290504,46,4,0,Mid-Market,0
MCH-12034,51891.971401886665,0.8903028029931561,15,4,0,SMB,0
MCH-12035,26501.188837645528,1.3197304770995468,3,4,0,SMB,0
MCH-12036,11057.322178781007,0.6914637677109874,15,4,0,SMB,0
MCH-12037,13199.343186071814,0.8934958507795077,51,1,0,Mid-Market,0
MCH-12038,17765.063757044118,0.9914613414500687,24,1,0,Mid-Market,0
MCH-12039,19448.58927806849,1.1299871928440297,52,0,0,Mid-Market,0
MCH-12040,100061.77471315552,1.2623690355561485,46,1,0,Mid-Market,0
MCH-12041,46188.17425583972,0.8342880111660818,8,2,0,Mid-Market,0
MCH-12042,42052.93223927217,1.1106516385062557,5,4,1,Mid-Market,0
MCH-12043,11095.325317064895,0.5656720483753711,51,2,2,SMB,0
MCH-12044,103355.55820775437,1.4259129105967268,4,2,1,SMB,0
MCH-12045,69153.38059369303,0.821364687063104,14,4,0,Enterprise,0
MCH-12046,8503.334635975814,1.2024735641740825,16,1,1,Enterprise,0
MCH-12047,66521.84503012271,0.4223751900703954,20,1,0,SMB,0
MCH-12048,44212.515030869195,0.6257058571952877,24,3,0,SMB,0
MCH-12049,9262.937273483414,0.9357907987559358,6,1,0,Mid-Market,0
MCH-12050,35652.20603033512,1.3660777145055814,55,2,1,SMB,0
MCH-12051,38149.940920746754,0.9799806649457449,57,1,0,SMB,0
MCH-12052,14062.578881090823,1.4228575305232671,31,0,0,Mid-Market,0
MCH-12053,150659.8463699748,0.932176586241076,6,4,1,SMB,0
MCH-12054,99847.79041173424,0.939494006409545,35,1,0,SMB,0
MCH-12055,60285.219513010896,0.5317214673505851,15,2,1,Mid-Market,0
MCH-12056,36022.311983444284,1.282921868567442,29,0,1,SMB,0
MCH-12057,31531.4835878422,0.6716619537137688,3,1,1,Enterprise,0
MCH-12058,57630.36671570293,1.3895737383095468,11,1,0,Enterprise,0
MCH-12059,44420.37371518962,1.4019066423634357,3,0,0,Mid-Market,0
MCH-12060,8214.826501356329,1.4376411230615647,28,0,0,Enterprise,0
MCH-12061,40923.52109670177,0.9722535380133991,10,4,0,SMB,0
MCH-12062,87098.98941840662,1.1448031632620088,50,1,0,SMB,0
MCH-12063,35738.974756611504,1.2563674680678298,33,0,0,Mid-Market,0
MCH-12064,7667.7486754224665,0.5441160805155122,48,0,1,SMB,0
MCH-12065,82154.00534056185,1.061052914497247,16,4,4,SMB,1
MCH-12066,16242.4866842937,0.4377276914336429,59,4,1,Mid-Market,0
MCH-12067,19962.15453741851,0.9473226917275985,10,2,0,Mid-Market,0
MCH-12068,13998.597170870082,0.5703269497822502,33,2,1,Mid-Market,0
MCH-12069,25039.93052358571,0.6012152185582932,36,1,0,Mid-Market,0
MCH-12070,75683.5873908258,0.8015523233618618,3,1,1,Mid-Market,0
MCH-12071,41634.52667620214,0.8756808833881533,5,1,1,Mid-Market,0
MCH-12072,16463.19173935442,1.085489666985406,12,5,1,SMB,0
MCH-12073,110117.12006327439,0.48187126028236726,57,0,1,SMB,0
MCH-12074,110839.25255399171,0.9540609373611891,44,5,1,Mid-Market,0
MCH-12075,107234.00900512183,0.6008876432784113,13,1,0,SMB,0
MCH-12076,18642.70832034604,1.0313726925349163,24,1,0,Enterprise,0
MCH-12077,35004.64482161465,1.1011450734873018,44,0,0,Mid-Market,0
MCH-12078,214950.78624649753,1.0123801822081393,57,1,1,Mid-Market,0
MCH-12079,78923.21860913893,1.2121250615261385,32,2,0,Enterprise,0
MCH-12080,6377.163931844076,0.7691701686649914,16,2,0,Mid-Market,0
MCH-12081,8371.379390955526,1.241617250796444,32,0,1,SMB,0
MCH-12082,36174.654888553145,0.8760437898790131,45,3,0,SMB,0
MCH-12083,124965.92748268404,0.9326029481548566,37,3,1,SMB,0
MCH-12084,43685.52930019602,1.1129123399871785,56,3,2,SMB,1
MCH-12085,39439.0869524446,0.4201942223991464,36,1,2,SMB,0
MCH-12086,10573.04872583022,1.1193936435622733,21,1,0,Mid-Market,0
MCH-12087,58469.19715654812,1.080443663979327,47,2,1,SMB,0
MCH-12088,91327.57253150998,0.740831828428608,12,0,1,SMB,0
MCH-12089,28935.67309835921,0.4943737133894385,51,2,0,SMB,0
MCH-12090,79718.89591691858,0.5000289949043453,21,2,0,SMB,0
MCH-12091,171878.25810260492,1.4155461216837515,51,1,0,SMB,0
MCH-12092,16393.137155670654,1.158207253348421,21,0,1,SMB,0
MCH-12093,42046.50388510679,0.5398128751478144,43,3,1,Mid-Market,0
MCH-12094,21923.368344452694,0.792395486239797,53,2,2,SMB,0
MCH-12095,83716.6721608737,1.0517312932917562,6,1,1,SMB,0
MCH-12096,48089.342046982245,1.3191288755997137,9,1,0,SMB,0
MCH-12097,55335.725891663795,0.4480270215843094,1,1,0,Mid-Market,0
MCH-12098,84953.13597255331,0.6602964446170099,12,0,0,Mid-Market,0
MCH-12099,30206.60979608902,1.378723889324918,58,3,0,Enterprise,0
MCH-12100,128308.21063064827,0.4100821052021982,14,3,0,Mid-Market,0
MCH-12101,43074.39187276906,0.6215390130732762,6,2,1,SMB,0
MCH-12102,13596.080579465919,1.4549265935702627,1,2,0,SMB,0
MCH-12103,64519.7892248194,1.0747420311743883,22,1,1,SMB,0
MCH-12104,83814.99229619774,0.6878385033012571,34,6,1,Mid-Market,1
MCH-12105,24045.577239785514,0.47369020383543237,56,1,0,SMB,0
MCH-12106,102308.24902566812,0.4310104744919444,11,3,0,Mid-Market,0
MCH-12107,123299.28230155833,0.6692195876006201,3,1,1,SMB,0
MCH-12108,21210.697978523218,1.3696344015478017,42,2,0,SMB,0
MCH-12109,210284.85611408693,0.8575050197272605,6,1,2,SMB,0
MCH-12110,12582.529519025276,1.1923667060825924,6,0,1,Mid-Market,0
MCH-12111,16283.31581573379,1.4101135389179538,20,2,0,SMB,0
MCH-12112,15180.825013378586,0.8488445077630984,21,1,0,Mid-Market,0
MCH-12113,117210.95570920662,0.6104051081411368,2,2,0,SMB,0
MCH-12114,58108.11942673517,0.9688297239426115,26,1,0,SMB,0
MCH-12115,13249.88131251519,1.39889205576584,31,3,0,SMB,0
MCH-12116,34019.8097444936,1.284811855551471,26,1,0,SMB,0
MCH-12117,52764.31677739809,0.4724128276994692,56,2,0,SMB,0
MCH-12118,9357.701266682867,1.16183008008534,32,3,0,SMB,0
MCH-12119,112030.27201711366,1.0290872747048492,10,6,2,SMB,0
MCH-12120,86380.9942226804,1.398209493981068,23,4,1,Mid-Market,0
MCH-12121,40180.76640409181,0.534729558535327,58,2,0,SMB,0
MCH-12122,175754.59615250438,0.9874397245251223,6,2,0,SMB,0
MCH-12123,32043.71135146974,1.3674089628630817,23,0,0,Mid-Market,0
MCH-12124,212104.2688225587,0.8510261654159174,28,2,2,Mid-Market,0
MCH-12125,60118.96858173445,0.9301944095061538,49,4,0,SMB,0
MCH-12126,55347.88547467605,0.4775067454336541,30,1,0,Mid-Market,0
MCH-12127,14073.389785331738,0.705958004493802,14,2,0,Mid-Market,0
MCH-12128,111822.93120440278,0.7569573140858421,37,1,1,SMB,0
MCH-12129,32886.22656751126,1.4396346936193756,55,3,0,SMB,0
MCH-12130,13850.78722413422,0.7109340965952751,32,4,1,SMB,0
MCH-12131,5634.383456146781,0.9069556087966173,49,1,1,SMB,0
MCH-12132,46021.27208569378,1.1384348659207078,34,1,1,Enterprise,0
MCH-12133,42475.25573292516,0.5784017096486651,41,2,0,SMB,0
MCH-12134,68532.9922373547,0.935086625856062,44,3,1,SMB,0
MCH-12135,115481.18028677141,1.2123929434234983,51,1,1,Enterprise,0
MCH-12136,9136.840009027474,1.3535407343297727,22,3,2,Mid-Market,0
MCH-12137,70744.56468802963,1.0888852021286695,31,5,0,SMB,0
MCH-12138,15376.549707763457,1.1359588668486427,7,4,1,Mid-Market,0
MCH-12139,102658.79262842791,0.5389118198430258,41,1,1,Mid-Market,0
MCH-12140,90480.46073055023,1.4403541469709822,21,2,1,Mid-Market,0
MCH-12141,43912.79171495503,0.5458314852329307,16,1,1,SMB,0
MCH-12142,66935.59716560313,1.2521402308999783,20,2,1,SMB,0
MCH-12143,23869.407530569824,0.6912979539561508,43,1,0,SMB,0
MCH-12144,36854.21433947308,1.4269524580713768,44,1,3,SMB,0
MCH-12145,91196.69529794813,1.1919554933064276,47,5,1,SMB,0
MCH-12146,35741.31592120413,1.2291950842762058,50,1,1,Mid-Market,0
MCH-12147,27142.639809327815,0.6409650903658717,19,3,0,SMB,0
MCH-12148,39081.927704243215,0.887343974298677,48,3,1,SMB,0
MCH-12149,93085.5497633712,1.0795945140482153,32,4,1,Mid-Market,0
MCH-12150,25414.057023216683,1.2469709800272613,15,7,2,SMB,0
MCH-12151,14543.59594706478,0.5143553135036285,5,2,0,Mid-Market,0
MCH-12152,67242.17408676418,1.4586018480999812,11,4,1,Mid-Market,0
MCH-12153,92428.7386642449,1.3792427376100118,15,2,1,Enterprise,0
MCH-12154,10303.45380490442,0.6973834495451428,29,2,1,SMB,0
MCH-12155,18713.560915406764,1.305036267335565,50,2,0,Mid-Market,0
MCH-12156,12655.926703041758,0.9701563153438059,45,1,1,Mid-Market,0
MCH-12157,26381.04307780281,0.9079871297182206,4,1,2,Mid-Market,0
MCH-12158,34923.767396010604,0.745877516392546,49,6,0,Mid-Market,0
MCH-12159,74080.53472419114,1.0390654452947516,36,2,1,SMB,0
MCH-12160,57655.31627677508,1.2028780294739576,48,1,0,SMB,0
MCH-12161,53501.53076744655,0.8520261954590341,23,1,0,Mid-Market,0
MCH-12162,26722.16857034855,1.0921411123091214,15,6,0,Mid-Market,0
MCH-12163,97083.49225171542,1.1692442132708343,46,4,0,Mid-Market,0
MCH-12164,36865.49220219631,1.1822339987168147,44,2,0,SMB,0
MCH-12165,198412.12082974456,0.4571627079442983,3,1,0,SMB,0
MCH-12166,55275.51885048863,1.3457225862535735,32,2,1,SMB,0
MCH-12167,11748.892859051262,0.9040786462415528,10,0,0,Mid-Market,0
MCH-12168,61377.997225537765,0.6886576898658359,40,0,1,Mid-Market,0
MCH-12169,24659.834845980513,0.6659409582276499,38,5,0,SMB,0
MCH-12170,62970.24320124432,0.9313155241283456,22,0,1,Mid-Market,0
MCH-12171,8609.245253477216,1.3755146934158553,14,0,0,SMB,0
MCH-12172,14611.409522956075,0.8161823398509116,17,4,0,SMB,0
MCH-12173,101805.95255090651,1.2246983214618976,21,1,0,SMB,0
MCH-12174,17885.427165339242,0.5065006040859406,51,2,1,Mid-Market,0
MCH-12175,95712.8706056416,0.923662372366168,48,3,2,Mid-Market,0
MCH-12176,21374.956968937367,1.4908547544320094,15,3,0,SMB,0
MCH-12177,56484.43838751174,1.2474815830715706,58,2,0,SMB,0
MCH-12178,64233.11842148194,0.6315813372846744,15,5,0,Mid-Market,0
MCH-12179,40939.12406442747,0.9515856210677018,1,3,0,SMB,0
MCH-12180,23214.527509449104,0.6569872400134232,24,0,1,Enterprise,0
MCH-12181,16953.763008234288,0.8505170199887602,55,5,0,Mid-Market,0
MCH-12182,6687.630960528036,1.2580924261084614,55,2,0,SMB,0
MCH-12183,23116.430595060465,1.248347296819444,12,3,0,SMB,0
MCH-12184,57944.987304611,0.6509104156926238,10,1,0,SMB,0
MCH-12185,144277.4722954687,1.4144456499703462,46,2,1,SMB,0
MCH-12186,107476.46330481996,1.0518250010413097,42,0,2,Mid-Market,0
MCH-12187,77635.5512373689,0.817916720058216,42,2,0,SMB,0
MCH-12188,82664.06717068507,0.9521291388589468,52,1,0,Mid-Market,0
MCH-12189,59678.98419608366,1.065578378781518,31,2,0,SMB,0
MCH-12190,20074.64066486351,1.0158795850303641,11,3,0,Enterprise,0
MCH-12191,123862.75460975453,0.935045539089796,54,2,1,SMB,0
MCH-12192,60544.210871003444,0.9554260844983402,16,2,2,Mid-Market,0
MCH-12193,46099.12439431902,0.5940531014706748,9,1,0,Mid-Market,0
MCH-12194,10882.309894213233,1.2940061947351476,47,2,1,SMB,0
MCH-12195,34624.886169196856,0.995936351935117,14,2,0,SMB,0
MCH-12196,35842.49124014978,0.5441878478751734,19,4,2,Mid-Market,0
MCH-12197,104962.65959284821,1.2427728117410557,31,1,1,SMB,0
MCH-12198,44554.344949288214,1.4256883762150858,9,3,0,SMB,0
MCH-12199,28934.102822378925,1.4420375891606585,36,1,0,Enterprise,0
MCH-12200,193180.85801761693,0.8059195056522901,53,2,0,SMB,0
MCH-12201,10867.189981337924,0.5490685609168295,39,2,0,SMB,0
MCH-12202,32456.534932566752,0.9702395892963718,54,0,0,Mid-Market,0
MCH-12203,7146.66291534407,0.5238701522841428,26,1,1,Mid-Market,1
MCH-12204,72335.24748315729,1.4273861603638789,8,3,0,SMB,0
MCH-12205,130098.5015581939,0.6019375900906606,24,3,0,SMB,0
MCH-12206,21427.79574570097,0.6780424459462806,8,2,0,Mid-Market,0
MCH-12207,102716.86477564147,0.8473001795734676,19,1,0,SMB,0
MCH-12208,22280.973395914967,0.8214809154150384,47,1,0,Mid-Market,0
MCH-12209,125826.98923069854,1.274129181637678,48,0,0,SMB,0
MCH-12210,75113.44458060847,0.9019485026060586,30,1,0,Mid-Market,0
MCH-12211,86713.88835882193,0.5878450860036706,58,2,0,SMB,0
MCH-12212,5908.532320708223,0.6939308850346815,22,0,1,Enterprise,0
MCH-12213,169586.24862181986,0.9600247237062743,55,3,1,SMB,0
MCH-12214,69853.95260823416,0.5621993091687484,9,2,0,SMB,0
MCH-12215,23174.268069886148,1.0728212432106154,58,4,0,SMB,0
MCH-12216,93420.11858024538,1.0223220372062607,58,1,1,SMB,0
MCH-12217,21530.953880365956,1.1861725480204837,44,4,1,SMB,0
MCH-12218,108081.58987072083,1.4314750769173044,48,2,0,Mid-Market,1
MCH-12219,10971.867124054712,1.4034800172112711,4,1,1,Mid-Market,0
MCH-12220,65816.77500220932,1.4406831798757147,37,5,0,SMB,0
MCH-12221,43902.418548362766,0.6691871567260711,8,5,0,SMB,0
MCH-12222,10075.866076325477,0.54472183730329,1,2,0,Mid-Market,0
MCH-12223,18846.59174441507,0.7325043705460934,28,2,0,SMB,0
MCH-12224,5624.080423751401,1.384593690042946,6,3,1,SMB,0
MCH-12225,36627.8188330141,1.4692588220858371,47,3,1,SMB,0
MCH-12226,22924.20474185972,1.3452574461775237,36,2,1,SMB,0
MCH-12227,50609.6425207786,0.521019493240298,53,3,1,SMB,0
MCH-12228,22636.835997261835,1.4421707978657725,11,2,0,Mid-Market,0
MCH-12229,22827.969781233704,0.8656938300858646,5,0,0,SMB,0
MCH-12230,72971.56114135131,0.4102413198385891,50,2,0,Mid-Market,0
MCH-12231,7467.014661997768,0.8866331148230131,24,4,0,SMB,0
MCH-12232,121598.11810955894,0.4506760866430144,47,0,0,SMB,0
MCH-12233,100616.37658070381,0.9982657132772293,18,4,1,SMB,0
MCH-12234,60101.6089756706,0.7724094301807565,20,0,0,Enterprise,0
MCH-12235,49974.332003817006,0.9207784269534537,28,2,0,SMB,0
MCH-12236,116421.44452215279,1.0744873968174287,13,0,1,SMB,0
MCH-12237,15248.61880419944,1.3556812053996024,5,1,0,SMB,0
MCH-12238,9113.088016205122,1.1280917341191214,30,2,0,SMB,0
MCH-12239,18689.627001715948,0.8774537553259989,1,1,0,SMB,0
MCH-12240,84134.5117931367,1.3013706390374016,22,4,1,SMB,0
MCH-12241,6764.2771747663255,1.3961403513304456,18,2,1,SMB,0
MCH-12242,48710.296960978354,0.531735963075417,46,0,1,Enterprise,0
MCH-12243,274494.40544300416,0.9851262753080706,5,1,0,SMB,0
MCH-12244,101791.68719178844,0.7129631557166887,31,4,0,Mid-Market,0
MCH-12245,41849.278600440884,0.4517673176646422,6,6,0,SMB,1
MCH-12246,8287.811607626576,1.135401364625384,27,1,0,SMB,0
MCH-12247,94003.45771633697,1.3490478552051481,56,3,0,Enterprise,0
MCH-12248,50687.012877185276,0.5791929199251336,25,2,0,Mid-Market,0
MCH-12249,11104.596365140864,1.2936550233862907,29,0,0,Mid-Market,0
MCH-12250,9927.923153723075,1.3387353068906358,28,4,2,Mid-Market,1
MCH-12251,125190.38653921694,1.4057744869331321,16,3,3,Enterprise,0
MCH-12252,60312.10553440256,0.6918135979946577,54,0,1,SMB,0
MCH-12253,93388.51597612024,1.3943483717088783,53,0,1,SMB,0
MCH-12254,110589.51853774708,0.7527290302100755,12,2,1,SMB,0
MCH-12255,47405.01685324601,1.0075718148010533,20,3,1,Mid-Market,0
MCH-12256,41433.158815578936,0.4555582179155104,18,2,0,Mid-Market,0
MCH-12257,33143.45210472871,0.448269197205618,34,2,0,Mid-Market,0
MCH-12258,24059.111005669158,1.1924105340054232,55,1,3,SMB,0
MCH-12259,33510.73449415669,0.8889279757755701,53,3,0,Enterprise,0
MCH-12260,79334.3962333363,0.6819216129061394,23,3,0,SMB,0
MCH-12261,51055.545390855514,0.6094548456274013,45,1,0,Mid-Market,0
MCH-12262,116524.0552814668,1.13694883994514,27,1,0,SMB,0
MCH-12263,34293.626196097204,0.40044169842787386,49,2,0,Enterprise,0
MCH-12264,51708.681438264444,1.2864802861165399,17,3,0,SMB,0
MCH-12265,54889.622984546324,0.4871745667429217,48,2,1,SMB,0
MCH-12266,49787.30653297564,0.6106385763989315,21,2,1,Enterprise,0
MCH-12267,65639.5406276489,0.8248600348289986,50,1,0,Enterprise,0
MCH-12268,18553.275985830638,0.933344613687714,40,4,0,SMB,0
MCH-12269,40909.2798451207,0.790494627395336,31,1,0,Enterprise,0
MCH-12270,10503.28967391654,0.7527833814827234,3,0,1,Mid-Market,0
MCH-12271,29266.936874952982,1.4603076132805075,17,3,2,SMB,0
MCH-12272,38439.03043343766,1.1057376493677338,50,0,0,SMB,0
MCH-12273,57809.871545964415,0.4257762509041271,58,2,2,SMB,0
MCH-12274,155320.50656159714,0.8731934992887446,26,3,1,SMB,0
MCH-12275,50895.98621665501,1.3625095697183673,23,3,0,Mid-Market,0
MCH-12276,73049.6413178296,0.7316018050517348,6,3,0,SMB,0
MCH-12277,40287.924442783864,0.5040119792518271,28,1,0,Mid-Market,0
MCH-12278,55270.31123587008,1.2342232487489095,8,2,0,Mid-Market,0
MCH-12279,8678.678924806502,1.0666152151296895,55,2,0,Mid-Market,0
MCH-12280,19677.736194256955,1.0273437586091543,58,0,1,Enterprise,0
MCH-12281,27459.338035474524,0.45893421556814873,45,0,0,Mid-Market,0
MCH-12282,36979.690828360435,0.5545489107750691,8,2,0,SMB,0
MCH-12283,7336.1742001170605,1.0848043358344253,19,2,0,Mid-Market,0
MCH-12284,12542.54552689986,0.6286062256047195,38,3,0,Enterprise,0
MCH-12285,21204.462705167058,0.9544770877232668,29,3,1,SMB,0
MCH-12286,182949.94496157955,0.9993698546323329,23,1,0,Enterprise,0
MCH-12287,25124.502432205598,0.7118579092980334,47,2,0,SMB,0
MCH-12288,37892.96513143755,1.4432676710956422,32,1,1,SMB,0
MCH-12289,15913.87752228215,1.3267105175191327,10,1,0,Mid-Market,0
MCH-12290,52180.536256995794,1.1946108583960784,27,0,0,Mid-Market,0
MCH-12291,21472.671395570604,0.48579325305035004,49,3,1,Mid-Market,0
MCH-12292,16596.13492746251,0.5167430212399214,1,2,1,SMB,0
MCH-12293,41342.70946622103,0.9420594804514514,39,2,0,Mid-Market,0
MCH-12294,5276.050596865489,0.5767846841100843,29,0,1,Mid-Market,0
MCH-12295,5384.677613520015,1.4760920098824215,59,3,0,SMB,0
MCH-12296,17363.41184337153,0.5743722574301504,45,2,0,SMB,0
MCH-12297,6870.628291909791,0.9362146190103714,3,3,0,Mid-Market,0
MCH-12298,10715.90095813831,0.800533162525656,51,2,0,SMB,0
MCH-12299,25689.532170251543,1.1033250635995078,47,5,1,SMB,0
MCH-12300,86122.53047128231,0.5419400497783674,37,3,2,SMB,0
MCH-12301,47437.28712956564,0.87334807084663,31,0,2,Mid-Market,0
MCH-12302,40940.45504940313,0.7021755360878581,11,3,0,SMB,0
MCH-12303,22370.812851832372,1.3765266771388571,22,2,1,SMB,0
MCH-12304,139231.6171793108,0.44464428334816464,18,4,1,SMB,0
MCH-12305,30293.151328733416,1.4051002434071052,35,2,0,SMB,0
MCH-12306,9556.050505828778,1.3162935524083006,6,4,1,SMB,0
MCH-12307,52994.6988104977,0.7273277880848971,3,4,3,SMB,0
MCH-12308,11042.797243533147,1.268219720144815,5,2,0,SMB,0
MCH-12309,26173.03887116328,0.43433491637262234,9,2,0,SMB,0
MCH-12310,40404.1014859873,1.4635521053227332,28,3,1,Enterprise,0
MCH-12311,108662.05011494583,0.9792544368487683,19,2,0,SMB,0
MCH-12312,39016.14623279765,0.7336091286719899,28,2,0,Mid-Market,0
MCH-12313,65576.52560462551,0.7988415338541448,27,3,0,Mid-Market,0
MCH-12314,251800.7870989055,0.47304588880654713,13,3,1,SMB,0
MCH-12315,12048.758295799078,1.488284465446243,38,2,0,SMB,0
MCH-12316,21060.669152345083,0.4432211396657617,43,2,1,Enterprise,0
MCH-12317,30091.318241823745,1.120397835462645,53,2,2,Mid-Market,0
MCH-12318,32394.2092760732,0.8870095204771042,21,4,0,SMB,0
MCH-12319,31468.24387031414,1.4438078400075867,27,4,2,SMB,1
MCH-12320,124087.36913559573,0.6705997143374747,46,3,2,SMB,0
MCH-12321,67593.88080847127,0.9852955063318125,6,2,0,Mid-Market,0
MCH-12322,51812.58338158763,0.9305918294410284,38,4,2,Enterprise,0
MCH-12323,23507.749491469942,1.1731530884551116,49,2,1,SMB,0
MCH-12324,91804.04969388556,0.4748112551476626,11,2,0,SMB,0
MCH-12325,160121.9196899078,0.6131680430256904,47,6,0,SMB,0
MCH-12326,91073.8905432533,0.6360213021021348,41,1,1,Enterprise,0
MCH-12327,5078.316562402088,1.2119658303258587,53,0,0,SMB,0
MCH-12328,55585.23425335606,0.6080525659594141,17,1,1,Mid-Market,0
MCH-12329,7624.457374752228,1.0308409402800744,56,1,1,SMB,0
MCH-12330,19893.841161123783,0.636768202551049,39,2,0,Mid-Market,0
MCH-12331,8068.494679098316,1.3477874450923764,7,0,2,SMB,0
MCH-12332,51291.233406439605,1.4364039999386025,30,5,1,Enterprise,0
MCH-12333,63012.13827223802,0.9703422724364645,21,4,0,SMB,0
MCH-12334,11079.443072840651,0.7875397726300961,1,3,0,Mid-Market,0
MCH-12335,29212.339807468023,0.6574635525192492,25,2,1,SMB,0
MCH-12336,35462.04428853946,0.45475910167534817,32,1,0,Mid-Market,0
MCH-12337,28026.67240593697,0.695350083817245,59,2,1,SMB,0
MCH-12338,11449.941183205865,1.1196593579398497,57,3,0,SMB,0
MCH-12339,32145.73320919404,0.986978624440132,8,4,0,SMB,0
MCH-12340,74550.8844864037,1.4384454061090204,5,1,1,SMB,0
MCH-12341,8682.739525361805,0.8359049887408707,30,0,1,SMB,0
MCH-12342,9178.864778237989,1.1632496765612341,51,1,0,SMB,0
MCH-12343,26907.52193682152,0.9382550222226336,8,0,1,SMB,0
MCH-12344,147129.71527639203,0.9638338375166329,49,2,1,SMB,0
MCH-12345,60217.33194204588,0.6945517460645293,19,2,0,SMB,0
MCH-12346,61764.325584984144,0.9004458545261997,44,0,0,SMB,0
MCH-12347,27464.57986449028,0.917863496713978,59,0,0,SMB,0
MCH-12348,50028.348928672305,1.1773067739238274,55,0,0,SMB,0
MCH-12349,5509.142687627154,1.4347039991047255,30,0,0,Mid-Market,0
MCH-12350,55543.26549630213,0.7622534052307548,15,2,0,SMB,0
MCH-12351,127257.54297699063,0.4464205154394283,36,3,0,Mid-Market,0
MCH-12352,52411.45219464216,0.9459246380507037,55,2,0,SMB,0
MCH-12353,108454.20566187717,0.9989074653640855,44,2,0,Enterprise,0
MCH-12354,69362.83964535804,0.5852846062451068,27,3,0,SMB,0
MCH-12355,11423.406851299853,1.2365110669036734,13,2,0,Mid-Market,0
MCH-12356,121371.20579908871,1.483422019285641,14,3,0,SMB,0
MCH-12357,8437.708089506856,1.4403521887093071,37,3,1,SMB,0
MCH-12358,43174.99229464235,0.6168166427060174,54,3,0,SMB,0
MCH-12359,12665.55051037578,1.3628995638908368,48,2,0,SMB,0
MCH-12360,5588.783630724101,1.1749430000528531,30,0,0,SMB,0
MCH-12361,32412.03428218688,0.8992312201876028,39,4,1,SMB,0
MCH-12362,22480.76095951888,0.994672093757202,47,1,0,Enterprise,0
MCH-12363,38276.648711157955,1.334560192480704,13,2,0,SMB,0
MCH-12364,48042.787854620365,0.9281484336022106,58,3,2,SMB,0
MCH-12365,7236.223312795628,0.8105281060156396,16,5,0,Mid-Market,0
MCH-12366,11562.602194234074,0.9425722423285845,44,1,1,Mid-Market,0
MCH-12367,45894.99198641233,1.0370427844385541,7,2,0,SMB,0
MCH-12368,26016.300809552897,0.6079854191561838,48,2,1,Mid-Market,0
MCH-12369,70313.84192807291,1.3909985032936898,55,3,0,SMB,0
MCH-12370,57819.561062585504,1.1416056437125754,55,3,0,SMB,0
MCH-12371,98411.8449748684,1.0965958090712378,27,1,1,SMB,0
MCH-12372,63962.84320513487,0.509445848798702,45,4,1,SMB,0
MCH-12373,33099.90043020031,1.064591331989851,55,2,2,SMB,0
MCH-12374,60884.65205528075,0.5330567284623415,35,3,0,SMB,0
MCH-12375,21105.475999006463,0.486567442714939,15,1,0,SMB,0
MCH-12376,23286.757394049724,0.9800419852066327,28,3,1,SMB,0
MCH-12377,82791.34079251587,0.8430640874511446,35,1,1,Mid-Market,0
MCH-12378,34567.40644578377,1.0476912971718457,7,1,0,Mid-Market,0
MCH-12379,85068.61151346733,0.4981443848629625,50,1,1,Mid-Market,0
MCH-12380,91417.37171109364,0.8740813691319843,46,4,0,Mid-Market,0
MCH-12381,102442.54161289727,0.5922653865496739,50,2,1,Mid-Market,0
MCH-12382,129226.47754965886,1.4858100945165282,51,0,2,Mid-Market,0
MCH-12383,33192.44353499047,1.017265233678692,46,1,0,SMB,0
MCH-12384,24199.87120715736,1.1561805470349542,20,4,0,SMB,0
MCH-12385,48637.47149250416,0.7579601087508687,32,1,0,SMB,0
MCH-12386,28194.909148629496,0.5042128062572786,38,1,0,SMB,0
MCH-12387,50948.98805376317,1.4734579490618902,40,3,1,SMB,0
MCH-12388,66138.39361847306,0.7148849389215015,32,0,0,SMB,0
MCH-12389,63302.55353370436,0.8661890036909317,26,1,1,Enterprise,0
MCH-12390,28464.425212038994,1.1148503138728327,58,1,0,SMB,0
MCH-12391,14127.691290240818,0.42716702745472246,39,2,0,SMB,0
MCH-12392,33152.40067989305,1.2912850435690157,20,2,1,SMB,0
MCH-12393,12692.194749305025,0.9902360090314823,18,1,0,Mid-Market,0
MCH-12394,115407.87202685334,0.7060389057757044,50,2,0,SMB,0
MCH-12395,26223.028808697003,0.4677687838217162,15,1,0,SMB,0
MCH-12396,13388.975176259995,0.5787482570218856,52,2,0,Enterprise,0
MCH-12397,6288.8577198338335,1.3845372447387807,22,2,1,Mid-Market,0
MCH-12398,56897.83790103036,1.15462664632948,51,4,0,Mid-Market,0
MCH-12399,55654.169149841,0.6748918938005788,22,1,2,Enterprise,0
MCH-12400,25821.56335553708,0.4721608414395325,53,4,0,SMB,0
MCH-12401,8720.656488813725,1.1596768436253,21,3,1,Mid-Market,0
MCH-12402,31350.19740558731,1.0296484985645415,2,3,0,SMB,0
MCH-12403,23641.486276414165,0.8449714769040586,40,1,0,Mid-Market,0
MCH-12404,61523.82615793507,0.7999725941090703,53,3,0,SMB,0
MCH-12405,51542.21230029178,0.6384957035220191,43,2,1,SMB,0
MCH-12406,27674.534327944588,1.1365723821912694,18,2,0,SMB,0
MCH-12407,17288.157461212413,1.4677348305732578,23,1,1,SMB,0
MCH-12408,226292.5154682265,0.5932867704205085,13,1,0,SMB,0
MCH-12409,35256.96362326469,1.0568282820170538,41,0,0,SMB,0
MCH-12410,63281.57192596624,0.8666035613205738,9,3,1,Mid-Market,0
MCH-12411,12573.304104734127,0.8913575939191314,49,3,1,SMB,0
MCH-12412,38236.70411344603,0.6795620081405959,7,3,1,SMB,1
MCH-12413,6396.148121146265,1.307648363227561,41,1,1,Mid-Market,0
MCH-12414,40205.8684735351,0.9337811645619652,54,1,0,Mid-Market,0
MCH-12415,171235.99942560744,0.9977464374180905,1,1,0,SMB,0
MCH-12416,29242.1972397371,0.7352370040770584,2,6,0,SMB,0
MCH-12417,6988.836038739157,0.5999893122336448,4,3,0,Mid-Market,0
MCH-12418,6572.252236291826,0.49450142702310257,14,1,0,SMB,0
MCH-12419,29550.068131504075,1.1855310550174076,32,4,2,SMB,0
MCH-12420,13719.153692556543,0.6158577098566412,36,1,0,SMB,0
MCH-12421,6181.453854060028,1.1590828896076775,2,1,1,Enterprise,0
MCH-12422,75573.14520714553,0.8294140906516494,40,2,0,SMB,0
MCH-12423,35672.73522269077,0.8573522810886167,50,0,0,SMB,0
MCH-12424,22071.35864146678,0.9160952457020489,51,2,0,Mid-Market,0
MCH-12425,120170.86346607716,0.8044793589402975,14,0,2,SMB,0
MCH-12426,11172.771174893267,0.5106819749448491,20,1,0,SMB,0
MCH-12427,161086.1274070487,0.7405949910031304,25,3,0,SMB,0
MCH-12428,23841.456774526312,1.1301077967633324,42,3,2,Enterprise,0
MCH-12429,114643.3567784054,1.132362841615758,49,2,1,Mid-Market,0
MCH-12430,51183.75603423861,0.7148467379639938,8,1,0,Mid-Market,0
MCH-12431,92638.6775688192,0.9061128892134568,28,0,1,SMB,0
MCH-12432,211799.47980001412,0.6127919508131312,46,2,0,SMB,0
MCH-12433,22012.348244930585,0.6314092896828194,21,1,1,SMB,0
MCH-12434,167383.68329798273,0.4253517972472682,23,2,0,SMB,0
MCH-12435,29672.366484581093,1.3864212048985192,32,4,0,Mid-Market,0
MCH-12436,29348.28616049801,0.6317773315823969,8,1,0,SMB,0
MCH-12437,25805.10688152398,0.6502872646301097,31,4,0,Mid-Market,0
MCH-12438,43979.67484469401,0.707561575909645,37,0,0,SMB,0
MCH-12439,13370.36899559433,0.540148878864972,16,1,2,SMB,0
MCH-12440,45339.482114578364,1.103189171499499,40,0,0,Mid-Market,0
MCH-12441,44012.089404475635,0.48265724849534525,42,1,2,SMB,0
MCH-12442,76753.60691532478,0.5476226689589854,27,1,1,Mid-Market,0
MCH-12443,94683.05238542266,1.1092323992491022,40,5,1,SMB,0
MCH-12444,34030.34657725327,0.773626682529587,41,1,1,Mid-Market,0
MCH-12445,23000.686241447333,1.178742609371308,18,1,1,Enterprise,0
MCH-12446,20010.335452106865,1.0131672191371563,35,0,0,SMB,0
MCH-12447,15822.291355506095,0.6816232903676644,49,3,1,SMB,0
MCH-12448,7968.79789041904,1.1159107455382609,52,2,1,SMB,0
MCH-12449,25961.569920849488,0.5279010483221688,15,2,2,Mid-Market,0
MCH-12450,20752.50533525845,0.9900514213880335,53,2,0,SMB,0
MCH-12451,174687.33912148303,0.8808629155495382,27,3,1,SMB,0
MCH-12452,45789.34248270577,0.6946609410991849,17,1,2,Mid-Market,0
MCH-12453,26330.12477585504,1.0644054975134503,40,1,2,Mid-Market,0
MCH-12454,48430.72618112863,1.3584669515743109,2,1,1,Enterprise,0
MCH-12455,12494.462875107238,1.4987951697393846,49,3,0,SMB,0
MCH-12456,34353.283672145146,1.068539045617767,50,4,0,SMB,0
MCH-12457,54206.31028910056,0.8451764617620872,31,3,1,Mid-Market,0
MCH-12458,38559.28854897375,0.6477278102378218,37,0,0,SMB,0
MCH-12459,30689.7347427876,0.6828056983346229,41,3,0,Mid-Market,0
MCH-12460,259552.06319712303,0.9274004759647423,41,3,3,Mid-Market,0
MCH-12461,111144.50001233983,0.8040054714087802,34,0,0,SMB,0
MCH-12462,53829.37419034039,1.4051959748874387,34,3,0,SMB,0
MCH-12463,47126.15601905684,0.8051250144212805,51,4,0,SMB,0
MCH-12464,53466.182165997714,0.810789050259979,55,1,1,SMB,0
MCH-12465,16239.251629289252,0.8218879636773747,59,3,0,SMB,0
MCH-12466,30137.726084509843,1.320282231404424,3,2,0,Mid-Market,1
MCH-12467,7012.958318288011,1.115867152931592,17,1,0,SMB,0
MCH-12468,37269.881452178975,1.075585735350782,14,5,0,SMB,0
MCH-12469,44156.28418764873,0.7675573246222485,14,1,0,SMB,0
MCH-12470,17922.330272947285,1.2996945945156835,46,0,0,SMB,0
MCH-12471,171251.89859498883,0.4422002474912713,38,2,0,SMB,0
MCH-12472,125095.20086993214,1.3578768895719247,35,1,0,SMB,0
MCH-12473,69032.47667618975,0.9640248897733227,1,4,0,SMB,0
MCH-12474,43112.71315329662,0.8380752583497542,48,1,1,SMB,0
MCH-12475,106999.18115913103,0.9468840087894543,29,1,1,SMB,0
MCH-12476,12000.608453811546,1.1341570835872141,4,2,0,Mid-Market,0
MCH-12477,83153.91457141175,0.4140419691696871,33,1,0,SMB,0
MCH-12478,11666.331477601192,1.3587070421040726,17,3,0,SMB,0
MCH-12479,84045.11335870843,0.8914134778425322,28,5,0,Enterprise,0
MCH-12480,21132.144989567132,0.7772631716700861,50,1,1,Mid-Market,0
MCH-12481,109815.38129752246,0.5520701221974629,26,2,1,SMB,0
MCH-12482,149157.77731750818,0.8834119117942865,8,3,4,SMB,1
MCH-12483,13055.17126073048,0.9459550484128167,34,3,1,Mid-Market,0
MCH-12484,36057.66397295583,0.8440113639428256,59,3,1,SMB,0
MCH-12485,203132.61065714856,1.1465261032095868,18,2,0,SMB,0
MCH-12486,38025.039624369056,0.8629861816351487,31,0,1,SMB,0
MCH-12487,104588.94376326063,1.4575593356312306,59,2,0,Enterprise,0
MCH-12488,49425.45234621249,1.059205269605951,27,3,0,SMB,0
MCH-12489,28526.58106401821,1.2882257292171,16,2,1,SMB,0
MCH-12490,21828.460953003796,0.5202914934204268,58,0,1,SMB,0
MCH-12491,16359.027645419319,0.8370204222404963,10,3,0,SMB,0
MCH-12492,76731.85146084777,0.770532471591868,40,4,0,SMB,0
MCH-12493,29432.052140118794,1.026430626950251,12,1,1,Enterprise,0
MCH-12494,40797.81328070311,1.3472248720675681,22,4,0,SMB,0
MCH-12495,38895.737270445454,0.48617203953820737,16,0,0,Enterprise,0
MCH-12496,48052.1480586775,0.4798322778491819,12,3,0,SMB,0
MCH-12497,105338.24089565735,1.3353494789733589,11,3,0,SMB,0
MCH-12498,202484.53956678414,0.6341350946421932,20,3,0,SMB,0
MCH-12499,31177.327012433343,1.1356285798947952,51,3,0,SMB,0
MCH-12500,92873.38709486766,0.9971659455968858,1,2,0,SMB,0
MCH-12501,77308.11982512931,1.3161829543759525,27,1,0,Mid-Market,0
MCH-12502,47610.53979223314,0.5375978008200439,3,3,2,SMB,0
MCH-12503,161231.88325989674,0.5427612622948724,12,1,0,SMB,0
MCH-12504,16186.843585222507,1.0125001963061384,30,3,1,Mid-Market,0
MCH-12505,10785.371390988224,1.4410165186942079,9,3,1,SMB,0
MCH-12506,101194.4095446393,0.8564975342078298,53,3,1,SMB,1
MCH-12507,33915.073097373825,0.7596363102801644,54,2,0,SMB,0
MCH-12508,98855.69055162965,1.0673582555176746,37,3,2,SMB,0
MCH-12509,116788.49196435585,1.4234934605995342,1,1,1,Mid-Market,0
MCH-12510,8224.66443437917,1.320620616129086,42,2,1,SMB,0
MCH-12511,112478.07940351615,1.495031971806542,49,1,0,Enterprise,0
MCH-12512,34739.26993342124,0.4248254415226148,4,4,1,Mid-Market,0
MCH-12513,40711.64541230529,0.5241439591840384,15,3,0,SMB,0
MCH-12514,54254.249604265104,1.0704145397032843,51,4,0,SMB,0
MCH-12515,135443.69797823878,1.3026340832672347,27,4,0,Mid-Market,0
MCH-12516,5965.058468279292,0.7137687765374432,8,4,1,Mid-Market,0
MCH-12517,37393.72819689116,0.6631321968376407,23,4,1,SMB,0
MCH-12518,63193.07990668292,1.2656733793193211,15,1,0,Enterprise,0
MCH-12519,69134.02087725523,0.4620200392385548,27,0,0,Enterprise,0
MCH-12520,63969.28328555539,0.8063209123408437,31,0,1,SMB,0
MCH-12521,12218.647779765466,0.9563901448515628,39,4,0,Mid-Market,0
MCH-12522,22790.593565488703,1.016383541785356,47,3,0,SMB,0
MCH-12523,27214.106120466735,1.2014766724720547,8,0,1,SMB,0
MCH-12524,86593.68813932607,0.7903302957737242,30,1,1,SMB,0
MCH-12525,21339.1574588316,1.073952779142068,58,2,0,SMB,0
MCH-12526,16830.754561812428,1.043912965070052,55,1,0,Mid-Market,0
MCH-12527,162851.4434475004,1.0023777107191219,42,1,0,SMB,0
MCH-12528,5445.139883614262,1.1045316224564337,18,6,0,SMB,0
MCH-12529,311441.14969520434,0.6853940881748839,4,1,1,Mid-Market,0
MCH-12530,61477.49272183766,0.4931136289430919,47,2,0,SMB,0
MCH-12531,93149.6508219185,0.5311988392437178,43,0,0,SMB,0
MCH-12532,22450.887925246032,0.6470406209192912,22,1,0,SMB,0
MCH-12533,5720.936486900576,0.9502177290750639,3,1,0,SMB,0
MCH-12534,71945.64392173503,1.3244870256006223,15,2,1,Mid-Market,0
MCH-12535,94831.94682467004,1.1714226762972226,35,1,1,SMB,0
MCH-12536,72445.3301774047,1.2679446646222519,47,0,0,SMB,0
MCH-12537,12707.134085511085,0.7860731863187006,38,1,0,SMB,0
MCH-12538,75005.04618021271,0.8451191158134053,33,3,0,SMB,0
MCH-12539,78250.16738640082,0.8330500745896742,14,1,0,SMB,0
MCH-12540,58726.31236659405,0.6110605028449517,48,1,0,SMB,0
MCH-12541,77646.48628462065,0.46733832395792924,1,3,0,SMB,0
MCH-12542,98514.63373394024,1.0500077021099496,53,3,1,SMB,0
MCH-12543,52544.64121564652,1.488138351762645,49,1,1,SMB,0
MCH-12544,9638.928619745788,0.5835126754452892,26,0,1,SMB,0
MCH-12545,38435.19918938111,0.45135330188920114,8,4,0,SMB,0
MCH-12546,9041.489828716267,1.2574848500063265,50,2,1,Mid-Market,0
MCH-12547,31173.851741266764,0.6778446073531967,16,1,0,Mid-Market,0
MCH-12548,31137.023652531556,1.3126081858882213,38,3,0,SMB,0
MCH-12549,8414.469028677539,1.174330333737967,10,1,0,Mid-Market,0
MCH-12550,26448.499864969035,1.4402408907558852,42,1,4,Enterprise,1
MCH-12551,10882.795243903625,0.8498199593323392,37,4,0,SMB,0
MCH-12552,87574.28550377401,1.1281668233956976,26,4,1,Mid-Market,0
MCH-12553,152526.49925309993,0.9113402588945978,28,1,0,SMB,0
MCH-12554,8753.231686622788,1.093647567039398,12,2,0,Enterprise,0
MCH-12555,160182.8117034343,0.8945587966085111,20,4,1,SMB,0
MCH-12556,41967.57746943806,0.6074954710664824,49,2,1,Enterprise,0
MCH-12557,22802.733813930103,0.958687157603719,14,2,0,SMB,0
MCH-12558,8998.831236978604,0.9814426215811867,46,1,2,SMB,0
MCH-12559,39719.82483856968,1.2916642330861774,35,2,0,Mid-Market,0
MCH-12560,84119.2445098809,1.2090727763729394,29,1,0,Mid-Market,0
MCH-12561,66393.89288918249,1.1301707863355885,12,3,1,Mid-Market,0
MCH-12562,7576.561474802324,0.5247258051078298,52,4,0,Mid-Market,0
MCH-12563,8784.791202912624,1.1926779197300865,18,3,1,Mid-Market,0
MCH-12564,30781.296560804385,0.9503356719899664,44,1,0,Mid-Market,0
MCH-12565,22498.48046900245,1.3835094897167752,2,0,3,SMB,0
MCH-12566,18223.30458662798,1.4118580275435972,2,1,2,SMB,0
MCH-12567,21495.00892277558,0.460672249661964,59,4,1,SMB,0
MCH-12568,86350.2515578358,1.3027057163899267,17,1,1,Mid-Market,0
MCH-12569,137414.62972717138,0.4414671294649377,10,2,1,SMB,0
MCH-12570,30968.324208876682,0.803886588264525,18,0,1,SMB,0
MCH-12571,123282.10341214451,0.9965299731831871,22,5,2,SMB,0
MCH-12572,24393.22320286248,0.5629108784898402,19,2,0,Enterprise,1
MCH-12573,37354.89429947621,1.2209451938259845,58,1,1,SMB,0
MCH-12574,17811.04354863943,0.4091901745893525,53,3,1,SMB,0
MCH-12575,56148.72309857723,0.5854589532774406,1,4,1,SMB,0
MCH-12576,198116.6983988161,1.0388765128388233,24,1,0,SMB,0
MCH-12577,51253.0912905048,1.1858263182410216,36,1,1,SMB,0
MCH-12578,27143.87143033421,1.4083074129633077,25,4,0,SMB,0
MCH-12579,57180.28092377419,1.1760463171280864,36,4,1,SMB,0
MCH-12580,11557.892212615534,1.1389571972803525,31,1,1,Mid-Market,0
MCH-12581,114757.92178331531,0.8337752609857307,31,2,0,Mid-Market,0
MCH-12582,39966.70911016173,0.40141286807948157,2,3,0,SMB,0
MCH-12583,34832.77059530509,0.5321751846091842,19,2,0,Mid-Market,0
MCH-12584,49078.13802699802,0.9880099992316431,53,3,2,Mid-Market,0
MCH-12585,54012.65265759135,1.1426428744288617,12,2,0,Mid-Market,0
MCH-12586,8724.099362783249,0.8591931122861087,10,8,1,SMB,1
MCH-12587,62382.336476218996,1.2037469126812295,31,2,0,SMB,0
MCH-12588,18849.088294575522,0.9740485248653967,45,1,0,Mid-Market,0
MCH-12589,67579.89306347669,0.48159381515374344,22,1,0,SMB,0
MCH-12590,91449.03569908596,0.6112178760647438,23,0,0,SMB,0
MCH-12591,86471.44729977396,1.3239980455683373,52,0,0,SMB,0
MCH-12592,45204.04515374513,1.1974040212868835,23,2,0,Mid-Market,0
MCH-12593,41716.15900233151,1.3842381857137447,15,1,1,SMB,0
MCH-12594,12708.631748212545,0.5293129740330302,26,3,0,SMB,0
MCH-12595,79659.72538187141,1.4892447880765816,3,2,0,Mid-Market,0
MCH-12596,20832.163455430324,0.630347385344927,23,1,1,Mid-Market,0
MCH-12597,39327.98854498613,0.41295786391530626,20,1,0,SMB,0
MCH-12598,21722.899833187104,1.4971652329589098,45,2,1,SMB,0
MCH-12599,12183.609745364809,0.7091812739896245,40,4,2,Mid-Market,0
MCH-12600,54652.87867379612,1.134821397763816,57,2,0,SMB,0
MCH-12601,7793.1879862958185,0.5943505455939357,39,2,0,Mid-Market,0
MCH-12602,74044.49639590402,1.038251385419056,56,1,1,Mid-Market,0
MCH-12603,24105.996627694825,1.3944384851000153,8,1,1,SMB,0
MCH-12604,5006.735103820134,0.7521992841712826,18,1,0,SMB,0
MCH-12605,40782.84564022226,1.1372793736487952,41,1,1,SMB,0
MCH-12606,7399.249618062609,0.6066939476782582,6,2,0,Mid-Market,1
MCH-12607,21159.905495488987,1.087274938590598,27,2,1,SMB,0
MCH-12608,66375.12127966616,0.7700953869992613,36,4,0,SMB,0
MCH-12609,8237.04023294134,0.6323290844467468,15,3,1,SMB,0
MCH-12610,96422.77821073931,0.7445002557739987,37,4,0,SMB,0
MCH-12611,5191.361859819803,0.5967251753585794,58,5,1,SMB,0
MCH-12612,19172.808654574776,1.3921077186216713,5,3,2,SMB,0
MCH-12613,72527.84231555522,0.8369055749488418,39,2,0,Mid-Market,0
MCH-12614,24009.619755987485,0.6698072354718041,9,1,1,SMB,0
MCH-12615,10373.269137189676,0.8932486251175262,7,3,0,SMB,0
MCH-12616,27332.6333782404,0.7525897834871451,41,2,0,Mid-Market,0
MCH-12617,20762.4819244378,1.2188611791946586,20,0,0,Mid-Market,0
MCH-12618,97483.80685685146,1.468341903074044,10,4,0,Mid-Market,0
MCH-12619,23796.37726469199,0.8818370223674116,26,3,1,SMB,0
MCH-12620,82778.85788656754,1.3471367399694645,4,2,1,SMB,0
MCH-12621,116222.04538520142,1.0224493809155817,38,0,1,SMB,0
MCH-12622,33441.93362716482,0.5729592316036569,24,1,2,Mid-Market,0
MCH-12623,125365.70365805984,1.1596850162894758,14,6,0,Mid-Market,0
MCH-12624,28685.9705279758,0.9647779468384022,41,1,1,Mid-Market,0
MCH-12625,171320.84760843578,1.1156671755773138,1,3,1,SMB,0
MCH-12626,9676.512090618075,1.3786561538288316,17,2,0,Mid-Market,0
MCH-12627,63080.68223299942,0.8844780277216507,45,4,0,Mid-Market,0
MCH-12628,39042.558411557664,1.3912953855390913,24,0,0,SMB,0
MCH-12629,29522.465688125656,1.2257359157098204,27,2,0,SMB,0
MCH-12630,55080.433370266386,0.9374654184657834,7,3,0,SMB,0
MCH-12631,65845.65713175622,1.06354434922376,9,1,0,SMB,0
MCH-12632,5218.640824587321,0.7581392457709126,43,0,0,SMB,0
MCH-12633,14133.26611856045,1.4819570297126519,35,1,0,Mid-Market,0
MCH-12634,67421.67656343331,1.1340862793554356,58,4,1,Mid-Market,0
MCH-12635,59888.444258373616,0.44823153774629293,12,2,2,Enterprise,0
MCH-12636,174139.64705202705,0.7592840963228097,21,1,0,SMB,0
MCH-12637,76572.49288783703,1.0856458771349633,3,1,2,SMB,0
MCH-12638,155565.35441884396,0.4619666055791638,15,2,1,Mid-Market,0
MCH-12639,65623.86014385437,0.4262726104510571,21,1,0,SMB,0
MCH-12640,22694.81245016324,0.8950266634805829,10,3,0,SMB,1
MCH-12641,10566.968910601794,0.7659591976619371,33,4,0,Mid-Market,0
MCH-12642,81122.62880572403,0.8821284688364825,46,2,2,SMB,0
MCH-12643,56662.18987260125,0.6889626408680057,59,2,0,SMB,0
MCH-12644,7469.2827225771,0.5811895216372791,52,4,0,SMB,0
MCH-12645,27318.297935387855,1.1580576926783714,6,1,0,Enterprise,0
MCH-12646,162095.52562720573,0.9660282278945806,2,1,0,SMB,0
MCH-12647,39697.48969941752,0.6201696323743036,29,2,0,SMB,0
MCH-12648,33345.918753627455,0.7515483688859982,55,1,0,Enterprise,0
MCH-12649,35596.75985249995,1.0509886984296586,40,1,0,SMB,0
MCH-12650,16715.452962629788,0.47945228309972565,33,3,2,SMB,1
MCH-12651,27999.272627958508,0.5621983101927975,4,5,1,SMB,0
MCH-12652,28086.954222601868,0.4805701645181292,59,3,0,SMB,0
MCH-12653,7688.767036804891,1.2935490659855309,4,1,2,SMB,0
MCH-12654,77957.7985806525,1.2276501565332103,29,2,0,Mid-Market,0
MCH-12655,31935.92113318849,1.2286442250671827,37,6,1,SMB,0
MCH-12656,91349.14198914489,1.187957877823631,20,1,0,Mid-Market,0
MCH-12657,99972.13438694287,1.1363239660368563,41,2,1,SMB,0
MCH-12658,16912.482217703124,0.9246911069159925,23,4,0,SMB,0
MCH-12659,58552.796173565475,1.1065059798578265,45,3,0,SMB,0
MCH-12660,36959.64288803716,0.4421977102667721,18,2,2,SMB,0
MCH-12661,111078.526965118,1.0836108649224632,49,0,0,SMB,0
MCH-12662,17150.777348314863,1.255665476090565,25,5,0,SMB,0
MCH-12663,61631.18891917224,0.9503941964228293,1,0,0,SMB,0
MCH-12664,51793.06489215451,0.7932646612699608,54,1,0,Mid-Market,0
MCH-12665,22499.25976950795,0.7051694082810771,15,2,0,SMB,0
MCH-12666,12343.912124034377,1.1070822551782908,34,2,0,SMB,0
MCH-12667,57725.90817927142,1.1620813184928998,48,4,1,Mid-Market,0
MCH-12668,72084.68768927355,1.358064359848797,20,3,0,SMB,0
MCH-12669,23962.634533008837,0.7765674907070899,54,2,0,Mid-Market,0
MCH-12670,56758.30313402491,1.2467495381241442,37,2,1,Mid-Market,0
MCH-12671,30137.16102906837,1.0174914066082716,27,1,0,Enterprise,0
MCH-12672,67449.70854163752,1.3711201397458872,22,1,2,SMB,0
MCH-12673,16108.15628530355,0.9805933191251829,51,1,0,Enterprise,0
MCH-12674,115461.56976364958,0.969392811237764,5,6,0,Mid-Market,0
MCH-12675,21942.42463673094,1.0356647895850002,34,0,1,Mid-Market,0
MCH-12676,27926.36575941695,1.224246890656678,39,3,0,Enterprise,0
MCH-12677,7992.381142185304,1.4611595267113073,3,4,3,SMB,0
MCH-12678,10911.718817835568,0.4809196896373422,17,3,1,Mid-Market,0
MCH-12679,41269.2543994203,0.4587780626301189,24,3,0,SMB,0
MCH-12680,20570.92336128623,1.4313053711480723,24,0,1,SMB,0
MCH-12681,95236.2253873503,0.9828631880700268,3,0,0,SMB,0
MCH-12682,5740.120284722086,1.0763933160236299,45,2,0,SMB,0
MCH-12683,28828.782782735358,0.9306659617542018,7,2,0,SMB,0
MCH-12684,25575.08056708215,0.503023197868222,25,0,0,Enterprise,0
MCH-12685,5975.842583493855,1.2448983162605334,56,1,0,Mid-Market,0
MCH-12686,11640.491165229436,1.2219471095974457,3,0,0,Mid-Market,0
MCH-12687,31691.295273787273,0.7428736536420932,15,6,0,Mid-Market,0
MCH-12688,38948.860961699604,0.7368631697512404,29,2,0,SMB,0
MCH-12689,30900.044161986098,1.3216255189960706,50,5,0,SMB,0
MCH-12690,42850.981875666126,0.4795929835154593,29,4,0,SMB,0
MCH-12691,50209.669398175836,1.3692156631922225,10,1,1,SMB,0
MCH-12692,5498.669522907636,0.682327858885506,32,4,0,Mid-Market,0
MCH-12693,36189.933498330945,1.0522832225310434,23,4,0,Mid-Market,0
MCH-12694,170521.1110504819,1.4295935969019555,39,2,1,SMB,0
MCH-12695,41597.75607924128,1.1459347516903111,9,1,0,SMB,0
MCH-12696,61589.16066119482,0.8558727937137403,37,2,2,SMB,0
MCH-12697,23688.428984494018,1.1584876297959568,52,2,0,SMB,0
MCH-12698,79359.10653354989,0.7783775999480073,40,2,1,SMB,0
MCH-12699,79122.971324484,0.7049842579841048,14,4,2,SMB,0
MCH-12700,41833.64631013783,1.4963516057281478,4,0,0,SMB,0
MCH-12701,191513.87922679223,1.2258692542977667,20,1,1,Enterprise,0
MCH-12702,11708.020364218744,1.1091919751199995,28,1,0,SMB,0
MCH-12703,5854.64600292336,0.7908186075412507,14,2,0,Mid-Market,0
MCH-12704,78518.20419798914,0.454076912070553,44,3,1,Mid-Market,0
MCH-12705,87293.56540329731,0.43416256363867123,34,0,0,SMB,0
MCH-12706,11403.444343923533,1.0095993809936787,13,1,0,Mid-Market,0
MCH-12707,20433.90321740174,1.2382359931429563,31,1,0,SMB,0
MCH-12708,5885.41163532325,0.9911171094882406,33,0,2,SMB,0
MCH-12709,22358.06079258283,1.324863579133026,52,1,2,SMB,0
MCH-12710,79171.5226064056,0.4367691864025438,39,2,2,Mid-Market,0
MCH-12711,41486.4637786035,0.8034272840685341,28,1,0,SMB,0
MCH-12712,26392.86715466708,0.6607774302915959,25,2,0,SMB,0
MCH-12713,28240.00315796827,0.8920002649728342,32,3,1,SMB,0
MCH-12714,5067.727134717391,0.47961403251353474,9,3,1,SMB,1
MCH-12715,22819.50119556035,1.4495448057281801,28,2,0,Mid-Market,0
MCH-12716,56987.75432802587,0.645580941176297,58,2,0,Mid-Market,0
MCH-12717,187858.272714259,1.4145385530319432,31,0,2,SMB,0
MCH-12718,98885.74993123456,0.86848247054035,17,1,0,SMB,0
MCH-12719,6193.889170775825,1.4840765465807397,53,1,0,Enterprise,0
MCH-12720,119414.68746111295,1.009464221806232,23,2,0,Mid-Market,0
MCH-12721,81438.63453550762,1.4239161505933882,13,6,0,Mid-Market,0
MCH-12722,80791.94241744997,0.40588388756364513,55,1,2,SMB,0
MCH-12723,35624.0726428223,1.2230626867989902,10,1,0,SMB,0
MCH-12724,30375.331299759786,1.3933557184127672,16,3,3,Mid-Market,0
MCH-12725,23042.44849911565,0.5536926236768496,6,4,0,SMB,1
MCH-12726,8397.609531713544,0.5057384369053667,48,1,0,Mid-Market,0
MCH-12727,17953.782521651374,0.8670298679045512,11,2,1,Mid-Market,0
MCH-12728,19158.190425046665,1.4270467967462288,58,2,0,SMB,0
MCH-12729,38089.89422796835,0.9966252162094826,52,1,1,Mid-Market,0
MCH-12730,73806.19413033579,0.9802021100939055,3,1,1,SMB,0
MCH-12731,37104.62943078275,0.5552387301292541,28,0,0,Mid-Market,0
MCH-12732,7979.244503124204,0.4008684622025407,41,1,0,Enterprise,0
MCH-12733,163254.67021983783,1.2911540998200075,15,2,0,Enterprise,0
MCH-12734,147993.9581176022,0.4963320192848621,13,3,1,Mid-Market,0
MCH-12735,81899.96178639588,1.0972348006088564,42,2,1,SMB,0
MCH-12736,242382.22416799716,1.4060780999667108,52,5,0,Mid-Market,0
MCH-12737,44316.03883231449,0.6295171044742741,56,1,2,Mid-Market,0
MCH-12738,169529.803989145,1.131800119860602,45,1,2,SMB,0
MCH-12739,8930.79267245849,0.4865684343782604,17,1,1,SMB,0
MCH-12740,27760.144982313843,1.0641306582213743,7,3,0,SMB,0
MCH-12741,17769.216469929554,0.5803248930485231,28,2,1,SMB,0
MCH-12742,15897.42122761541,1.209548916566696,38,0,0,Enterprise,0
MCH-12743,12587.849368554249,0.731354424273299,13,2,0,SMB,0
MCH-12744,53697.79861959905,0.9097301096851109,17,2,1,SMB,0
MCH-12745,81007.714556158,1.059373596230384,15,1,0,SMB,0
MCH-12746,48172.86613479134,0.5884007517328635,36,0,1,Mid-Market,0
MCH-12747,12947.600783391259,1.215801600479383,28,1,2,Enterprise,0
MCH-12748,88333.16729073272,0.7329043747004961,15,3,0,SMB,0
MCH-12749,55523.84941086985,1.128609045904029,46,1,1,Mid-Market,0
MCH-12750,29564.689738889043,0.574111355769311,53,5,1,SMB,0
MCH-12751,61062.8828533534,1.1569294251269855,11,2,0,SMB,0
MCH-12752,20048.834729935857,0.541006880091508,56,3,0,Mid-Market,0
MCH-12753,26170.676724698144,0.867892145896982,31,2,0,SMB,0
MCH-12754,129739.27009813524,0.6719266811127645,4,0,0,SMB,0
MCH-12755,22160.0566445232,1.2232127743710008,35,1,1,SMB,0
MCH-12756,36742.80685649471,0.6882385049575621,34,1,0,SMB,0
MCH-12757,115427.94021308752,1.3698890370349361,52,3,0,SMB,0
MCH-12758,66502.38259218661,1.3810022325472742,27,4,1,SMB,0
MCH-12759,8211.100623703638,0.6160854467450645,10,2,0,Mid-Market,0
MCH-12760,12967.553170232788,1.075230539508497,30,3,0,SMB,0
MCH-12761,5393.6248861986805,0.4964894058919608,45,0,1,SMB,0
MCH-12762,54837.33534007458,0.8306908095617922,20,0,0,SMB,0
MCH-12763,34680.78935051169,1.1846539024513996,29,1,1,Enterprise,0
MCH-12764,12209.390029505175,1.125365571534908,58,2,0,Mid-Market,0
MCH-12765,163425.91716576112,1.087170736347269,53,2,0,Enterprise,0
MCH-12766,42714.942731423136,0.710794950028688,29,2,1,SMB,0
MCH-12767,18846.556515460237,0.8158274443778423,23,2,0,Mid-Market,0
MCH-12768,39717.75260262578,0.5132407591703149,57,0,0,SMB,0
MCH-12769,61912.426313662814,1.1909251024769612,50,2,1,Mid-Market,0
MCH-12770,8965.10673850254,0.954277676470401,21,1,0,SMB,0
MCH-12771,21058.758829254642,1.17964219558022,48,0,2,Mid-Market,0
MCH-12772,87244.3151175426,0.6738378772765601,43,1,0,SMB,0
MCH-12773,35778.286077867364,0.7568820514985729,10,1,0,SMB,0
MCH-12774,44546.50638029018,0.7676368709861261,41,0,0,Mid-Market,0
MCH-12775,33353.57584011556,0.42831665072193786,12,2,0,Enterprise,0
MCH-12776,7244.635445007852,0.775152660113686,30,2,1,SMB,0
MCH-12777,14061.094871259682,1.283635030869837,51,2,0,Enterprise,0
MCH-12778,34488.178371113805,1.3870283453247125,33,2,2,SMB,0
MCH-12779,16734.5904124512,0.9700401471995203,18,0,1,Mid-Market,0
MCH-12780,7563.560976806342,0.9010518647411423,14,3,0,Enterprise,0
MCH-12781,97782.80231937153,0.4339070805693073,22,0,0,SMB,0
MCH-12782,203675.05515976198,1.367124771343921,21,2,0,SMB,0
MCH-12783,83786.34682838712,0.41431123476846,1,0,0,SMB,0
MCH-12784,101133.8301134739,1.439225088231233,49,4,0,SMB,0
MCH-12785,18852.086135460566,0.9381378735568998,43,0,0,Mid-Market,0
MCH-12786,166733.71774293942,0.7761279429321993,52,5,1,Mid-Market,0
MCH-12787,15965.402342068912,1.416640278326926,15,4,0,Enterprise,0
MCH-12788,156237.26591010258,0.4268300924211064,36,0,0,SMB,0
MCH-12789,268140.69659946475,1.0395673843559958,47,0,0,SMB,0
MCH-12790,67191.6390842341,1.0038257769492716,54,2,0,SMB,0
MCH-12791,203545.4944713223,0.6412524413325204,22,3,1,Enterprise,0
MCH-12792,47145.01812797031,0.8717761744852317,32,1,0,SMB,0
MCH-12793,20024.303624615975,1.1174904065381472,58,1,0,Enterprise,0
MCH-12794,33723.417149640474,1.1998443165701205,46,2,1,SMB,0
MCH-12795,50016.06318808089,0.4007885445772378,54,4,0,Mid-Market,0
MCH-12796,8794.485110692194,1.4305387731001171,33,1,2,SMB,0
MCH-12797,53688.48016974755,0.5809779096320937,58,1,0,Mid-Market,0
MCH-12798,203636.01039376942,0.6569384776445952,41,0,0,SMB,0
MCH-12799,15542.697055766685,0.6898207902632332,59,1,0,Mid-Market,0
MCH-12800,83654.12180781225,0.44160215020723886,39,0,1,Mid-Market,0
MCH-12801,124243.36194756287,0.5353573359493574,23,1,0,SMB,0
MCH-12802,148854.4517946248,1.4849849152385781,43,2,0,SMB,0
MCH-12803,166113.58472240993,0.7467384111150147,55,3,0,Mid-Market,0
MCH-12804,41850.73610284772,0.5268311993729543,2,1,1,SMB,0
MCH-12805,194286.9392429678,0.5176903872920857,2,4,0,Mid-Market,0
MCH-12806,75798.56118620868,1.191405964436969,38,3,1,Mid-Market,0
MCH-12807,13817.258724042813,1.340025530435905,55,2,0,SMB,0
MCH-12808,37399.14160691602,0.6826475294593168,51,1,0,SMB,0
MCH-12809,68351.16394606259,0.4230004635687585,29,3,0,Mid-Market,0
MCH-12810,19207.104998989795,0.6453990202898914,52,3,0,Mid-Market,0
MCH-12811,56168.07762306764,0.4621672598764331,46,2,0,Mid-Market,0
MCH-12812,59920.68727594814,0.5137344302930457,3,1,0,SMB,0
MCH-12813,13878.627189925479,0.8746589318324067,39,2,0,Enterprise,0
MCH-12814,46630.2693854329,0.6529102079477959,7,2,0,SMB,0
MCH-12815,78838.73160206979,0.9675404663779658,36,4,1,Mid-Market,0
MCH-12816,39547.0472579968,0.6788431285829095,29,1,1,SMB,1
MCH-12817,5608.847794385017,1.4345910312132424,55,0,0,SMB,0
MCH-12818,5453.978192545214,1.3965383647188911,37,7,2,SMB,0
MCH-12819,27082.809591005338,1.0234867155115128,49,1,1,SMB,0
MCH-12820,135315.80885262007,0.7898663911861248,58,2,0,Enterprise,0
MCH-12821,17982.38854819585,0.8192615702382091,36,1,1,SMB,0
MCH-12822,55305.806252761,0.8530375114589467,23,7,1,SMB,0
MCH-12823,17556.313986525485,1.2003372543484385,45,1,1,SMB,0
MCH-12824,24406.068427327784,0.8968028950707218,16,4,1,SMB,0
MCH-12825,99207.58508770626,1.3424029411564873,48,0,0,SMB,0
MCH-12826,70256.26528131985,1.438504264523401,31,1,0,SMB,0
MCH-12827,10013.081151833449,0.7695407687168273,34,3,1,SMB,0
MCH-12828,32992.217539008925,1.0167639295132482,50,5,0,SMB,0
MCH-12829,6480.182990112607,0.5045621905158209,1,3,0,SMB,0
MCH-12830,37781.98773179029,0.620515952542995,18,1,0,SMB,0
MCH-12831,59299.71334477728,0.8548123433811762,58,1,1,Mid-Market,0
MCH-12832,11306.66267184792,0.6268229874919568,40,3,0,Mid-Market,0
MCH-12833,22046.051616351724,1.3642165398675894,43,1,1,Mid-Market,0
MCH-12834,30361.324214142518,0.5741148816650079,56,3,1,Enterprise,0
MCH-12835,130994.1784148555,0.9012269037084012,56,2,0,Mid-Market,0
MCH-12836,254947.80379511754,1.0662691645058633,15,0,0,SMB,0
MCH-12837,7297.553109084137,1.161050298976929,48,0,0,SMB,0
MCH-12838,76566.24401502873,0.8213763066991575,49,2,1,Enterprise,0
MCH-12839,28238.79121527445,1.3560089755972013,17,3,1,Mid-Market,0
MCH-12840,29916.713844208654,1.0251510661857182,44,1,0,SMB,0
MCH-12841,75175.0725497671,0.883458558492307,10,2,1,SMB,0
MCH-12842,130312.49964185862,0.4739646974572403,20,1,1,Enterprise,0
MCH-12843,155723.9393293603,0.9111584152896816,6,1,0,Mid-Market,0
MCH-12844,48033.64717227319,1.3028094248973034,8,1,1,SMB,0
MCH-12845,27089.9500324707,1.075995120043447,45,3,0,Enterprise,0
MCH-12846,82452.21547885494,1.3153786991020304,34,1,1,Enterprise,0
MCH-12847,19450.907113938643,0.9434128376592362,32,4,1,SMB,0
MCH-12848,46514.14204758868,0.5303078756039301,51,3,0,Mid-Market,0
MCH-12849,27203.420593832678,0.4150038304194692,54,4,0,Mid-Market,0
MCH-12850,58447.491149389694,0.7335415013904504,42,2,0,SMB,0
MCH-12851,18748.09344442548,1.167789518647572,4,1,0,Mid-Market,1
MCH-12852,15634.47836422213,1.2692858943358631,44,1,0,SMB,0
MCH-12853,130197.79908948434,0.7253281180823624,50,2,1,Mid-Market,0
MCH-12854,10368.33093518959,0.9452193129715719,39,2,0,Enterprise,0
MCH-12855,40256.727920490885,0.8632307948774898,20,2,2,SMB,1
MCH-12856,17477.763444526256,0.8515750627865707,24,4,1,SMB,0
MCH-12857,6985.399685693333,0.6544835845201655,24,1,0,Enterprise,0
MCH-12858,6834.175280566355,0.5500082155324042,55,2,2,Enterprise,0
MCH-12859,14632.037172916343,0.6163574140543344,26,1,0,SMB,0
MCH-12860,105784.04909353613,0.4608656258796807,25,1,0,Enterprise,0
MCH-12861,21597.63533340247,0.6179438160059347,36,3,0,SMB,0
MCH-12862,155247.90562678798,0.4101209873879174,7,1,1,SMB,0
MCH-12863,48568.53245869319,1.0899842406995761,10,4,0,Mid-Market,0
MCH-12864,33689.53049075438,0.7480129481264512,58,2,0,Mid-Market,0
MCH-12865,48385.605059705165,1.4704591825695994,47,0,1,Mid-Market,0
MCH-12866,41355.717949754326,0.6130887558539277,12,5,2,SMB,1
MCH-12867,76101.51842746741,0.7804114273405534,1,3,1,SMB,0
MCH-12868,21598.84241993632,0.7936252745056867,52,2,0,Enterprise,0
MCH-12869,26774.34362613133,0.4092966456687066,50,0,0,SMB,0
MCH-12870,117260.31136902604,1.3231287483434049,25,0,0,SMB,0
MCH-12871,151363.05584720752,0.4351939061587572,16,4,0,Mid-Market,0
MCH-12872,116540.31145986536,1.4341978182021657,5,1,0,Mid-Market,0
MCH-12873,32188.7946748747,1.3812817862029827,19,1,0,SMB,0
MCH-12874,80789.52457757636,0.98907410769456,4,1,1,SMB,0
MCH-12875,37345.22562058408,0.9979551324024214,6,4,0,Mid-Market,0
MCH-12876,39411.94749736848,1.1191557152517722,26,1,0,Enterprise,0
MCH-12877,16450.543335802256,0.8257550131283757,49,6,1,SMB,0
MCH-12878,49717.938178699704,1.111944511737641,39,3,0,SMB,0
MCH-12879,15298.09387371654,0.4492452275573356,56,0,0,SMB,0
MCH-12880,25140.783478645917,0.45945239008469924,55,1,0,Mid-Market,0
MCH-12881,101561.49226451774,0.9029534615814988,39,3,0,SMB,0
MCH-12882,16601.382995655153,1.0045845312166386,9,2,1,Mid-Market,0
MCH-12883,8690.846850151313,1.376599404369401,45,2,1,SMB,0
MCH-12884,8575.207853447731,0.5151266972986859,52,2,0,SMB,0
MCH-12885,146328.6146641773,1.3049127199132784,14,1,1,Mid-Market,0
MCH-12886,40354.236725789975,0.6310520710212766,48,1,2,SMB,0
MCH-12887,31331.837490083188,0.8334920133610351,55,2,0,Mid-Market,0
MCH-12888,88268.30208309165,0.7482626783101543,9,1,0,SMB,0
MCH-12889,95341.39994404848,0.840170800151939,15,2,0,SMB,0
MCH-12890,25187.65620314438,0.5655450478798442,37,2,1,SMB,0
MCH-12891,64146.13885831744,0.9539270818439105,50,2,1,SMB,0
MCH-12892,78728.4866529631,1.281806848814504,53,2,1,SMB,0
MCH-12893,58159.94361736103,0.8856874114167868,20,3,0,Mid-Market,0
MCH-12894,13219.862551402466,0.9396749334880191,8,1,0,SMB,0
MCH-12895,109326.5641370974,1.3336443438094459,32,6,1,Mid-Market,0
MCH-12896,43728.11802854619,1.176663926101834,47,2,0,SMB,0
MCH-12897,21597.195097022184,0.9394998493717632,21,1,0,SMB,0
MCH-12898,32689.108059388407,0.6834652130080977,57,0,1,SMB,0
MCH-12899,6914.7537851351135,1.3734194215294635,41,2,0,Mid-Market,0
MCH-12900,11840.6557923332,1.0347224418596142,19,1,1,SMB,0
MCH-12901,77524.95367560702,0.6432623711217628,29,1,0,SMB,0
MCH-12902,5000.581741152521,0.6960317279018114,58,1,0,SMB,0
MCH-12903,31941.18251066355,1.2834463978298705,31,1,0,SMB,0
MCH-12904,41960.62204669365,0.448560118296201,54,2,0,SMB,0
MCH-12905,7809.178457824846,1.491301405731702,6,0,1,SMB,0
MCH-12906,185740.87681393878,0.543386847686271,4,1,0,SMB,0
MCH-12907,17817.26725915564,1.2756753779366312,43,3,0,SMB,0
MCH-12908,23134.55880670851,0.8342528484488512,29,1,1,Mid-Market,0
MCH-12909,23116.15123619793,0.9414378016162136,42,2,0,Mid-Market,0
MCH-12910,18095.301511269732,1.3687156352110357,3,1,0,Mid-Market,0
MCH-12911,5073.745461519253,0.8542023085481346,1,0,0,SMB,0
MCH-12912,70345.47855373437,0.991243129040558,44,3,0,SMB,0
MCH-12913,175328.84094513746,0.454229628650087,55,1,2,Mid-Market,0
MCH-12914,17699.05152221055,0.4025822212541985,15,7,0,SMB,0
MCH-12915,59390.61967302936,0.6692798603018986,47,3,0,SMB,0
MCH-12916,72719.6970640312,1.1486414022106441,21,0,1,Enterprise,0
MCH-12917,99333.86140185174,0.5333913826950504,46,3,2,Enterprise,0
MCH-12918,32463.52896936128,0.5251381546850045,58,3,1,Mid-Market,0
MCH-12919,23043.53710296746,0.8520566688394937,31,3,0,Enterprise,0
MCH-12920,24673.99596573177,1.112620742469049,7,0,0,Mid-Market,0
MCH-12921,67347.72679962116,1.1832791914727236,17,0,0,Mid-Market,0
MCH-12922,89853.23753150264,0.5962957415082123,56,1,0,SMB,0
MCH-12923,15021.056582081992,0.48754696210924675,19,2,0,Enterprise,0
MCH-12924,28176.511998339018,1.4344367373400986,39,1,0,Mid-Market,0
MCH-12925,121108.88745885163,0.686733020818312,3,7,0,SMB,1
MCH-12926,87173.91843646854,1.3386811473695963,30,1,0,SMB,0
MCH-12927,214515.4769341188,1.3498405955091002,35,0,2,SMB,0
MCH-12928,75171.67191600204,1.249774850938799,58,2,0,Enterprise,0
MCH-12929,29977.40614418322,0.5857169673178271,57,3,2,SMB,0
MCH-12930,49657.7511649979,1.3039816051796205,29,3,1,SMB,0
MCH-12931,59089.86102064621,1.2461756151657455,50,2,3,SMB,1
MCH-12932,9085.227772741557,1.0563952891168389,52,2,0,Enterprise,0
MCH-12933,44317.64431762053,0.7709222386858481,54,1,0,Mid-Market,0
MCH-12934,66776.75616784138,0.6887594646931985,14,1,0,SMB,0
MCH-12935,14155.371515647234,0.5340781332883949,35,2,0,SMB,0
MCH-12936,80850.16529870559,0.9607327735909587,28,1,0,SMB,0
MCH-12937,48826.19835734714,1.0437869630608312,58,1,1,SMB,0
MCH-12938,157059.2755555257,0.795272889567366,30,3,1,SMB,0
MCH-12939,7167.420526105625,0.9228949744489555,26,2,0,SMB,0
MCH-12940,20416.4301404719,0.7998659031061934,7,2,1,SMB,0
MCH-12941,51009.14975811219,1.1051066630527715,39,1,0,SMB,0
MCH-12942,22588.628455231763,1.3913851285762198,31,2,1,SMB,0
MCH-12943,67662.38300943795,0.5803122882516394,5,3,2,Enterprise,1
MCH-12944,76149.01324549239,0.8195496908934359,35,1,4,SMB,1
MCH-12945,10407.997301929703,0.5549554643459474,50,3,0,SMB,0
MCH-12946,41062.362177253795,1.0874381474486152,47,3,0,SMB,0
MCH-12947,40554.41374949078,1.2017575604374553,52,2,2,SMB,0
MCH-12948,28044.723809362837,1.4251040058572015,14,3,0,SMB,0
MCH-12949,140097.09168835878,0.7067591188870614,36,6,1,SMB,0
MCH-12950,92869.73400640409,1.4452323264519733,27,3,0,Mid-Market,0
MCH-12951,64735.687087418984,0.4695889390027423,24,1,0,SMB,0
MCH-12952,67645.31019127747,1.0633152497010472,40,2,1,SMB,0
MCH-12953,35968.46221146379,0.462845991277663,29,2,0,Enterprise,0
MCH-12954,131911.9037856019,1.3831516065381395,53,2,1,SMB,0
MCH-12955,64305.89566671045,0.9827899627770595,45,3,0,Mid-Market,0
MCH-12956,70278.32886776415,1.1362831858390758,22,2,0,SMB,0
MCH-12957,103913.21354357859,1.314731318501498,8,5,0,SMB,0
MCH-12958,21015.193846438724,0.5653416847323657,15,2,1,SMB,1
MCH-12959,87271.62675622995,0.44245071813194725,49,0,0,SMB,0
MCH-12960,15860.596594951663,1.3667692605041375,5,0,2,Enterprise,0
MCH-12961,26182.112208300725,0.7464265502048257,52,1,0,SMB,0
MCH-12962,25444.331813511395,0.5418767987198818,4,3,0,SMB,0
MCH-12963,197044.38111263077,0.9153073607957952,11,1,0,Mid-Market,0
MCH-12964,102083.98381862212,1.0581366832656207,18,1,0,SMB,0
MCH-12965,65393.9982992444,0.43406766376476114,42,2,0,Mid-Market,0
MCH-12966,69924.57117101071,0.7023852240827966,49,1,0,SMB,0
MCH-12967,46285.128984206545,0.4360798617045856,30,2,0,Mid-Market,1
MCH-12968,151958.77652546007,0.8623689281150488,15,3,1,Mid-Market,0
MCH-12969,39284.627066052795,1.3846100319728687,6,5,0,SMB,0
MCH-12970,28943.55828410854,1.4809176526429262,55,3,2,SMB,0
MCH-12971,13898.671397007587,1.1007523088539903,53,1,0,SMB,0
MCH-12972,82137.035894156,0.577801463163051,16,3,0,SMB,0
MCH-12973,71296.46409861011,1.3964343289992365,47,0,0,SMB,0
MCH-12974,29254.24214245421,0.9678726055200666,40,5,0,Enterprise,0
MCH-12975,6275.810047719554,0.56912424331321,9,3,0,SMB,0
MCH-12976,96316.71580553208,1.4138993363968275,43,1,1,SMB,0
MCH-12977,5574.183455213178,1.2332159557954134,59,3,1,SMB,0
MCH-12978,65819.10403301188,1.2048757999954667,34,0,1,SMB,0
MCH-12979,180758.2578969906,1.1800987741738451,27,4,1,SMB,0
MCH-12980,33782.54958184794,0.6203738032060866,13,2,1,SMB,0
MCH-12981,18392.234052435346,0.6321073608782787,36,0,1,SMB,0
MCH-12982,66017.1382059899,1.1571222982699805,27,0,2,SMB,0
MCH-12983,89948.48005046627,0.6416950251214366,9,1,0,Mid-Market,0
MCH-12984,44530.31815944503,0.8825388664833538,5,1,1,Enterprise,0
MCH-12985,175615.86182015415,1.2602020081533356,51,1,0,SMB,0
MCH-12986,7652.5694021280815,1.262347769907625,22,0,0,Mid-Market,0
MCH-12987,40139.23344642868,0.8985879497784457,31,2,0,SMB,0
MCH-12988,68372.96236748892,1.2714089321027697,3,3,1,Mid-Market,0
MCH-12989,104257.67462153395,1.3224839758178626,30,2,0,SMB,0
MCH-12990,14877.178007997745,1.1202533264126864,21,1,2,Mid-Market,0
MCH-12991,85472.76607020212,0.6512684375392622,35,3,1,Mid-Market,0
MCH-12992,45227.079369991494,0.7014129584241023,6,1,2,Mid-Market,0
MCH-12993,30254.909675138966,0.7463252709496089,28,5,0,Mid-Market,0
MCH-12994,12061.765505724637,0.5284845185073472,32,2,2,SMB,0
MCH-12995,105233.68553021275,0.7004755824069397,42,2,0,SMB,0
MCH-12996,13555.623193815549,0.6304711467437853,37,4,1,Mid-Market,0
MCH-12997,23537.813911121622,0.9008616247894624,25,1,0,SMB,0
MCH-12998,22127.72202638604,1.3992813026594915,32,0,1,SMB,0
MCH-12999,107557.8801850155,0.5149283484293539,35,3,0,SMB,0
MCH-13000,60844.362286306474,1.1922947163421354,22,1,2,Mid-Market,0
MCH-13001,84649.05291553204,1.1560113048544407,24,1,1,SMB,0
MCH-13002,19415.30660966131,0.5053296185296935,39,4,1,Mid-Market,0
MCH-13003,54024.67874882831,1.41482964539638,54,2,1,Mid-Market,0
MCH-13004,47401.9381061268,1.0253194223725015,30,1,1,SMB,0
MCH-13005,94437.31370964587,0.8000980732492526,50,3,0,SMB,0
MCH-13006,123269.35506050372,1.2321924418448376,32,1,0,Enterprise,0
MCH-13007,5611.563470448562,0.6831020042417975,31,3,0,Mid-Market,0
MCH-13008,61045.9500444768,1.1628608207509525,23,4,2,SMB,0
MCH-13009,7661.379202311137,0.44368232832947196,40,4,0,SMB,0
MCH-13010,44798.73036849448,1.3233488413701993,33,1,0,SMB,0
MCH-13011,21958.0835284943,0.8929879317234504,25,4,0,SMB,0
MCH-13012,23320.148226473095,1.100362205793736,36,0,2,SMB,0
MCH-13013,26767.242483955855,0.643361601787352,24,0,0,Enterprise,0
MCH-13014,53549.55025691306,1.144781083924293,31,0,0,Enterprise,0
MCH-13015,25327.031739141697,1.2494643034826045,58,1,0,Mid-Market,0
MCH-13016,70969.00519963843,0.9205345055728387,39,4,1,SMB,0
MCH-13017,30919.99393869146,1.0794996164679738,46,1,1,SMB,0
MCH-13018,8540.07532067944,0.9019585162046385,13,2,0,SMB,0
MCH-13019,81568.28242916668,1.3835005061836303,10,1,0,Mid-Market,0
MCH-13020,21826.69464758569,0.9476560985657512,23,5,0,SMB,0
MCH-13021,33349.24563304715,1.3259895799317007,18,1,2,Mid-Market,0
MCH-13022,62829.639351591286,1.2814872640972736,32,1,0,Mid-Market,0
MCH-13023,25207.510434524887,0.8515553034831922,33,2,1,Mid-Market,0
MCH-13024,7912.4851911949045,0.6530929410432226,36,2,0,SMB,0
MCH-13025,28413.93964260737,0.8466903458157482,28,2,0,Mid-Market,0
MCH-13026,149522.3124584016,1.3088391133527422,16,2,0,SMB,0
MCH-13027,56324.03303355561,0.6503957894013317,16,1,1,Mid-Market,0
MCH-13028,60657.74843475207,0.9768799804435243,18,2,0,SMB,0
MCH-13029,55021.96783680692,1.2867064227568223,8,4,0,SMB,0
MCH-13030,16094.22589643863,0.7888252226412167,42,4,0,SMB,0
MCH-13031,32092.932275544612,1.1064306007029672,16,4,0,SMB,0
MCH-13032,74503.0319049337,0.670194731453696,55,4,0,Enterprise,0
MCH-13033,10344.356102718182,0.520207389904976,56,1,1,SMB,0
MCH-13034,21276.31248216475,1.2738226476021421,11,6,1,Enterprise,0
MCH-13035,21170.237065405097,0.5088654857495776,6,4,0,SMB,0
MCH-13036,33283.35920229905,0.698519534587543,1,2,0,SMB,0
MCH-13037,201531.6066639828,1.3406203641971843,12,1,1,SMB,0
MCH-13038,8494.44292480615,0.7811162157865339,57,1,0,SMB,0
MCH-13039,41563.328435297364,1.4703498844655774,38,2,1,Mid-Market,0
MCH-13040,14883.823033775565,1.4777077682512458,28,4,1,SMB,0
MCH-13041,181468.37926128868,0.6951036224989124,45,2,1,Mid-Market,0
MCH-13042,11012.626257777127,0.44507604447487953,58,1,0,SMB,0
MCH-13043,30842.268838986936,1.175569612625917,17,4,0,SMB,0
MCH-13044,71948.5941183854,0.8960851529131781,1,1,0,SMB,0
MCH-13045,65963.5324351578,0.5108281283555339,32,3,2,Mid-Market,0
MCH-13046,32472.14115099548,1.1782751008758472,8,6,0,Mid-Market,0
MCH-13047,26272.48644659102,0.43429240002311337,54,0,0,SMB,0
MCH-13048,30342.707571706298,1.3572163595414666,40,3,1,SMB,0
MCH-13049,20345.02941350197,0.5525177820246341,56,3,0,Mid-Market,0
MCH-13050,16491.602143566874,0.5400430666213976,43,2,1,Enterprise,0
MCH-13051,37989.45959341901,0.593239527765443,46,0,0,SMB,0
MCH-13052,20635.210297696758,1.4562929943412732,24,4,0,Mid-Market,0
MCH-13053,21946.07823168569,1.1624862962792308,10,6,1,SMB,0
MCH-13054,58465.69496915921,1.2815086890100005,47,3,1,SMB,0
MCH-13055,177947.67846531578,0.8373984843060284,39,3,0,Enterprise,0
MCH-13056,51271.266347133365,0.7699440002554512,39,1,1,Mid-Market,0
MCH-13057,9005.189942997255,0.657932407461487,10,1,0,Mid-Market,0
MCH-13058,8929.633724427553,0.9287128311436499,36,2,0,SMB,0
MCH-13059,156230.4828716215,1.0070116068875854,25,2,0,SMB,0
MCH-13060,22640.605735917972,1.094952328018031,50,2,1,Mid-Market,0
MCH-13061,9829.233816040338,0.682830354398564,59,2,1,Enterprise,0
MCH-13062,50695.252387941204,1.4435194889932896,57,2,1,Mid-Market,0
MCH-13063,53861.62356502919,0.5867343480278495,10,4,1,SMB,0
MCH-13064,57277.964041156585,1.4622184922430534,19,2,0,SMB,0
MCH-13065,20557.909833478298,0.4163417347582542,46,0,0,SMB,0
MCH-13066,5761.300694244555,0.9292382609985302,45,2,1,SMB,0
MCH-13067,172642.32206039815,0.7667046219282192,15,2,0,SMB,0
MCH-13068,19443.67547596329,0.894035755323276,16,3,1,SMB,0
MCH-13069,61354.645122308044,1.0277310368788681,2,2,0,Mid-Market,0
MCH-13070,66316.01122250382,0.87914807381398,29,3,0,Mid-Market,0
MCH-13071,52081.377909590985,0.8563315353317544,4,2,0,Mid-Market,0
MCH-13072,23764.309924204463,1.2059957569546373,53,4,1,Enterprise,0
MCH-13073,20810.6795516283,1.1544639025951113,50,1,0,SMB,0
MCH-13074,50523.918161017944,1.3165984102394328,29,1,2,Mid-Market,0
MCH-13075,105531.47087469952,0.6749548793634452,31,1,0,Mid-Market,0
MCH-13076,151622.59804712815,1.0704813607294699,17,1,0,Enterprise,0
MCH-13077,10597.207257871356,1.0437142639321393,10,2,2,SMB,0
MCH-13078,13410.79234315485,0.8067115919599577,27,3,0,SMB,0
MCH-13079,149781.91298494596,0.9346632960929491,53,7,0,Mid-Market,0
MCH-13080,71691.78069043614,0.7451603576363017,41,3,0,Enterprise,0
MCH-13081,112276.42831722235,0.5560288373786837,15,2,0,Mid-Market,0
MCH-13082,16321.988527499603,0.6351813317290061,44,2,0,Mid-Market,0
MCH-13083,49286.36336323545,0.5160650110413212,31,2,1,SMB,1
MCH-13084,65388.934278554065,1.1513765327091368,21,1,0,Mid-Market,0
MCH-13085,61989.199317458886,1.1268001324200667,59,1,1,Mid-Market,0
MCH-13086,31225.245575197172,1.44566700873786,58,3,1,Mid-Market,0
MCH-13087,5775.731173220749,1.2026462550119654,41,3,0,Mid-Market,0
MCH-13088,48724.58755453356,0.45725042263174465,46,3,0,SMB,0
MCH-13089,19591.301618925725,1.3726696913218497,45,2,1,Mid-Market,0
MCH-13090,34914.968667385016,1.3489426792402983,26,4,0,SMB,0
MCH-13091,163007.96297502719,0.8876523528499687,38,2,0,Enterprise,0
MCH-13092,30460.95554848561,1.0444493555807137,51,2,1,Mid-Market,0
MCH-13093,96567.1136757221,1.4736861657197706,36,2,4,Mid-Market,1
MCH-13094,15446.046558564827,0.985534800232983,52,1,0,Enterprise,0
MCH-13095,60807.33072314863,1.3958540112136988,17,2,0,SMB,0
MCH-13096,193628.17378428322,0.4913426335912051,51,0,0,SMB,0
MCH-13097,10373.308821031382,0.6101570555795511,3,3,1,Mid-Market,0
MCH-13098,5417.737306262243,0.8848304377854497,14,3,2,SMB,1
MCH-13099,33421.21784125344,1.0432324891710354,49,3,0,SMB,0
MCH-13100,9859.9997869305,1.2978506370490803,13,3,0,Mid-Market,0
MCH-13101,73992.62764478805,1.4870883266575055,41,1,0,SMB,1
MCH-13102,127990.41164481579,0.8277366461215281,27,1,0,SMB,0
MCH-13103,33459.91278606189,0.45215719975409346,1,2,0,SMB,0
MCH-13104,19968.279124765962,1.2812886536248573,57,2,0,SMB,0
MCH-13105,33493.70162666727,1.064818790991089,17,0,1,SMB,0
MCH-13106,69267.78759780296,0.6183971447550218,48,0,0,SMB,0
MCH-13107,5454.7699803614305,0.9443113022835622,50,0,1,Mid-Market,0
MCH-13108,49513.3636144739,1.216541270087097,34,2,0,SMB,0
MCH-13109,52504.22889260729,1.2474529657755082,14,1,3,SMB,0
MCH-13110,55762.5120676584,0.9495802531986383,54,3,0,SMB,0
MCH-13111,18855.05115132008,0.7357359831417452,55,1,0,Mid-Market,0
MCH-13112,67597.39163161683,1.4711168402423431,59,2,1,SMB,0
MCH-13113,9792.0477802918,1.1296988720521424,17,3,0,SMB,0
MCH-13114,16111.59437946992,0.8490612712809287,3,1,2,Enterprise,0
MCH-13115,109969.98808902604,0.7085095466251177,34,4,0,SMB,0
MCH-13116,72108.73543226646,1.2042132813039186,40,1,0,SMB,0
MCH-13117,5692.044942946324,0.6664017901531445,25,2,1,Mid-Market,0
MCH-13118,19275.97132418404,0.588880987871057,2,1,0,SMB,0
MCH-13119,17065.788712923633,0.9828172778582774,34,4,0,SMB,0
MCH-13120,20790.79571346389,0.7189861319085561,26,4,1,SMB,0
MCH-13121,19221.68572285612,1.0917956594159768,31,0,1,Enterprise,0
MCH-13122,8228.328516165735,0.5297325423616569,9,3,0,Enterprise,0
MCH-13123,35711.302767106776,1.1204352150240537,30,1,1,SMB,0
MCH-13124,70975.44483496352,0.7116261807974724,20,2,1,SMB,0
MCH-13125,51663.16328474587,0.40026722787796404,21,0,0,SMB,0
MCH-13126,60870.13671515735,0.539629663441594,29,2,2,Mid-Market,0
MCH-13127,9231.574841409747,1.4269769156186034,59,3,0,SMB,0
MCH-13128,156299.9978317007,1.3540901030268937,25,0,0,SMB,0
MCH-13129,96159.97865791447,0.6569699352398606,38,4,1,Mid-Market,0
MCH-13130,86760.94997440989,1.2562090950000404,58,0,1,SMB,0
MCH-13131,91575.70268273655,1.0694287524913717,44,6,2,SMB,0
MCH-13132,139937.5596598192,1.4679951825948563,25,4,1,Mid-Market,0
MCH-13133,44290.97839250176,0.810966225487465,9,7,0,Mid-Market,1
MCH-13134,16174.806789967352,1.1496066737688886,39,0,0,Mid-Market,0
MCH-13135,52957.77283987891,0.46988929466631046,44,2,0,Enterprise,0
MCH-13136,72910.90931174178,0.8358720814980466,26,0,0,SMB,0
MCH-13137,71954.77661867003,1.4601994273069985,57,1,0,SMB,0
MCH-13138,41849.62705983576,0.9928789618951327,37,2,0,SMB,0
MCH-13139,8545.738679351853,0.7166674536683291,16,2,0,SMB,0
MCH-13140,28190.17953781472,0.5322980594414676,37,2,0,SMB,0
MCH-13141,131767.87293516332,1.1738811741996835,12,1,0,SMB,0
MCH-13142,48907.48556865408,1.1093416477726996,24,4,1,SMB,0
MCH-13143,43645.456901744314,0.8113325849641522,26,2,1,SMB,0
MCH-13144,20657.07242929319,1.4460354870524177,20,3,0,SMB,0
MCH-13145,27978.82267765736,0.4244230942866354,9,2,1,SMB,0
MCH-13146,117854.82300295029,0.7340962367950084,23,3,0,Mid-Market,0
MCH-13147,59900.08088730326,1.4131764349295395,39,1,1,SMB,0
MCH-13148,82414.08965374801,0.7530289821513845,29,2,0,SMB,0
MCH-13149,35288.457321064925,0.6774781172406874,31,5,1,Enterprise,0
MCH-13150,54746.03286775109,0.9876424509243721,19,3,0,Mid-Market,0
MCH-13151,19276.46015981691,1.3061819249125919,20,2,0,SMB,0
MCH-13152,66117.1640301992,0.5134614369661972,23,0,0,SMB,0
MCH-13153,32895.978066118114,1.4373227806103097,43,1,0,Mid-Market,0
MCH-13154,34218.72099519876,1.2745801692992806,27,2,0,SMB,0
MCH-13155,57394.38905266018,0.5993752811067072,30,4,2,SMB,0
MCH-13156,142663.32735548692,1.183208757317979,21,1,0,Mid-Market,0
MCH-13157,8307.329154614954,0.8234545949013129,44,5,0,SMB,0
MCH-13158,92075.15826035758,0.8425241458839506,35,3,1,SMB,0
MCH-13159,22292.62240730678,1.2616191016827532,49,2,0,SMB,0
MCH-13160,34342.10646139482,1.4590632887788053,7,5,0,SMB,0
MCH-13161,6107.849599473469,0.5393214601319134,22,3,0,Enterprise,0
MCH-13162,22908.52292848194,0.8626932605667014,10,1,1,SMB,0
MCH-13163,39921.17807338147,0.929035768892734,23,2,1,SMB,0
MCH-13164,7890.782642397749,0.8139429986504974,15,3,1,Mid-Market,0
MCH-13165,38774.76767819873,0.7995080360878476,30,0,0,SMB,0
MCH-13166,135940.62255622892,0.45749553431775625,34,2,0,SMB,0
MCH-13167,10568.550354541228,1.1540924826188856,13,3,0,SMB,0
MCH-13168,77289.63558694006,0.87983585883205,4,2,0,SMB,0
MCH-13169,31353.768039866256,0.6142731829083194,18,0,1,Mid-Market,0
MCH-13170,58235.725456006156,1.2976368525322752,56,1,0,SMB,0
MCH-13171,20071.243545728263,1.2828168229667907,23,1,1,SMB,0
MCH-13172,13687.456019759164,0.9350307908977833,33,2,1,Enterprise,0
MCH-13173,13745.213506410946,0.7282957272625366,34,2,0,SMB,0
MCH-13174,8654.990330033585,1.1019019983760976,34,3,0,SMB,1
MCH-13175,15268.049183884455,0.7169673493551434,36,4,1,SMB,0
MCH-13176,59564.8631893166,0.6596087233560832,35,2,0,SMB,0
MCH-13177,111722.60761290975,1.2035661194289595,17,0,0,SMB,0
MCH-13178,89134.22813307037,0.4443577636930458,28,0,0,SMB,0
MCH-13179,62780.455581822855,0.5042453181380534,14,3,1,SMB,0
MCH-13180,10850.958690531574,0.4074669914259488,34,2,3,SMB,1
MCH-13181,22067.326074221484,0.5682375051229688,48,1,0,SMB,0
MCH-13182,23539.19148579818,0.47588900958150543,11,5,0,Mid-Market,0
MCH-13183,19381.233464810095,1.4953826045579106,57,1,0,Mid-Market,0
MCH-13184,41180.90288086634,0.7176909669494986,13,3,0,SMB,0
MCH-13185,43345.4791469922,0.5641948139361721,33,4,0,Enterprise,0
MCH-13186,27071.661895862886,0.6650958837955098,57,4,1,Mid-Market,0
MCH-13187,26831.472439241606,1.4297381286941482,55,6,1,Mid-Market,0
MCH-13188,93174.81254885437,0.9721762453268353,2,1,0,SMB,0
MCH-13189,82864.30081345391,0.8012999059386426,34,4,0,Mid-Market,0
MCH-13190,23393.716297835184,1.3607306037001414,53,4,2,Enterprise,0
MCH-13191,127547.55242514166,0.8344892976039358,29,1,0,SMB,0
MCH-13192,157683.97969230026,0.7685094269534654,37,1,1,Mid-Market,0
MCH-13193,24781.373489389513,0.6280107748047091,4,3,0,Mid-Market,0
MCH-13194,26880.690356209325,0.8155765063003527,12,7,0,SMB,1
MCH-13195,40223.972788543004,0.7483527916186187,26,7,0,SMB,0
MCH-13196,146613.38022406763,1.1450343552279552,58,1,0,SMB,0
MCH-13197,109502.65554463936,0.7185409751377998,28,2,0,SMB,0
MCH-13198,10410.894290702712,1.0349197210648176,3,3,1,SMB,0
MCH-13199,29939.150011702382,0.47248138153517,20,2,0,SMB,0
MCH-13200,45301.37157340869,0.6104180723661659,10,4,0,Mid-Market,1
MCH-13201,39971.59163920341,0.8481457987724836,52,3,0,Enterprise,0
MCH-13202,15775.083000408873,1.430644179299565,18,0,0,SMB,0
MCH-13203,102884.83684779266,0.8149771842872651,53,1,1,SMB,0
MCH-13204,61495.981909402835,1.1304815333198177,53,1,0,SMB,0
MCH-13205,95979.67581497204,0.680595944663538,53,4,0,Mid-Market,0
MCH-13206,102866.2503402714,0.539736933570555,27,5,0,SMB,0
MCH-13207,73986.96535848756,0.4643902600880552,31,2,0,Mid-Market,0
MCH-13208,33920.49236190386,0.7359548483970265,27,2,0,SMB,0
MCH-13209,52150.57297135249,0.5734271294765988,42,6,0,SMB,0
MCH-13210,13739.424453665171,0.5914114928177366,1,2,1,SMB,0
MCH-13211,60988.540612477846,1.2368352392256452,6,3,1,SMB,0
MCH-13212,14877.034469695107,0.41742187803936165,11,2,1,Mid-Market,0
MCH-13213,64200.27268512381,1.013591138308978,34,5,0,SMB,0
MCH-13214,18042.15155550323,0.8174075186528114,39,0,1,SMB,0
MCH-13215,11252.731117308142,0.957204999899402,20,0,0,Mid-Market,0
MCH-13216,14033.215947152425,1.0191132609360634,53,0,0,SMB,0
MCH-13217,5099.706107985531,0.744704463903006,21,1,1,SMB,0
MCH-13218,68423.72059231321,0.7246197462027139,21,3,0,Enterprise,0
MCH-13219,70913.29354919007,1.2067420342683963,18,1,1,SMB,0
MCH-13220,41173.44873135256,1.358404686933273,21,3,1,Mid-Market,0
MCH-13221,13798.854342037746,0.6118397957043807,19,1,1,Mid-Market,0
MCH-13222,9362.625076201046,0.5073806365886638,4,3,2,SMB,0
MCH-13223,5965.714615857483,1.3875753870312286,13,1,1,SMB,0
MCH-13224,14060.998805753396,0.7848850100121385,18,4,1,SMB,0
MCH-13225,115754.14535748174,1.0064491297290956,52,1,1,SMB,0
MCH-13226,18823.052658091772,0.7954974589720039,29,6,0,Mid-Market,0
MCH-13227,26868.79373005469,0.5383825699806565,25,6,1,SMB,0
MCH-13228,10565.882570548336,1.0482648094425009,56,3,1,SMB,0
MCH-13229,17574.663233084153,0.9776549369465927,13,1,0,SMB,0
MCH-13230,41617.75005095822,0.623292915110317,27,1,4,SMB,1
MCH-13231,51793.13638308699,0.8970559491175056,19,2,1,Mid-Market,0
MCH-13232,19075.213996189348,1.2766422544172107,49,2,2,Mid-Market,0
MCH-13233,7973.285639384077,1.0494687134186806,1,0,1,Mid-Market,0
MCH-13234,29799.549251168788,0.5066090597736944,38,2,0,Mid-Market,0
MCH-13235,18341.93208925279,1.0028236469520486,19,1,1,SMB,0
MCH-13236,17394.481473601147,1.1730121292185456,52,5,1,SMB,0
MCH-13237,165772.58807530036,1.2719737463588268,1,1,1,SMB,0
MCH-13238,52894.77740754984,1.0920293364976934,40,1,1,Enterprise,0
MCH-13239,45695.55759654726,0.5679239809948622,17,2,0,SMB,0
MCH-13240,31873.463678898755,1.1811905932491769,21,0,1,Enterprise,0
MCH-13241,33013.4292231736,1.1450760306896681,22,1,0,Mid-Market,0
MCH-13242,43924.906350990816,0.42686957123469654,15,3,0,Mid-Market,0
MCH-13243,64607.12084619026,0.8529224343492676,50,0,0,SMB,0
MCH-13244,65557.6084167523,0.7662452716586107,39,4,2,SMB,1
MCH-13245,14418.625811311385,1.1363532706790078,48,1,0,SMB,0
MCH-13246,39668.63550715419,0.6377493935420129,39,0,0,SMB,0
MCH-13247,31547.853333703613,1.0499591152716845,32,4,1,Enterprise,0
MCH-13248,107214.13266333092,1.40452655799559,49,3,0,Mid-Market,0
MCH-13249,54904.728386185496,1.2775826094294684,4,1,0,Mid-Market,0
MCH-13250,43018.231425361446,1.4136035098381834,44,3,0,SMB,0
MCH-13251,11130.682839680343,1.4763565636259592,45,2,0,SMB,0
MCH-13252,51524.286456636786,0.41173713970677905,32,3,0,Mid-Market,0
MCH-13253,11233.051440267387,1.0850154040152253,4,1,0,SMB,0
MCH-13254,25564.59571843652,0.8541233375347972,53,1,0,Mid-Market,0
MCH-13255,12706.648613371262,1.345839939368634,1,2,1,Mid-Market,0
MCH-13256,63894.731915814424,0.6769961722100449,33,1,0,SMB,0
MCH-13257,16549.46959397232,1.4791324380265838,7,6,0,Mid-Market,0
MCH-13258,29867.45648308424,1.075078766498122,9,3,0,Mid-Market,0
MCH-13259,118012.1060443565,1.2728911424517142,1,5,1,SMB,0
MCH-13260,16427.681936507677,0.49415950810504516,16,1,1,SMB,0
MCH-13261,40444.02147474845,0.6018036732347516,18,1,0,SMB,0
MCH-13262,32173.61033171202,1.2342440403376236,54,3,0,SMB,0
MCH-13263,5914.514665828257,0.42418517424325597,47,0,2,Mid-Market,0
MCH-13264,83693.43172279622,1.298565784483161,6,1,0,SMB,0
MCH-13265,8577.2655764686,0.41534392056110264,2,0,0,Mid-Market,0
MCH-13266,37146.95072837621,1.1228307229674006,9,2,0,SMB,0
MCH-13267,46126.16604663264,0.8016033122549865,4,2,1,Enterprise,0
MCH-13268,54500.42355320459,1.072644337991119,45,2,1,Enterprise,0
MCH-13269,63338.92980285947,1.165634547688025,23,1,0,Mid-Market,0
MCH-13270,19602.739846099725,0.7767227411049347,54,1,0,SMB,0
MCH-13271,5501.444918227402,0.5187586929219191,43,1,1,SMB,0
MCH-13272,69267.03629946992,0.47661045452309225,45,1,0,SMB,0
MCH-13273,43356.545643634716,1.0478296248188026,43,1,1,SMB,0
MCH-13274,95430.34056564426,0.9727208891075227,51,0,0,SMB,0
MCH-13275,91127.0727665723,1.2164211100332458,8,2,0,Mid-Market,0
MCH-13276,97679.45682339606,0.960709061004331,39,3,1,SMB,0
MCH-13277,38188.61004991347,0.8646903690339671,25,2,1,SMB,0
MCH-13278,25295.38999184942,0.8378958960598539,16,6,0,SMB,0
MCH-13279,83404.77129159647,0.42909159285743426,35,2,1,Enterprise,0
MCH-13280,35009.635301613525,0.7691129218663229,17,7,1,SMB,0
MCH-13281,15132.878735771452,1.4736221732769437,18,0,0,SMB,0
MCH-13282,101542.11885867282,1.3609111338497977,27,2,1,Enterprise,0
MCH-13283,112091.3332417349,0.7623158737376394,15,2,0,SMB,0
MCH-13284,36396.983800225375,1.0465749455730093,17,4,0,Mid-Market,0
MCH-13285,8935.914484397894,1.3320264200890435,43,2,0,Mid-Market,0
MCH-13286,29536.943501757476,0.8854017704250756,5,1,0,SMB,0
MCH-13287,86364.22586247191,0.4197536501251661,16,1,4,SMB,0
MCH-13288,121024.23117498835,0.4819615080005041,15,6,0,Mid-Market,0
MCH-13289,16374.696431004255,0.9614319934835773,42,3,0,SMB,0
MCH-13290,8466.089780181737,1.4663833132434663,46,0,1,SMB,0
MCH-13291,109921.21014020714,1.1625304964407546,34,2,0,SMB,0
MCH-13292,29666.064372231296,0.47800781058242653,48,5,0,SMB,0
MCH-13293,44018.21594685678,0.6082969633710491,19,1,0,SMB,1
MCH-13294,177203.90602646055,1.2484554575385352,8,2,0,Enterprise,0
MCH-13295,8444.182867956366,1.3255837359518692,47,0,0,Enterprise,0
MCH-13296,57251.39709923748,1.07946404480745,10,3,1,SMB,0
MCH-13297,8849.74490450625,1.1088654865927983,5,1,1,SMB,0
MCH-13298,28537.709819860083,0.4311711954217231,52,2,1,SMB,0
MCH-13299,86434.74345610739,1.3113832855396594,48,2,1,Enterprise,0
MCH-13300,33411.459213976,1.2671027289879127,53,3,1,SMB,0
MCH-13301,298592.6729980467,0.6849386585136819,26,3,0,SMB,0
MCH-13302,45942.24227788536,1.1795443919620578,22,1,0,Mid-Market,0
MCH-13303,24368.649544732372,0.6363400670674979,44,1,0,SMB,0
MCH-13304,17430.2047501835,0.4443631771566643,23,1,0,SMB,0
MCH-13305,26579.202945019086,0.6212501968494151,13,0,0,SMB,0
MCH-13306,28303.23176468781,0.5964917644297295,9,5,1,Mid-Market,1
MCH-13307,8559.425313132251,0.771522796408332,49,2,1,Mid-Market,0
MCH-13308,28067.99069853607,0.8602944468930039,20,2,1,Mid-Market,0
MCH-13309,36203.310823324064,0.9593927806474788,28,2,0,SMB,0
MCH-13310,69139.57389264606,0.9244292630591611,44,2,0,SMB,0
MCH-13311,58461.823418765394,0.6977420665618184,57,1,0,Mid-Market,0
MCH-13312,66681.35137033334,0.43208773543148193,37,1,0,Mid-Market,0
MCH-13313,5419.94268560584,1.0656117844608657,24,1,2,SMB,0
MCH-13314,17273.76543151715,0.8353193128320899,44,0,0,SMB,0
MCH-13315,59188.78807356185,0.7285393731263048,33,4,0,Mid-Market,0
MCH-13316,38081.39547050122,1.3536351471135637,20,3,2,SMB,0
MCH-13317,5266.3821192736605,1.2214176385779758,48,2,0,SMB,0
MCH-13318,86608.37477457024,1.3435421032096866,30,5,0,SMB,0
MCH-13319,79098.33644919387,0.9444810741837072,44,4,0,Enterprise,0
MCH-13320,44750.044058111744,0.5440243773394553,9,3,0,Mid-Market,0
MCH-13321,8438.751498821395,1.1658435797333997,45,3,1,SMB,0
MCH-13322,77731.88279549895,0.6266811579308929,49,2,1,Mid-Market,0
MCH-13323,48819.088229585905,0.8853526360008885,17,1,1,SMB,0
MCH-13324,81153.83210126404,0.47150086784377737,36,4,0,SMB,1
MCH-13325,74665.34304535216,1.3078392426652807,14,3,1,SMB,0
MCH-13326,86228.10339259655,0.5385347051522507,19,2,0,SMB,1
MCH-13327,41491.39501754389,1.393407257754241,7,5,0,Enterprise,0
MCH-13328,12560.015384221204,1.350653662487713,59,3,0,SMB,0
MCH-13329,60608.81426470513,0.9110410408831707,3,1,0,SMB,0
MCH-13330,53441.58034676422,1.2188050247343898,33,1,1,Enterprise,0
MCH-13331,72788.87608141982,1.0813895811999688,44,3,0,SMB,0
MCH-13332,14309.311113175609,1.2833832065715196,32,0,1,SMB,0
MCH-13333,15844.109723041844,0.8749856108645033,47,4,0,SMB,0
MCH-13334,115550.23720907293,1.264389332668785,11,1,0,Enterprise,0
MCH-13335,74310.2779435605,0.9087024987716629,42,1,0,SMB,0
MCH-13336,124422.66819727802,1.4350623666270734,2,2,0,SMB,0
MCH-13337,76088.89013113904,0.9350093109076624,26,3,1,SMB,0
MCH-13338,50460.20829885577,0.9088811991271025,4,2,0,Enterprise,0
MCH-13339,58085.01052794627,1.263579047719864,17,2,2,Mid-Market,0
MCH-13340,114968.91050998267,1.3037354609369218,17,2,1,SMB,0
MCH-13341,48233.17676020177,1.009938025753288,28,1,0,Mid-Market,0
MCH-13342,55036.8143965703,0.5977775948445829,30,1,1,Mid-Market,0
MCH-13343,13508.388667527144,0.9145340540533375,40,3,2,Mid-Market,0
MCH-13344,37115.21529083448,1.4648797532006461,23,0,0,Mid-Market,0
MCH-13345,68009.01504357142,1.2282848123431038,46,2,1,SMB,0
MCH-13346,20800.147346499278,1.2922788642670455,24,3,1,Mid-Market,0
MCH-13347,16298.262711589632,0.43610804870116415,29,4,1,Mid-Market,0
MCH-13348,23831.260848764963,0.914645408897576,4,5,1,SMB,1
MCH-13349,18820.665406717286,1.111283247023311,38,0,0,SMB,0
MCH-13350,17098.013849627496,1.3130359519908823,29,2,0,SMB,0
MCH-13351,32656.29340582181,0.45420101894104864,19,2,2,Mid-Market,0
MCH-13352,124210.64783844442,1.3376827742060606,27,1,0,Mid-Market,0
MCH-13353,40368.3549779316,1.003241030416103,29,0,1,SMB,0
MCH-13354,15407.844522212927,0.617045367633666,56,1,1,Mid-Market,0
MCH-13355,9004.76754442232,0.74898073809467,36,3,1,Mid-Market,1
MCH-13356,64562.06724269233,0.7101225069267169,35,1,1,Enterprise,0
MCH-13357,29128.007830491348,0.9839449377173235,52,2,0,SMB,0
MCH-13358,91251.12205608029,0.45685424790224505,6,0,2,SMB,0
MCH-13359,58868.58899283821,0.5743897743499159,59,2,3,Mid-Market,0
MCH-13360,84540.97836041615,1.2939623477133608,23,4,0,SMB,0
MCH-13361,20869.005592718597,0.5458643898214922,39,1,0,SMB,0
MCH-13362,63941.07541012077,0.6567358964039397,46,2,0,SMB,0
MCH-13363,20330.469106684042,0.8987076661645731,44,2,0,Mid-Market,0
MCH-13364,144900.2329675527,0.9688329769246635,48,1,0,SMB,0
MCH-13365,55581.50931618789,1.2399715275755745,52,4,0,SMB,0
MCH-13366,24615.979526792973,0.8920656693328066,8,1,1,SMB,0
MCH-13367,20702.11432581741,1.2688510831390927,55,1,0,SMB,0
MCH-13368,15593.280914634784,1.0801809377500033,2,1,0,Enterprise,0
MCH-13369,64313.35053787402,0.5244097133662047,13,3,0,SMB,0
MCH-13370,17340.80317687602,0.5719645822321224,40,3,1,SMB,0
MCH-13371,50230.864856457316,0.880737097994748,57,3,1,SMB,0
MCH-13372,20369.41705045495,0.8365783323979437,21,4,0,SMB,0
MCH-13373,59230.87542058411,1.2178986966010241,31,2,0,Enterprise,0
MCH-13374,89353.68576448172,1.038810853777087,52,3,0,Enterprise,0
MCH-13375,80259.58057169421,0.8269463891024743,48,0,0,SMB,0
MCH-13376,76533.493706326,0.5878363117954242,36,2,0,SMB,0
MCH-13377,15395.656616596674,0.6495208125580447,48,1,1,SMB,0
MCH-13378,9626.87345025399,1.033051120315965,52,1,0,SMB,0
MCH-13379,65023.75118285905,0.8657826853897718,38,0,0,Mid-Market,0
MCH-13380,27970.77123598895,0.9664202597467394,27,1,1,SMB,0
MCH-13381,33312.17998206428,0.587745178832457,36,2,0,Mid-Market,0
MCH-13382,6582.227073065191,1.1291968775790224,48,4,1,Mid-Market,0
MCH-13383,20026.644533912375,1.3377926149415638,23,5,0,SMB,0
MCH-13384,6712.825761378989,0.6837334574655907,55,1,0,Mid-Market,0
MCH-13385,110675.06119683947,0.9406656484150093,21,2,1,Mid-Market,0
MCH-13386,18945.809149747278,1.473080061922992,13,2,0,SMB,0
MCH-13387,45747.34519277519,0.7665659146058005,37,2,1,Enterprise,0
MCH-13388,6987.967584027298,1.0545509794161374,47,0,1,Mid-Market,0
MCH-13389,59957.73048072541,0.49921527022026885,26,3,0,SMB,0
MCH-13390,24506.21997161652,1.0666165027273875,40,2,1,Enterprise,0
MCH-13391,119099.52473304837,0.49859495063507975,7,1,0,Mid-Market,0
MCH-13392,114515.61116018707,1.4551589788562045,46,4,1,SMB,0
MCH-13393,24673.661327106798,1.1872289172795427,39,0,0,SMB,0
MCH-13394,120612.02569055898,1.2669757669492772,22,4,1,Mid-Market,0
MCH-13395,283083.86180741864,1.1745147968488006,39,4,0,SMB,0
MCH-13396,92267.36769711309,1.0487019396841124,23,1,0,SMB,0
MCH-13397,98175.0245926015,0.894904059194056,58,1,1,SMB,0
MCH-13398,19318.06299604674,1.3442107177371687,30,1,1,SMB,0
MCH-13399,47983.98992553327,1.4525192342973696,18,4,0,Mid-Market,0
MCH-13400,8481.220362865055,0.9489397901944895,42,0,1,SMB,0
MCH-13401,9986.483092402734,1.424688554070788,18,2,0,SMB,0
MCH-13402,345287.5609944641,1.0416662009873692,46,2,0,Mid-Market,0
MCH-13403,24773.702970479466,0.9922226055860766,10,2,1,Mid-Market,0
MCH-13404,73952.8133814556,0.8999310062508924,39,4,1,Mid-Market,0
MCH-13405,87166.55588657974,0.6302165376831319,30,4,2,SMB,0
MCH-13406,102604.60575716627,0.4040916268998651,26,4,0,Mid-Market,0
MCH-13407,307207.35930216167,0.6656568495416675,7,2,0,Mid-Market,0
MCH-13408,18820.392319829854,0.9606954887639217,7,4,0,SMB,0
MCH-13409,7059.3752978471475,0.8179559474857279,5,3,0,Mid-Market,0
MCH-13410,31482.715304569138,0.8933337508028972,1,2,1,SMB,1
MCH-13411,11967.739778697818,1.4787130415204546,46,4,1,SMB,0
MCH-13412,6134.058664127396,0.7852996077362604,18,2,1,Mid-Market,0
MCH-13413,27347.712126266644,0.8974012332961188,13,2,1,SMB,1
MCH-13414,81563.29021790305,0.5468671064881016,25,1,1,Mid-Market,0
MCH-13415,46756.3585401623,0.45275350568068645,40,2,1,SMB,0
MCH-13416,23754.89395772082,1.252950466051744,8,0,0,Mid-Market,0
MCH-13417,58115.27239748333,1.0277514925791764,10,2,0,SMB,0
MCH-13418,18199.46091958775,1.2367752866482846,32,1,1,SMB,0
MCH-13419,5724.293068601967,0.5648490787752068,17,1,0,SMB,0
MCH-13420,77271.09981674551,1.0290116483009601,38,3,0,SMB,1
MCH-13421,53874.1541994483,0.6790067217755131,15,3,0,Mid-Market,0
MCH-13422,76837.84729547107,0.650867998590022,15,2,0,Mid-Market,0
MCH-13423,6985.818666383237,0.4126786154582838,57,3,0,SMB,0
MCH-13424,95736.96303464501,0.5433747959259791,48,2,0,SMB,0
MCH-13425,53316.898045698,0.7401949226496649,40,2,1,SMB,0
MCH-13426,46436.359303712605,0.528566636650033,51,1,1,Mid-Market,0
MCH-13427,53990.028862609295,1.4844442844520316,20,2,1,SMB,0
MCH-13428,104914.555846661,0.7394959133763458,15,0,0,SMB,0
MCH-13429,49207.69803459724,0.5433563413725611,35,1,0,SMB,0
MCH-13430,48488.29704919095,0.6189905441107535,6,2,0,SMB,0
MCH-13431,238775.11053935264,1.0464735511756242,30,1,0,SMB,0
MCH-13432,75679.20140598498,0.4704478762512674,57,1,0,SMB,0
MCH-13433,34196.14941672946,1.3486775431552727,8,3,0,SMB,0
MCH-13434,66446.92688281089,1.4576496471608622,31,3,0,SMB,0
MCH-13435,29651.77975240543,0.671422162734119,48,3,0,SMB,0
MCH-13436,17995.269560208722,0.8951047954499454,47,2,0,SMB,0
MCH-13437,50422.56167094156,0.4243478961324468,32,4,0,SMB,0
MCH-13438,136681.0752058117,1.1047812471999436,45,2,0,SMB,0
MCH-13439,137352.12029327807,0.8553186638578478,58,2,1,Mid-Market,0
MCH-13440,25920.32018851315,0.6970643127117113,52,1,1,Mid-Market,0
MCH-13441,42504.65962435363,0.6275208216782694,15,1,0,Mid-Market,0
MCH-13442,16889.761909378165,1.1194253854246365,18,1,0,SMB,0
MCH-13443,276662.3096007408,0.857838734135546,13,1,0,Mid-Market,0
MCH-13444,203477.0656162156,0.5976252179329032,24,1,1,SMB,0
MCH-13445,57421.002494304805,1.1580199896355066,40,3,1,SMB,0
MCH-13446,86587.77018532882,1.021579511340363,14,2,1,SMB,0
MCH-13447,67780.8801792394,1.344539260422446,28,0,0,SMB,0
MCH-13448,49966.54568445091,0.5292234887641423,11,2,0,SMB,0
MCH-13449,7741.186319598373,1.2642332621389019,6,1,0,SMB,0
MCH-13450,35326.85893952259,1.140868465498985,56,2,1,SMB,0
MCH-13451,61163.63904695658,0.5265120305109077,25,2,0,Enterprise,0
MCH-13452,61587.508754881645,1.1643028028588929,1,4,0,Mid-Market,0
MCH-13453,28350.216057317393,0.8857020177678135,25,5,0,Enterprise,1
MCH-13454,147100.7872475774,1.4394832641114275,2,1,0,SMB,0
MCH-13455,14157.516941152922,0.5557724856796893,32,0,0,Mid-Market,0
MCH-13456,39693.31657590699,1.107116729897312,13,1,1,Mid-Market,0
MCH-13457,63701.92960707369,0.8201780500092406,33,4,0,Enterprise,0
MCH-13458,64723.53891048593,1.4524961376499657,32,2,0,SMB,0
MCH-13459,57297.048549103594,0.7629723848193042,56,1,0,Mid-Market,0
MCH-13460,21099.061948071678,1.4584045004409805,24,1,1,SMB,0
MCH-13461,13492.378198547864,1.3916344362108242,27,4,1,SMB,0
MCH-13462,55521.87437461948,0.6974215588417221,4,2,0,SMB,0
MCH-13463,50727.37712303205,1.2838959545090707,24,1,0,Enterprise,0
MCH-13464,14883.294682328686,1.4951646219838568,23,2,1,SMB,0
MCH-13465,66062.58569092443,0.6779293023884106,29,2,0,SMB,0
MCH-13466,35364.25576438896,0.8804548862556517,34,5,0,Enterprise,0
MCH-13467,60094.973015560754,0.9721988102234357,21,3,0,SMB,0
MCH-13468,95812.98204613951,0.7244242493842508,30,4,0,Mid-Market,0
MCH-13469,14300.12186111506,0.41679132361063276,26,1,3,Mid-Market,0
MCH-13470,5966.525206032052,0.6421421686172794,20,2,0,SMB,0
MCH-13471,80502.8438535453,0.7101305727759344,16,2,0,SMB,0
MCH-13472,52041.650385961984,0.887959671450006,3,0,0,SMB,0
MCH-13473,65138.60454390005,0.5882127262547421,49,1,1,Enterprise,0
MCH-13474,96055.80186750542,1.36057979236084,37,0,2,Mid-Market,0
MCH-13475,86179.61443897677,1.1754022460044697,58,3,1,SMB,0
MCH-13476,167107.41057540957,0.4937205253156282,40,3,0,SMB,0
MCH-13477,43386.541013813156,1.1151016962539246,44,1,0,SMB,0
MCH-13478,38519.95776638009,1.1190221240461824,25,0,1,Mid-Market,0
MCH-13479,30698.795693722026,1.4518432910079904,23,1,1,SMB,0
MCH-13480,13343.53942303189,0.4033229584917774,44,2,1,SMB,0
MCH-13481,47502.59296105759,0.672725694786388,59,1,0,Mid-Market,0
MCH-13482,21218.16898463042,1.4205706273128471,1,0,1,SMB,0
MCH-13483,132110.37909505007,1.4253473069381113,33,2,0,SMB,0
MCH-13484,48756.33630557236,1.1926450613077013,15,5,0,Mid-Market,0
MCH-13485,49927.47468663413,1.242339653152294,17,0,0,SMB,0
MCH-13486,26919.4082082837,0.5006312537226119,34,2,1,SMB,0
MCH-13487,7669.477234958443,0.9652634182560571,17,3,0,Mid-Market,0
MCH-13488,6612.926077030241,0.6547412904178993,52,2,0,SMB,0
MCH-13489,32524.701015670293,0.599339847974979,58,2,0,Mid-Market,0
MCH-13490,9417.816493337841,1.2913336290356658,41,2,0,Mid-Market,0
MCH-13491,51677.81584065129,0.5485419503486022,44,2,0,Mid-Market,0
MCH-13492,111420.2484115725,0.9155168006960238,4,3,1,Mid-Market,0
MCH-13493,112242.67725759071,1.4324360635446363,13,1,0,Mid-Market,0
MCH-13494,58800.29890547041,0.6044152611218768,4,6,0,SMB,0
MCH-13495,16864.141540467564,1.475792766112058,7,2,0,SMB,0
MCH-13496,104387.56123270604,1.493716784337165,46,4,1,SMB,0
MCH-13497,113618.8387330262,1.0111788701506432,59,1,0,Mid-Market,0
MCH-13498,15948.462850360547,0.5871570141948738,9,2,0,SMB,0
MCH-13499,71861.13292848202,0.7477153767349853,23,1,1,SMB,0
MCH-13500,21880.012053853385,0.8669421159441888,33,2,0,Mid-Market,0
MCH-13501,86136.36947089959,0.7402566467940452,33,1,0,SMB,0
MCH-13502,299588.19920511765,0.7086991378641674,20,7,2,Mid-Market,0
MCH-13503,6524.300873101176,1.4694526801379935,4,2,1,SMB,0
MCH-13504,118829.23547395159,0.5687013101573202,1,0,0,SMB,0
MCH-13505,53726.527722878156,1.2066606995885487,54,1,0,SMB,0
MCH-13506,186309.54308603387,0.4004513183830924,42,4,1,SMB,0
MCH-13507,36275.31610066969,1.0558009363426146,34,3,1,SMB,0
MCH-13508,98992.80356643363,1.4075373043494577,27,0,1,SMB,0
MCH-13509,8221.276701284218,0.7167275035025409,21,1,0,SMB,0
MCH-13510,25419.397528551704,0.6040785727834912,24,0,0,Mid-Market,0
MCH-13511,8468.390182076233,1.1168477743662697,15,3,0,SMB,0
MCH-13512,190134.99282987346,1.1838615480282324,35,3,0,Mid-Market,0
MCH-13513,89906.32765453648,1.1568335708471795,25,2,0,Mid-Market,0
MCH-13514,100712.43274335699,0.7512485680235115,55,0,1,SMB,0
MCH-13515,144003.01338964835,0.6774226423752641,9,2,0,SMB,0
MCH-13516,9447.215984366045,1.4515106799582487,17,3,0,SMB,0
MCH-13517,29355.258936051094,1.4156294590969227,21,1,0,Enterprise,0
MCH-13518,8684.204817842052,0.9030482708821024,13,3,0,Mid-Market,0
MCH-13519,16836.338190250637,1.3308132527698109,3,4,1,SMB,1
MCH-13520,18027.071848820397,0.8975558253977257,4,4,1,SMB,1
MCH-13521,36659.7591084984,0.8668279198797615,4,3,1,Enterprise,0
MCH-13522,20637.152419979117,0.5724392423592242,43,3,0,Mid-Market,0
MCH-13523,10322.394599515666,0.8690466621411701,28,1,0,SMB,0
MCH-13524,14165.567669698085,0.9911586324597877,7,2,2,SMB,0
MCH-13525,12965.941795647717,0.4247547601715551,26,1,0,SMB,0
MCH-13526,185738.34164996215,0.888524305692947,11,2,1,Mid-Market,0
MCH-13527,76208.64021507773,1.2594918402347204,24,4,0,Mid-Market,0
MCH-13528,176729.64055921455,1.148050662011697,43,0,2,SMB,0
MCH-13529,33967.759282362575,1.0986726877503286,10,2,1,SMB,0
MCH-13530,21312.03163910938,1.400510971280923,37,2,0,Enterprise,0
MCH-13531,85047.00536592351,0.41983521080775305,13,3,1,Mid-Market,1
MCH-13532,24745.098602513415,1.0127523448114575,44,1,2,SMB,0
MCH-13533,22789.721849606434,1.266083733250678,42,1,0,SMB,0
MCH-13534,18231.230349408834,0.9954689209713941,39,4,0,SMB,0
MCH-13535,11944.657242346086,0.7562851078384172,19,5,1,SMB,0
MCH-13536,19816.84158781171,0.5498756216011756,51,2,1,SMB,0
MCH-13537,26950.04095855825,1.3763193789978105,19,1,0,SMB,0
MCH-13538,61042.00656745553,0.9178386316263634,12,2,0,Enterprise,0
MCH-13539,8230.384428183206,1.3659267166842717,52,3,1,Mid-Market,0
MCH-13540,16818.211763742074,1.0444373346764853,22,2,1,SMB,0
MCH-13541,87780.28148781994,1.1416113282765008,47,4,0,Mid-Market,0
MCH-13542,12945.210206221644,1.284687269816295,37,3,0,Mid-Market,0
MCH-13543,25976.564723377956,1.1250710990601478,56,3,1,SMB,0
MCH-13544,104997.85910183712,0.8378603247468315,30,2,1,Mid-Market,0
MCH-13545,13416.513317584939,0.9649967223215161,46,4,0,SMB,0
MCH-13546,9318.043191951981,1.283350077143468,12,4,0,Mid-Market,0
MCH-13547,38134.58417686708,0.8110153260102826,29,2,0,SMB,0
MCH-13548,23006.86879638946,0.8269336024453469,21,2,0,SMB,0
MCH-13549,46437.849664063586,0.5052591276638013,11,0,0,SMB,0
MCH-13550,86432.28290865643,1.4060428787439228,37,1,1,SMB,0
MCH-13551,12375.633156735948,0.5001399464399859,48,2,0,SMB,0
MCH-13552,48458.32207681815,1.1130300951934116,58,1,0,Enterprise,0
MCH-13553,40211.29218640965,0.8545139266830775,18,4,0,Mid-Market,0
MCH-13554,12778.847340567874,0.8461813292809867,44,0,0,SMB,0
MCH-13555,53908.10538759516,1.1475070202299524,59,2,2,SMB,0
MCH-13556,20985.50472856222,0.4738031058928666,27,2,0,Mid-Market,0
MCH-13557,38455.35548474945,1.053076361246578,37,4,0,SMB,0
MCH-13558,9292.729095505401,1.2492349645695904,48,1,0,SMB,0
MCH-13559,35770.80857529958,1.3110340336752537,12,4,0,Mid-Market,0
MCH-13560,23297.568147735685,0.5875834283331529,23,2,0,Enterprise,0
MCH-13561,91405.7830572241,1.3871609550859911,34,3,0,Mid-Market,0
MCH-13562,7933.321887280848,1.1217607010321866,38,2,2,SMB,1
MCH-13563,32116.44018475361,1.3700402809027512,23,1,1,SMB,0
MCH-13564,35664.27899947518,0.9338087888212182,53,1,0,Mid-Market,0
MCH-13565,69550.31385964184,0.9962366796069223,25,4,1,Enterprise,0
MCH-13566,47699.56097824137,1.4109421047315385,4,2,1,Enterprise,0
MCH-13567,60012.53208091015,1.389900497690139,30,1,0,SMB,0
MCH-13568,80040.22719200143,0.8929769607059023,30,3,0,Mid-Market,0
MCH-13569,104098.67500789174,0.70185389479925,13,3,1,SMB,0
MCH-13570,23834.808803283206,0.8324874780206906,42,0,0,SMB,0
MCH-13571,43611.97674587034,0.8265407613827247,49,5,0,SMB,0
MCH-13572,96662.85911198182,0.7155535624810734,14,0,0,Enterprise,0
MCH-13573,232586.8312642863,0.6954375647662633,56,5,1,SMB,0
MCH-13574,115145.72669368902,1.3471692301276916,47,1,2,SMB,0
MCH-13575,28218.358210038936,0.4768481127531279,8,2,2,Enterprise,1
MCH-13576,15855.99383242565,1.1453723003095537,55,4,0,SMB,0
MCH-13577,38607.70794699878,0.5901020566020976,24,1,2,SMB,0
MCH-13578,72670.34686320351,0.7789564827334696,18,1,0,Mid-Market,0
MCH-13579,38919.733866756935,0.46769733754832055,35,2,2,Mid-Market,0
MCH-13580,38003.11490037453,0.6969710005410084,25,5,0,SMB,0
MCH-13581,96079.11543049326,1.2452631782289663,17,3,0,Enterprise,0
MCH-13582,27424.14582282474,1.3735168570019844,32,4,2,SMB,0
MCH-13583,103232.36611522212,0.6436798670926038,56,1,0,Enterprise,0
MCH-13584,31111.588103075068,0.9099026231848141,24,1,1,Mid-Market,0
MCH-13585,24892.194104343907,0.9173564527309271,7,6,0,SMB,0
MCH-13586,35255.89128758565,1.3609328363357078,13,1,0,Mid-Market,0
MCH-13587,76868.21742735029,1.239078958163386,27,1,1,SMB,0
MCH-13588,11733.861176990653,0.9643849402048549,48,2,0,SMB,0
MCH-13589,15933.877928111207,1.1378219205189508,5,2,0,Enterprise,0
MCH-13590,156252.72562192738,1.3320905593003036,36,2,0,SMB,0
MCH-13591,14648.399112548559,0.41049284942809944,26,1,1,SMB,1
MCH-13592,46934.93406866942,0.8431790341550536,42,6,1,SMB,0
MCH-13593,48293.48380491145,1.3979674840047867,45,2,0,SMB,0
MCH-13594,38630.423765726606,1.2143443339283466,31,1,1,Mid-Market,0
MCH-13595,56746.00686113209,0.9971255117674822,10,1,1,Enterprise,0
MCH-13596,18056.987900925895,0.9826089797386468,46,4,1,SMB,0
MCH-13597,45222.07082914743,0.7825471073648815,26,2,0,SMB,0
MCH-13598,28274.551736404086,0.9725725870056661,22,1,0,SMB,0
MCH-13599,59186.27143872415,1.1209215194097988,12,0,0,SMB,0
MCH-13600,12612.331381052285,0.8601993422716725,32,1,0,SMB,0
MCH-13601,47300.632961878146,1.1855684610313915,27,1,0,SMB,0
MCH-13602,15244.947258534952,1.3473554499864244,33,2,1,SMB,0
MCH-13603,21331.060305257066,0.5701533330033473,53,4,0,Mid-Market,1
MCH-13604,17340.43118347528,0.8967017250991669,52,1,0,Enterprise,0
MCH-13605,15095.88239898087,0.8488221004135892,20,3,0,Mid-Market,0
MCH-13606,92352.0080051758,1.156211284454701,39,2,0,Mid-Market,0
MCH-13607,21823.141569534437,0.6748542117837224,41,2,2,SMB,0
MCH-13608,135949.64595202688,1.104276006447504,40,4,0,Mid-Market,0
MCH-13609,180205.5868226091,1.3652381659046369,59,1,0,Enterprise,0
MCH-13610,47345.28502392569,0.859944759772985,13,1,1,Enterprise,0
MCH-13611,12715.93351901143,1.402117269977142,14,2,1,SMB,0
MCH-13612,28464.053987741576,1.4924801128268266,44,2,1,Mid-Market,0
MCH-13613,84908.15151086437,0.5167012549427473,40,3,0,Mid-Market,0
MCH-13614,27895.11561743342,0.6563585067833446,53,1,1,SMB,0
MCH-13615,9551.912880210079,1.4454177266303025,22,3,0,Enterprise,0
MCH-13616,45685.00491944789,1.4541604551295255,18,1,0,SMB,0
MCH-13617,98255.50766240666,0.5074780029254344,48,1,0,SMB,0
MCH-13618,84463.7251445945,0.4164983504148504,29,3,0,SMB,0
MCH-13619,14626.05822760085,0.5772100255820645,43,2,0,SMB,0
MCH-13620,60853.77667199042,1.4956140617204734,16,5,0,Enterprise,0
MCH-13621,17455.40299742289,0.5979995782717555,46,0,1,SMB,0
MCH-13622,17308.298155587217,0.9528023673942255,35,6,1,SMB,0
MCH-13623,108602.15818686789,1.3332594990735622,53,1,0,Mid-Market,0
MCH-13624,19362.038674606603,0.422441771757027,34,2,0,SMB,0
MCH-13625,20275.152788324525,1.0649378804843055,3,4,1,Mid-Market,0
MCH-13626,5032.680215703518,0.7047279937565868,4,3,0,Mid-Market,0
MCH-13627,107269.02666443611,1.3485684080837048,54,3,2,SMB,0
MCH-13628,83654.04874322917,0.7118072641904871,5,1,0,Enterprise,0
MCH-13629,54352.955596129344,1.1554312923100998,10,2,0,SMB,0
MCH-13630,74367.89911598987,1.1416415956921366,52,4,0,Mid-Market,0
MCH-13631,13246.595886831492,0.6436429037456041,29,0,0,Enterprise,0
MCH-13632,35654.32469125478,0.43827911985518514,32,2,1,Mid-Market,0
MCH-13633,26633.032924217136,0.850174531163937,31,2,2,SMB,0
MCH-13634,9923.467179710378,0.7181124671624567,2,1,0,SMB,0
MCH-13635,38289.29540206506,1.2898755245750797,12,1,1,Mid-Market,0
MCH-13636,131750.86398529634,1.28040060730088,27,4,0,Enterprise,0
MCH-13637,7044.178938049949,0.9027263474118881,5,3,1,SMB,0
MCH-13638,22227.50267019295,1.067163447855541,37,4,1,SMB,0
MCH-13639,16630.721454153987,1.0646854675856177,27,2,0,SMB,0
MCH-13640,18600.0600348472,1.3098739632703857,23,3,2,Mid-Market,0
MCH-13641,124535.06411923292,0.8675026555355173,33,2,1,SMB,0
MCH-13642,36562.07996288356,0.70299134776956,4,3,0,Mid-Market,0
MCH-13643,36396.014783062026,0.6915384099546023,59,3,0,Mid-Market,0
MCH-13644,76475.88734519326,0.9898115072104247,21,0,0,SMB,0
MCH-13645,13390.894505614924,0.8940630230054338,24,1,1,SMB,0
MCH-13646,38399.84135452396,0.8841328480834298,44,3,0,Mid-Market,0
MCH-13647,33104.64891757445,0.500251072998678,31,2,2,SMB,0
MCH-13648,50429.85650204533,1.1904641147592152,44,1,1,SMB,0
MCH-13649,391176.476103123,0.6351103567801017,48,1,1,SMB,0
MCH-13650,78364.13617363868,0.6166489932295935,24,1,0,SMB,0
MCH-13651,30363.738693217296,0.8540341523051329,49,2,0,SMB,0
MCH-13652,92883.28196142538,0.6505561757795816,53,3,2,Mid-Market,0
MCH-13653,14359.169618058402,1.042244094038817,10,1,0,Mid-Market,1
MCH-13654,6546.867444936861,0.8086096732679187,49,0,1,Enterprise,0
MCH-13655,16435.976691547312,0.8938028948520692,49,1,0,SMB,0
MCH-13656,25806.960416615417,0.9908862537644318,50,1,0,SMB,0
MCH-13657,40726.79050552802,0.6238890747299853,2,1,0,SMB,0
MCH-13658,52742.37154703567,0.5713267851520828,31,2,0,SMB,0
MCH-13659,125734.9274895966,1.3684640931609655,25,1,0,SMB,0
MCH-13660,40652.599627986885,0.8770960731145632,4,3,0,SMB,0
MCH-13661,39785.08649479764,0.8533029705957931,51,0,4,SMB,0
MCH-13662,7577.456346178432,0.43917336530012563,11,7,0,SMB,0
MCH-13663,6776.776328235749,0.9477739328461326,17,2,0,SMB,0
MCH-13664,45054.43586682345,1.0095866937721003,44,1,0,SMB,0
MCH-13665,33828.5648385449,1.0147249580501332,2,3,0,SMB,0
MCH-13666,96373.60039524066,1.177734286255173,6,1,0,Mid-Market,0
MCH-13667,13758.137200227975,0.595230018490113,9,2,1,SMB,0
MCH-13668,6264.437195566019,0.6774454476536808,5,0,0,SMB,0
MCH-13669,34804.541576218886,1.291803511753454,20,3,1,SMB,0
MCH-13670,18556.23243019366,1.4418876785277335,29,2,1,SMB,0
MCH-13671,7544.372697534938,0.5495260221040528,21,4,0,Mid-Market,0
MCH-13672,69476.22360550429,0.9474145099557401,9,0,1,SMB,0
MCH-13673,10916.265380557514,0.6355938780135456,28,3,0,Mid-Market,0
MCH-13674,51865.441128329985,0.46608048519048073,55,1,0,SMB,0
MCH-13675,21498.15586056245,0.758053671938749,8,2,1,Mid-Market,0
MCH-13676,14527.529148633623,0.5580563877026341,31,1,2,Enterprise,0
MCH-13677,28881.755587233387,1.180926380777671,20,2,1,Mid-Market,0
MCH-13678,85834.65242579141,0.987097955038589,27,3,0,SMB,0
MCH-13679,29886.715912187767,0.5582179180893421,8,3,2,Mid-Market,0
MCH-13680,74468.88532959782,0.4101657472460658,54,4,1,SMB,0
MCH-13681,11704.36574455666,1.288972753926634,21,1,0,SMB,0
MCH-13682,79089.94031594318,0.5938138467806723,28,2,1,Mid-Market,0
MCH-13683,18520.493303605843,1.0668383064428426,23,2,1,Enterprise,0
MCH-13684,61566.04087255281,0.7706141043844201,6,2,0,SMB,0
MCH-13685,46710.37708251309,1.0440345321465392,3,1,3,Mid-Market,0
MCH-13686,137355.78763142397,0.7472189896805566,5,3,0,SMB,0
MCH-13687,29495.830598328183,0.4956335167614796,9,2,1,SMB,0
MCH-13688,8422.785905114008,0.645245009413529,7,3,0,Mid-Market,0
MCH-13689,5967.066448644576,0.6068644231269832,4,1,0,SMB,0
MCH-13690,92682.32259392127,0.8708212876836083,39,0,1,SMB,0
MCH-13691,42194.20387367803,1.1241121617687733,5,1,0,SMB,0
MCH-13692,79637.00701425875,0.6901866824409933,11,0,0,Mid-Market,0
MCH-13693,18356.44386220155,0.4132769288306798,15,3,0,SMB,0
MCH-13694,26162.395363326137,0.9708311006912327,34,3,1,SMB,0
MCH-13695,6528.314898631361,1.0663354382948693,13,1,0,SMB,0
MCH-13696,167844.88479234657,1.4591575434019908,54,1,0,Enterprise,0
MCH-13697,60111.12589061934,1.0484178834025717,48,1,0,Mid-Market,0
MCH-13698,140306.41827008183,0.9182898153159561,7,1,0,Mid-Market,0
MCH-13699,20428.019610061598,1.0307417884874743,40,2,0,Mid-Market,0
MCH-13700,52268.42243809473,1.42069069284823,6,0,0,SMB,0
MCH-13701,61737.881834062864,1.311215960161811,56,1,0,SMB,0
MCH-13702,24103.278773241575,0.7552766067001888,39,4,2,SMB,0
MCH-13703,99229.68339540975,0.6609798000228511,50,1,0,SMB,0
MCH-13704,152025.72425907542,0.6888969736026811,30,4,1,SMB,0
MCH-13705,113078.20487186962,0.9548631436867344,22,1,0,Mid-Market,0
MCH-13706,72174.57586923357,1.2184543963514356,25,1,0,SMB,0
MCH-13707,21249.448699830282,0.9535411279012583,28,1,1,SMB,0
MCH-13708,21537.55462843419,0.47457603541092386,54,1,0,SMB,0
MCH-13709,170331.17425062152,1.1959387704839792,20,1,0,SMB,0
MCH-13710,5516.887339203922,1.2865671415380493,39,0,0,SMB,0
MCH-13711,67947.8509212154,0.7184476516316917,3,2,0,Mid-Market,0
MCH-13712,66250.65749837182,1.1305383132116855,5,0,0,SMB,0
MCH-13713,53734.34658081642,0.8692510911598328,1,3,1,SMB,0
MCH-13714,235805.72327089857,1.378031291300187,15,1,0,Mid-Market,0
MCH-13715,23689.560884289393,1.329748113976814,26,4,0,SMB,0
MCH-13716,25773.640712701705,0.9779751981406065,3,1,0,Mid-Market,0
MCH-13717,9111.472502245691,1.160656100394954,40,2,1,SMB,0
MCH-13718,34241.384637999974,1.3716846711243145,57,4,0,Mid-Market,0
MCH-13719,20126.15124595582,0.9452887110861031,41,0,0,SMB,0
MCH-13720,26033.001078636575,0.7445758145377042,47,2,0,Mid-Market,0
MCH-13721,94960.89781267632,1.2290327517005395,42,2,1,SMB,0
MCH-13722,142042.49918254913,0.642072880263161,34,1,0,SMB,0
MCH-13723,15273.352268225353,0.8273842628066463,52,3,0,Mid-Market,0
MCH-13724,28301.292081441803,1.352299960817473,5,3,1,SMB,0
MCH-13725,136994.27710520374,1.1968645742962467,31,2,1,SMB,0
MCH-13726,8190.057556508566,0.8441921057722492,51,4,1,SMB,0
MCH-13727,9845.4018310194,0.6362189526491931,13,1,0,SMB,0
MCH-13728,13884.07627280324,0.7915652299154603,43,2,1,Mid-Market,0
MCH-13729,50219.69331851856,0.7125145641501763,1,4,0,Mid-Market,0
MCH-13730,13153.734842803942,0.5936982167382394,22,1,0,SMB,0
MCH-13731,177220.45748766887,1.2176662049222224,15,2,0,SMB,0
MCH-13732,34594.05925430443,0.6772768755351888,26,0,0,Enterprise,0
MCH-13733,39809.38595079946,0.8995842171845403,18,0,1,SMB,0
MCH-13734,19161.839422852347,0.8244453915197201,48,2,1,Mid-Market,0
MCH-13735,36834.58563860385,1.4802851164991941,9,3,0,SMB,0
MCH-13736,59222.694569871775,0.8302014685630426,1,0,0,Mid-Market,0
MCH-13737,74550.70145337541,0.4879807310764303,43,5,2,SMB,0
MCH-13738,75094.38188166358,0.49880832782929246,9,1,0,SMB,0
MCH-13739,48124.598571902636,1.0498290934883714,23,5,1,SMB,0
MCH-13740,122358.08918792034,1.0592999069120923,43,2,1,Mid-Market,0
MCH-13741,90025.01435670823,0.8606348895309206,45,5,1,SMB,0
MCH-13742,75744.59290608738,0.8750280615432326,58,2,2,Mid-Market,0
MCH-13743,7860.566027410341,0.45932584112495833,2,2,1,SMB,0
MCH-13744,5345.086221074738,0.9682011614281886,14,5,0,SMB,0
MCH-13745,16941.248046516135,0.955213422918387,38,0,1,Mid-Market,0
MCH-13746,59461.362399866564,0.564504250412639,40,4,0,SMB,0
MCH-13747,31483.222338555297,0.5142233247220204,18,2,0,SMB,0
MCH-13748,30742.205964007477,0.5359297396594396,16,4,0,SMB,0
MCH-13749,112961.86555842173,0.5111310711403844,53,1,1,Enterprise,0
MCH-13750,117958.49030154476,1.0706790150904357,29,4,0,SMB,0
MCH-13751,124941.18040788866,0.6161309176432105,44,3,0,SMB,0
MCH-13752,23834.996801044137,0.6765731674062099,11,6,0,SMB,0
MCH-13753,63729.732107524105,0.5909293585665838,6,1,0,SMB,0
MCH-13754,20847.524290519643,1.4536188348933536,3,2,0,SMB,0
MCH-13755,15573.70976056068,1.340079209467019,14,1,0,Mid-Market,0
MCH-13756,15205.814740946558,0.6535443210866729,2,1,0,SMB,0
MCH-13757,25935.695928863475,0.7603229233143387,32,3,1,Mid-Market,0
MCH-13758,33102.22848269944,0.6308821265354969,31,3,0,SMB,0
MCH-13759,93877.79231457115,0.9410635554069062,11,1,1,Enterprise,0
MCH-13760,11385.481087491484,0.42157158572167897,22,2,0,Enterprise,1
MCH-13761,71387.28354936044,1.1385048097864754,3,3,0,SMB,0
MCH-13762,42906.14737730348,0.9754739647994058,50,5,0,SMB,0
MCH-13763,21980.03023060038,1.3885028211312136,31,0,0,Mid-Market,0
MCH-13764,38944.42448212634,0.5808319527612555,33,1,1,SMB,0
MCH-13765,22829.609495077297,1.2845201706672449,24,2,1,SMB,0
MCH-13766,50327.1640550258,1.2711571159133874,1,5,1,Enterprise,0
MCH-13767,33444.274205978625,0.5398993081385757,44,2,0,SMB,0
MCH-13768,13980.593310915678,0.8384151465585403,15,1,0,SMB,0
MCH-13769,11197.901028445114,0.5871679052589687,37,3,1,Mid-Market,0
MCH-13770,44559.57977697022,0.6801925505033038,27,1,1,SMB,0
MCH-13771,121350.56661237526,0.6895707923135989,38,0,1,SMB,0
MCH-13772,26076.499495978765,1.01186003342835,48,2,1,SMB,1
MCH-13773,71025.35110824133,0.8525520249365122,27,2,1,SMB,0
MCH-13774,58744.01002359871,1.442506084406936,44,2,1,Enterprise,0
MCH-13775,139086.17619868694,0.5390071561417057,12,1,0,Enterprise,0
MCH-13776,91013.17150779933,1.4710613483352186,3,2,0,SMB,0
MCH-13777,46805.31620112004,0.6537025042356903,30,3,0,Mid-Market,0
MCH-13778,58505.68759519473,1.2501613300200385,32,4,0,SMB,0
MCH-13779,119328.92748977165,0.7728669187901036,23,1,1,Mid-Market,0
MCH-13780,30501.195976414405,0.5573895349590453,2,0,0,SMB,0
MCH-13781,24785.247627584627,1.343678103770864,7,3,1,SMB,0
MCH-13782,5543.497402150736,0.7397469891601096,34,2,1,SMB,0
MCH-13783,92593.60493377886,1.1247409446495265,32,1,0,SMB,0
MCH-13784,85717.6738031259,1.0230880535952893,53,1,0,SMB,0
MCH-13785,10516.113468993783,0.9189319403299618,39,0,0,SMB,0
MCH-13786,48002.29981594398,0.9454014199133931,32,3,0,Enterprise,0
MCH-13787,36179.348664161924,1.2054617055015164,43,4,0,Enterprise,0
MCH-13788,11318.375474465349,0.49655020553578466,43,2,0,Mid-Market,0
MCH-13789,202042.2886118751,1.1349987281536957,14,2,0,SMB,0
MCH-13790,17084.211585809953,1.3853933115384367,3,2,0,SMB,0
MCH-13791,8480.05532607064,0.4635670167218506,46,4,0,SMB,0
MCH-13792,50174.57210631046,0.5547186731570335,32,3,0,SMB,0
MCH-13793,72136.20932495302,1.1882951303722347,43,2,4,SMB,0
MCH-13794,6649.070104427652,0.8810098130690793,36,1,0,SMB,0
MCH-13795,58752.25527050153,0.8439034828950572,17,0,0,SMB,0
MCH-13796,42995.54220941582,0.5506632979986594,48,1,1,Mid-Market,0
MCH-13797,10449.744983834416,0.957447044789567,3,2,0,Mid-Market,0
MCH-13798,14468.751323152914,0.539199842316015,57,2,0,SMB,0
MCH-13799,46963.50977771915,0.9242825019415944,10,3,1,Mid-Market,0
MCH-13800,22574.251281346515,1.2399768288578223,53,1,0,SMB,0
MCH-13801,144286.31509919767,0.6840907936758799,47,0,0,SMB,0
MCH-13802,90391.20402026764,0.9288647849977001,40,1,1,SMB,0
MCH-13803,210423.81689356003,1.4912175663365193,18,3,0,Mid-Market,0
MCH-13804,20033.01897271921,1.155315465689441,3,4,0,SMB,0
MCH-13805,179869.39155616993,1.3254924484357185,39,0,0,SMB,0
MCH-13806,33214.29741565425,0.8563323672166003,10,3,0,SMB,0
MCH-13807,26348.647263935698,1.2446470154384408,52,8,0,SMB,0
MCH-13808,7583.064260675244,0.44456009023545406,9,1,0,SMB,0
MCH-13809,7710.416837253274,0.5352023007964695,46,1,0,Mid-Market,0
MCH-13810,63884.602097885196,0.6233776522120684,55,1,0,SMB,0
MCH-13811,35617.913977190954,0.8421471170767416,46,1,0,Mid-Market,0
MCH-13812,17842.878401807568,1.3303193661583395,11,1,1,SMB,0
MCH-13813,52592.049292871925,0.7808926558667235,33,6,0,SMB,0
MCH-13814,19575.008823830736,1.1200833128670094,36,2,1,Mid-Market,0
MCH-13815,48093.88627103656,1.1802457242838318,26,3,0,SMB,0
MCH-13816,27252.57667094912,1.0448005894971755,27,3,0,SMB,0
MCH-13817,91736.51739398309,0.7929661649871499,38,5,2,SMB,0
MCH-13818,90933.67431283086,1.0347586758848988,22,2,1,Mid-Market,0
MCH-13819,37442.20083708896,0.7764921520687209,26,1,1,Mid-Market,0
MCH-13820,26602.19394899083,0.4922611124072133,22,1,1,SMB,0
MCH-13821,27514.740243649117,1.492084376004616,5,2,0,SMB,0
MCH-13822,86921.33421825596,0.539900698995762,35,2,0,Mid-Market,0
MCH-13823,24888.203081482578,0.4795832222196631,2,1,1,SMB,0
MCH-13824,16726.618780401754,1.3663838241278716,35,0,0,SMB,0
MCH-13825,9424.533086434074,0.7320181269821846,9,0,1,Mid-Market,0
MCH-13826,36432.913115542135,1.1153266714808585,51,1,1,Mid-Market,0
MCH-13827,37901.75432324232,0.7619063026284563,51,2,0,SMB,0
MCH-13828,96913.85465563265,0.8305996978739183,49,0,0,Mid-Market,0
MCH-13829,17502.534699439355,0.6883242692184762,18,2,0,SMB,0
MCH-13830,28981.795446533662,0.7773484063723113,43,1,1,Mid-Market,0
MCH-13831,87618.7683183126,0.8517704406451975,12,1,1,SMB,0
MCH-13832,91756.74960755782,1.1924576760015773,3,2,1,SMB,0
MCH-13833,29275.040713585488,0.962689813658271,18,3,1,SMB,0
MCH-13834,35728.26373182093,1.4379217388726748,56,3,0,SMB,0
MCH-13835,23069.00628753184,0.4460684332226531,38,0,2,SMB,1
MCH-13836,139822.05126989522,0.9533751548952311,7,4,0,Mid-Market,0
MCH-13837,11314.669130403347,1.04264726771489,33,2,0,SMB,0
MCH-13838,140715.55523709793,1.4122166846817015,6,3,0,Mid-Market,0
MCH-13839,62579.52669500004,0.45407437598357037,18,2,2,SMB,1
MCH-13840,42918.65985166567,1.0308495434287377,45,3,0,Mid-Market,0
MCH-13841,6660.213575281415,1.3389929213807528,22,3,1,SMB,0
MCH-13842,37274.66325735994,0.6661205009311603,51,0,0,SMB,0
MCH-13843,31191.161814533487,1.3639215833763312,39,0,2,SMB,0
MCH-13844,13790.270372663537,0.42094775020172104,51,1,0,SMB,0
MCH-13845,58415.25194576521,1.2057000920471028,9,3,0,SMB,0
MCH-13846,182283.8368881519,1.4264245432855183,35,2,0,SMB,0
MCH-13847,46298.376851761175,1.1229174278040686,23,3,0,Enterprise,0
MCH-13848,67720.03882624177,0.8829321683784928,12,0,0,Mid-Market,0
MCH-13849,8545.294966815854,0.44936911811998986,52,4,1,Mid-Market,0
MCH-13850,32035.641137150757,1.4121251946548918,24,1,1,SMB,0
MCH-13851,11185.191239833108,0.9173258449607323,50,1,0,Mid-Market,0
MCH-13852,52440.15841541465,0.4318964187695428,40,5,1,SMB,0
MCH-13853,144421.40179522912,1.1588031784616382,9,4,3,SMB,0
MCH-13854,59202.600169151316,0.930020978933884,13,0,0,SMB,0
MCH-13855,8995.634256706158,0.5367798491866518,40,2,0,SMB,0
MCH-13856,26899.379219915143,0.6356989902412855,54,3,1,SMB,0
MCH-13857,44999.14802101498,0.47093974850143094,42,1,1,SMB,0
MCH-13858,30809.31131894337,1.031722893679431,17,1,1,SMB,0
MCH-13859,94681.26358031534,1.0842324271772101,7,3,0,Mid-Market,0
MCH-13860,89281.13401910903,0.9563165281909889,17,3,1,Enterprise,0
MCH-13861,52315.72594850991,1.2988123463028765,55,2,0,SMB,0
MCH-13862,28376.96901076391,1.347109703438815,50,0,0,SMB,0
MCH-13863,19741.13354851147,1.0771868363514394,24,3,4,Mid-Market,1
MCH-13864,10595.446501768049,0.4140321276781736,2,0,0,SMB,0
MCH-13865,26917.31722567041,1.1647526213225095,35,1,0,Enterprise,0
MCH-13866,31651.219939284987,0.8597991386123868,28,4,0,Mid-Market,0
MCH-13867,61323.26925124914,1.0221132315490258,19,2,0,SMB,0
MCH-13868,58670.59868281257,1.1139886622207729,33,3,1,SMB,0
MCH-13869,8634.348938996556,0.7852602757597844,21,0,0,Enterprise,1
MCH-13870,30147.776669135357,1.408808355688974,53,1,0,Enterprise,0
MCH-13871,15031.132271889608,0.5473723534247594,10,3,0,SMB,0
MCH-13872,13528.308464195054,1.1386629880091412,53,1,1,SMB,0
MCH-13873,92810.58708598181,0.4047955379522385,46,0,1,Mid-Market,0
MCH-13874,7140.950231550728,1.4171162159456991,45,1,1,SMB,0
MCH-13875,32165.966613329325,0.5237545465619007,9,2,0,Enterprise,0
MCH-13876,14208.382334480893,0.5043726531623322,38,2,1,Mid-Market,1
MCH-13877,110734.87596197597,0.7663083963574687,6,3,0,Mid-Market,0
MCH-13878,45713.8482603557,0.8109229146429887,51,3,0,SMB,0
MCH-13879,18157.97039000406,0.6357300795551666,53,3,0,Mid-Market,0
MCH-13880,39900.67883069041,1.0436338270198373,42,3,1,SMB,0
MCH-13881,70742.67822364975,0.88720550784616,55,3,0,SMB,0
MCH-13882,163644.9675797001,0.4375931479451962,35,3,0,SMB,0
MCH-13883,17451.666157664185,0.7516172684808308,18,3,0,SMB,0
MCH-13884,113657.62977530829,1.2914762049304875,53,1,0,Mid-Market,0
MCH-13885,141135.94879810317,1.1586716883480555,19,2,1,Mid-Market,0
MCH-13886,129097.87685418448,1.1973579389378686,5,3,1,SMB,0
MCH-13887,55449.68972670079,1.167928616491876,25,0,2,SMB,0
MCH-13888,54688.383651876575,0.7420703235213366,11,1,1,SMB,0
MCH-13889,30809.55236241663,0.5096303142844535,10,1,0,SMB,0
MCH-13890,74796.60926578271,0.6997139024364056,17,3,0,Mid-Market,0
MCH-13891,42888.98059611325,1.3149638302036752,36,2,1,SMB,0
MCH-13892,61573.00669910428,1.4785178775613783,26,3,0,Enterprise,0
MCH-13893,32970.85697013706,0.9432317162157176,31,1,1,Mid-Market,0
MCH-13894,70744.5597910318,0.4106703904153465,32,3,0,SMB,0
MCH-13895,91997.69781963523,0.554049293347652,21,0,1,SMB,0
MCH-13896,12916.752741484375,0.7542886328478924,18,1,0,SMB,0
MCH-13897,94467.03451395797,1.036443883452245,18,1,1,SMB,0
MCH-13898,43858.681584589765,0.4826030103858454,1,1,0,SMB,0
MCH-13899,98108.8528217467,1.43769302858087,14,1,0,SMB,0
MCH-13900,33220.26125488417,0.8015920406128408,8,2,1,Enterprise,0
MCH-13901,28824.46965136942,1.4038426397173054,2,0,0,SMB,0
MCH-13902,128290.93890356795,1.258573983032724,51,5,0,Mid-Market,0
MCH-13903,19462.11561956012,1.2309809997671395,15,2,0,SMB,0
MCH-13904,97963.06291709906,1.0673915377604553,34,1,1,SMB,0
MCH-13905,38084.419174982184,1.0894621987570292,36,3,1,SMB,0
MCH-13906,41087.15291089026,1.1018035587378732,1,3,0,SMB,0
MCH-13907,23442.312989449154,1.0915935257281404,51,4,0,SMB,0
MCH-13908,47553.50505635326,1.0091010545381973,21,1,0,Mid-Market,0
MCH-13909,24667.776021999343,1.4850554203311779,42,4,0,SMB,0
MCH-13910,7003.062856136337,1.2055196241682657,1,2,1,Mid-Market,1
MCH-13911,20872.61575257557,1.2546410272317734,32,1,0,Mid-Market,0
MCH-13912,5319.973822291437,1.3597090965920415,20,3,1,Mid-Market,0
MCH-13913,196648.5480076762,0.6372037389984342,54,6,0,Mid-Market,0
MCH-13914,173699.3626237572,0.4921845750045669,47,4,0,SMB,0
MCH-13915,30139.177196934488,0.9311838802584586,36,2,1,Enterprise,0
MCH-13916,70165.87890408427,0.9654887651812005,39,0,2,Enterprise,0
MCH-13917,26217.574292857033,1.3120999579449095,30,3,1,Mid-Market,0
MCH-13918,60599.0360274469,0.8881619372105694,7,2,0,SMB,0
MCH-13919,86848.17523676711,1.027938328098744,22,2,0,SMB,0
MCH-13920,151643.7376242599,0.9797780323648042,57,3,0,Mid-Market,0
MCH-13921,30558.973972415766,0.4420230621331302,50,1,0,Mid-Market,0
MCH-13922,81461.60312407585,1.0767363862566053,45,1,0,Mid-Market,0
MCH-13923,20457.438820776304,1.3108476143516774,10,1,1,Mid-Market,0
MCH-13924,236948.2619614794,0.5732506028833843,56,4,0,SMB,0
MCH-13925,6305.3725868436595,1.0537649073192554,8,1,0,SMB,0
MCH-13926,51257.59462519728,1.0529715988910557,27,3,0,Mid-Market,0
MCH-13927,58867.886040240584,0.5806034604619946,10,4,0,SMB,0
MCH-13928,63244.90590486503,0.5358099311038096,14,1,1,Mid-Market,0
MCH-13929,11413.69494850031,1.4780571372741336,46,2,1,Mid-Market,0
MCH-13930,144460.12527945163,0.8330910866183414,59,1,1,SMB,0
MCH-13931,14994.750205818287,0.6501639015958822,52,2,0,SMB,0
MCH-13932,53742.81012770189,0.5884569988998125,54,1,1,Mid-Market,0
MCH-13933,17594.906445104134,1.1343618849415587,11,2,1,SMB,0
MCH-13934,23351.880931945867,1.0703898270600067,6,3,0,SMB,0
MCH-13935,44533.42975723864,1.1079073352861593,21,0,2,Mid-Market,0
MCH-13936,31994.99559696459,0.4968066302625975,33,1,0,Mid-Market,0
MCH-13937,13731.09979039669,1.3828880418482807,19,0,0,Mid-Market,0
MCH-13938,14372.92053855441,0.8281930364899532,39,4,0,SMB,0
MCH-13939,32076.68195564177,0.7447063470733938,24,3,0,SMB,0
MCH-13940,75792.95169368647,0.9085975919725132,18,1,1,Mid-Market,0
MCH-13941,119121.79631090615,0.8290726723223911,35,2,1,SMB,0
MCH-13942,9393.91466498047,1.3499347034530604,52,1,0,SMB,0
MCH-13943,29969.88423583337,1.4221870727176813,43,2,0,SMB,0
MCH-13944,10281.670073437333,0.7337985380945669,37,6,1,SMB,0
MCH-13945,5836.583886880826,1.3503293882059504,19,6,1,SMB,0
MCH-13946,59193.871489931975,1.2596754424863739,53,2,0,SMB,0
MCH-13947,51121.65814772763,1.4238884395792382,24,2,0,SMB,0
MCH-13948,13897.702242621855,0.6703253434044767,56,3,0,Enterprise,0
MCH-13949,18316.439793397283,1.034655065133077,34,2,0,SMB,0
MCH-13950,6199.665232440433,0.7019990432144891,22,0,0,SMB,0
MCH-13951,95074.49453855673,1.3065039395328117,4,2,0,SMB,0
MCH-13952,188828.96273127105,0.4058566096281707,57,2,0,SMB,0
MCH-13953,12277.858481349544,1.0213010791750357,10,2,0,Enterprise,0
MCH-13954,18164.123188918737,0.7731237743991098,2,4,0,Mid-Market,0
MCH-13955,106403.03165636086,0.7549520777856022,8,4,1,Mid-Market,0
MCH-13956,135498.87246049577,1.1093969562514088,33,2,0,Mid-Market,0
MCH-13957,32204.246914178966,1.3366328942453936,59,0,1,Enterprise,0
MCH-13958,7597.4371557295,1.070114930532659,38,2,0,SMB,0
MCH-13959,7009.434426542708,1.3384902765113948,43,0,0,SMB,0
MCH-13960,47659.91271765617,0.691056823069133,59,3,0,SMB,0
MCH-13961,29952.685018443055,0.9714520402414794,28,2,0,SMB,0
MCH-13962,6453.5460839803545,0.8955901929737837,10,1,2,Mid-Market,0
MCH-13963,48763.72488848828,0.41280938945340584,45,2,1,SMB,1
MCH-13964,5568.344783120911,1.0124933574548143,1,3,1,Mid-Market,1
MCH-13965,82410.54610960923,1.1276767565607924,34,3,0,SMB,0
MCH-13966,23295.35884361161,1.0511058448609771,3,3,1,SMB,0
MCH-13967,7054.53918877337,1.2099078886617636,9,1,0,SMB,0
MCH-13968,49379.36002857341,1.028473481298385,5,2,1,Mid-Market,0
MCH-13969,30348.687125828055,0.47342528033583264,42,1,0,Mid-Market,0
MCH-13970,187100.58226649917,0.5280900764931826,10,2,0,Enterprise,0
MCH-13971,44284.911389096385,1.0561220352983476,12,2,1,Mid-Market,0
MCH-13972,21095.679171834025,0.7024771111710042,18,1,0,SMB,0
MCH-13973,66797.06380335598,0.48760964193824247,58,4,0,SMB,0
MCH-13974,20837.83377143509,0.8725630177934015,21,1,1,Mid-Market,0
MCH-13975,122297.22948735801,1.009754857892021,21,2,0,Mid-Market,0
MCH-13976,28477.94404863573,0.7616205871845673,1,0,0,SMB,0
MCH-13977,44910.782807304044,1.192477072448356,3,0,0,SMB,0
MCH-13978,7594.837180490617,1.1081476689113692,5,2,0,SMB,0
MCH-13979,32766.85604582263,0.7661001972008392,25,0,0,SMB,0
MCH-13980,94297.87854022802,1.2303597817994167,58,4,0,Enterprise,0
MCH-13981,86904.42374357613,1.113564546786339,49,2,2,Mid-Market,0
MCH-13982,17700.66785346775,1.1011899165896923,8,0,0,SMB,0
MCH-13983,17814.27847696821,1.008770470865775,17,0,0,SMB,0
MCH-13984,89996.94460871768,0.4125286348974081,9,5,0,Mid-Market,0
MCH-13985,138248.40065913936,1.1661579018245782,32,2,0,Mid-Market,0
MCH-13986,10010.961143187671,0.8136459702200722,6,1,0,SMB,0
MCH-13987,34897.18117891115,1.436870681174521,49,2,0,Mid-Market,0
MCH-13988,25583.285530942834,1.299783248184926,40,1,0,Mid-Market,0
MCH-13989,107276.53561256953,1.0464639164844436,21,2,1,SMB,0
MCH-13990,9361.019833273403,0.6774001800011964,7,1,0,Enterprise,0
MCH-13991,16857.429694568054,0.6240891326054333,7,3,0,SMB,0
MCH-13992,74810.83881060721,0.774423321445304,47,0,1,SMB,0
MCH-13993,7632.80844876875,0.9242247379380204,39,0,0,SMB,0
MCH-13994,38916.41430948137,0.7256720610428419,54,1,2,SMB,0
MCH-13995,34179.4076711385,0.9664224449317311,27,3,0,SMB,0
MCH-13996,25353.40803969688,0.5819074680645046,8,3,2,Mid-Market,0
MCH-13997,30091.007693553885,1.47548409410805,9,2,0,SMB,0
MCH-13998,42744.80907402323,0.5187170104614933,28,2,0,Mid-Market,0
MCH-13999,13799.126053415916,1.4251385536198096,15,3,2,Mid-Market,0
MCH-14000,47431.12266340943,1.4049358125429645,2,3,1,SMB,0
MCH-14001,86848.76275486991,0.9778965300014479,7,2,0,SMB,0
MCH-14002,76389.356067275,1.1974012990196927,47,1,1,SMB,0
MCH-14003,13355.88052049445,0.8796531277698467,18,1,2,SMB,0
MCH-14004,13081.81711588561,1.093038035296682,22,1,0,SMB,0
MCH-14005,20610.650034924263,0.7746335311632306,50,1,1,SMB,0
MCH-14006,27398.3887036828,0.73127492176399,10,0,2,SMB,0
MCH-14007,31250.925177694702,1.036052764786465,54,3,1,SMB,0
MCH-14008,61924.42665775756,0.9479426416023784,50,2,1,SMB,0
MCH-14009,7917.508476068961,1.0374900060649792,33,3,1,Mid-Market,0
MCH-14010,6764.403427101483,0.7153266394157254,7,3,0,SMB,0
MCH-14011,29871.665370648694,0.8036536149986948,3,2,2,SMB,1
MCH-14012,64728.142876654056,0.49228775669180025,14,4,1,SMB,1
MCH-14013,15748.560735327195,0.4575040094994263,44,0,0,SMB,0
MCH-14014,56291.95595190131,0.6788028426403179,46,0,0,Mid-Market,0
MCH-14015,20043.643686111638,0.48167154526360034,36,3,1,SMB,0
MCH-14016,113615.62282352138,0.5141521794982148,13,1,0,SMB,0
MCH-14017,118019.37549945613,1.2942212459333309,16,1,0,SMB,0
MCH-14018,22640.35057938895,0.44276106671835824,16,3,0,SMB,1
MCH-14019,18067.832621562808,1.1248370733282171,54,0,1,SMB,0
MCH-14020,31492.265507650143,0.6998135236969406,5,5,1,SMB,0
MCH-14021,18756.827230918527,1.358700248778939,52,1,1,SMB,0
MCH-14022,60795.6304908971,0.9334915130352496,25,1,0,SMB,0
MCH-14023,92453.58995806877,0.7361341052606083,38,3,0,Enterprise,0
MCH-14024,60903.844684429016,0.9694028292583781,38,2,0,SMB,0
MCH-14025,91963.22232633,0.8201538209497958,50,4,0,SMB,0
MCH-14026,30291.254217093472,1.0207311711368132,38,5,0,Mid-Market,0
MCH-14027,13498.920631877976,0.5259861551589831,39,0,0,Mid-Market,0
MCH-14028,71961.17845359462,1.4966895530938062,56,0,0,Mid-Market,0
MCH-14029,27351.439594779684,0.8681114654663893,56,1,1,Mid-Market,0
MCH-14030,60626.05221006178,0.7830537036781056,48,1,2,SMB,0
MCH-14031,20779.662321674776,1.1812308331478913,41,3,0,SMB,0
MCH-14032,9235.953125196913,0.8002893471448658,26,2,0,Mid-Market,0
MCH-14033,250190.91152837707,1.3166017355316335,59,3,0,Mid-Market,0
MCH-14034,13492.078318230082,0.8996977967964679,13,0,1,SMB,0
MCH-14035,227928.08225093893,1.1915142545919784,44,2,0,SMB,0
MCH-14036,194225.3358553752,0.5181985380860752,51,2,0,Mid-Market,0
MCH-14037,83949.82545309381,1.330731104110623,26,3,1,SMB,0
MCH-14038,58855.69647955132,1.2092897854559208,55,2,2,Enterprise,0
MCH-14039,48114.64212746629,0.6328884563081623,55,3,0,SMB,0
MCH-14040,105533.67838174588,0.5598146107203653,1,5,0,Mid-Market,0
MCH-14041,22085.060709710604,0.747921583598187,8,4,0,SMB,0
MCH-14042,36525.63722257045,1.473677644635095,4,3,0,SMB,0
MCH-14043,53298.99848381276,0.6825147320237646,21,1,0,SMB,0
MCH-14044,31482.62681024505,0.9017399298412967,22,1,0,SMB,0
MCH-14045,32885.94414279805,0.43302224828907,51,3,0,SMB,0
MCH-14046,25045.126687582964,0.8369502825228559,53,2,2,Mid-Market,0
MCH-14047,46532.24333367971,1.028452016976413,58,2,0,SMB,0
MCH-14048,100047.87628013318,1.4484370737587615,37,2,0,SMB,0
MCH-14049,16252.792555119295,0.9684096494340709,49,2,2,SMB,0
MCH-14050,141234.16747176254,1.3010180587954565,3,1,0,Mid-Market,0
MCH-14051,63412.212568912,1.0018404068257907,19,1,0,SMB,0
MCH-14052,91657.51567050783,0.44486351477906994,1,2,0,Enterprise,0
MCH-14053,45618.01483558453,0.7465091027087515,29,4,1,Mid-Market,0
MCH-14054,80596.66651918515,1.0331044586142135,23,3,1,Mid-Market,0
MCH-14055,5816.652925167033,1.445653362524237,33,0,1,SMB,0
MCH-14056,90292.05127799828,1.3450433957263568,55,4,0,Mid-Market,0
MCH-14057,7048.332493146243,0.6511911755967325,52,1,2,SMB,0
MCH-14058,115324.38677425304,0.6421208130210799,41,3,1,SMB,0
MCH-14059,246183.39752657153,0.6212902638252908,23,3,0,SMB,0
MCH-14060,22411.780077289925,1.4147487859327534,5,1,1,SMB,0
MCH-14061,16806.282532364552,1.3379327684118927,7,2,0,SMB,0
MCH-14062,77485.85953335793,1.2523717754782437,57,4,0,SMB,0
MCH-14063,19586.26783735786,0.8320086256466503,58,4,2,SMB,0
MCH-14064,105332.75014712986,0.9548187747286435,6,2,2,SMB,0
MCH-14065,10426.197488699128,0.9107649192746682,49,0,1,Mid-Market,0
MCH-14066,11731.182095832186,0.6787379183153099,22,3,0,Enterprise,0
MCH-14067,198523.79593401783,0.9555308507636437,49,1,0,Mid-Market,0
MCH-14068,61018.19212974186,0.43354620263802995,13,1,1,SMB,0
MCH-14069,98829.02669376878,0.5449914108472051,12,0,1,SMB,0
MCH-14070,24602.478314211716,1.3752485557858412,4,5,3,SMB,0
MCH-14071,61425.29664908359,1.2268477437345657,8,4,1,SMB,1
MCH-14072,50099.89653028421,0.8651552499649958,37,3,0,Enterprise,0
MCH-14073,51209.86030681789,0.968865398512265,31,4,0,SMB,0
MCH-14074,62368.98503200989,0.8069987745559752,37,1,1,Mid-Market,0
MCH-14075,47825.57903060909,1.2148578538767398,45,1,0,Mid-Market,0
MCH-14076,33023.76517463886,1.2626058971552876,26,3,2,Mid-Market,0
MCH-14077,21142.855828953256,1.2396137092234751,43,2,0,Enterprise,0
MCH-14078,78176.33943115005,1.1948728973178946,8,1,0,SMB,0
MCH-14079,17826.772204953362,0.6249547725620754,40,2,0,SMB,0
MCH-14080,63940.32514100096,0.7717669771645267,33,2,0,Mid-Market,0
MCH-14081,18285.12498118268,0.9168299784820425,45,2,0,SMB,0
MCH-14082,54085.50470250956,0.7638722905704212,29,0,0,SMB,0
MCH-14083,73733.75971781753,1.2304342201741618,5,3,0,SMB,0
MCH-14084,17340.692840005446,0.7622888766749503,28,4,0,Mid-Market,0
MCH-14085,8090.754365225408,0.5520552954638709,53,5,0,SMB,0
MCH-14086,12019.096948831864,0.8389444972531346,40,1,0,Enterprise,0
MCH-14087,51569.8336216083,1.4779058760606185,17,3,1,SMB,0
MCH-14088,99671.80766855441,0.6484695542269335,55,1,1,Mid-Market,0
MCH-14089,7302.030497882628,1.073374524837552,23,3,2,Mid-Market,0
MCH-14090,71241.38874764508,0.876270354823677,45,1,0,SMB,0
MCH-14091,25875.769546610863,0.4781270244142593,9,1,0,SMB,0
MCH-14092,37555.02033168879,0.9366642665978655,2,1,1,Mid-Market,0
MCH-14093,137154.95923778767,1.1723807615131436,32,3,1,Mid-Market,0
MCH-14094,25171.22243871152,0.9645419734106007,51,3,3,Mid-Market,1
MCH-14095,36305.925677362335,1.3593166701212391,52,1,0,SMB,0
MCH-14096,5688.844083880792,0.717830718323341,49,2,2,SMB,0
MCH-14097,9256.042984742578,0.4948740884343614,31,2,1,SMB,0
MCH-14098,19960.182322802488,1.430222172823807,7,0,0,SMB,0
MCH-14099,6412.373522936116,0.816015984481041,30,1,0,Mid-Market,0
MCH-14100,54898.81481727823,1.0340461065989968,58,1,1,SMB,0
MCH-14101,32791.006249478596,1.2712034387432156,3,2,1,Mid-Market,0
MCH-14102,44719.719786681286,0.7567450302631387,51,3,2,SMB,0
MCH-14103,14597.21653030698,1.1877809919953723,51,2,0,SMB,0
MCH-14104,22544.018919447142,0.5489607347996108,56,2,1,Mid-Market,0
MCH-14105,59506.092957435605,0.7204231219260558,9,1,0,Enterprise,0
MCH-14106,173054.70429497532,0.559181699750172,10,2,0,Enterprise,0
MCH-14107,7586.604985173988,1.2923536142414938,46,1,0,Mid-Market,0
MCH-14108,115538.7428405059,0.644914158749464,50,0,0,Mid-Market,0
MCH-14109,48005.11457011099,1.1891439109457314,58,2,0,Enterprise,0
MCH-14110,46496.4286364568,1.4376282369702178,47,1,1,Mid-Market,0
MCH-14111,39685.220309841934,0.9805494299757648,26,2,0,Enterprise,0
MCH-14112,8595.969222453063,0.9940321114867565,1,4,1,SMB,0
MCH-14113,9708.768043237807,0.9071369249075933,30,1,1,Enterprise,0
MCH-14114,50928.667460587654,0.758479157733007,57,5,0,SMB,0
MCH-14115,25848.444032609998,0.9232205340174089,38,3,0,SMB,0
MCH-14116,129607.48078922747,1.0630882854934356,15,0,0,SMB,0
MCH-14117,31093.531238687305,1.4845907293877252,25,1,0,Mid-Market,0
MCH-14118,12732.291877534686,1.4315410152500467,6,1,0,SMB,0
MCH-14119,67714.00179587881,1.348368254122434,18,1,1,Enterprise,0
MCH-14120,22361.231347784895,1.3780435892753444,1,3,1,SMB,0
MCH-14121,42271.554309504274,0.9146341016212473,56,0,2,SMB,0
MCH-14122,64838.73622284977,1.1231887598952115,3,0,0,SMB,0
MCH-14123,120261.4849452147,1.3845733952298356,17,1,0,SMB,0
MCH-14124,83556.8413893404,0.8322458414904884,48,3,0,Mid-Market,0
MCH-14125,61406.33958087998,1.4579387261800156,8,5,2,Mid-Market,0
MCH-14126,61914.43173395631,0.8573646682761014,49,3,2,SMB,0
MCH-14127,150868.83621545695,1.0611909319325372,40,2,0,SMB,0
MCH-14128,22536.35462618405,1.1807851845996091,17,1,1,SMB,0
MCH-14129,5055.635651589143,1.445651214383532,25,5,2,Mid-Market,0
MCH-14130,20869.59071621656,0.6690779014574927,41,0,1,SMB,0
MCH-14131,17288.082367478783,1.2207440760625066,12,2,1,SMB,0
MCH-14132,59211.00550295199,0.9728971447584904,29,2,0,SMB,0
MCH-14133,55216.71385451763,0.6954128546827052,25,4,1,Mid-Market,0
MCH-14134,50003.817750503185,1.2542675237760297,51,4,1,SMB,0
MCH-14135,5818.840708717026,1.0074445081912313,36,1,0,SMB,0
MCH-14136,70240.89030112638,1.1270712027146434,53,4,1,Mid-Market,0
MCH-14137,24543.389400724234,0.7551911754356913,54,0,1,Enterprise,0
MCH-14138,59689.59462440755,0.9294013470103656,25,2,0,Mid-Market,0
MCH-14139,45661.71663925939,1.0790896760868738,29,3,0,SMB,0
MCH-14140,25983.089700116714,0.8454018956968284,11,2,1,SMB,0
MCH-14141,12226.80136876162,0.6182097938324715,4,3,0,Enterprise,0
MCH-14142,9958.921965445033,1.4578045415468344,14,2,1,SMB,0
MCH-14143,94046.41684810152,0.9626142940468793,46,4,0,SMB,0
MCH-14144,130294.7947958093,1.2073124073164707,38,3,0,SMB,0
MCH-14145,57460.83635576149,0.8521519129116639,17,3,0,Enterprise,0
MCH-14146,10459.174856321206,0.790644940428288,2,2,0,Mid-Market,0
MCH-14147,30710.501962915,0.8478807283138375,8,1,0,Mid-Market,0
MCH-14148,70270.60647052451,0.8501163081642149,36,7,0,SMB,0
MCH-14149,80665.69501452845,0.9985981275361491,10,1,0,SMB,0
MCH-14150,11290.556238939529,0.9978168569794995,7,0,0,SMB,0
MCH-14151,5001.53596586079,0.9468691974711589,36,0,1,SMB,0
MCH-14152,67263.53829263092,0.5482643634091819,16,2,0,Mid-Market,0
MCH-14153,27049.136037394088,0.9456830263505843,14,0,3,SMB,1
MCH-14154,19683.75518333385,0.5860142904627167,16,3,1,SMB,0
MCH-14155,5649.068214241769,0.5387493649253416,25,1,1,Enterprise,0
MCH-14156,43858.99428401247,1.4259102890752846,41,2,0,SMB,0
MCH-14157,100241.05661256395,1.0654450144624747,4,1,0,Mid-Market,0
MCH-14158,163067.6784886862,1.1254390639370428,29,2,0,Mid-Market,0
MCH-14159,46706.16230474973,0.8419730373667003,56,2,0,Enterprise,0
MCH-14160,41124.81699611379,1.3998789811063506,6,4,0,Mid-Market,0
MCH-14161,9444.641954546507,1.101723538537632,1,1,0,Mid-Market,0
MCH-14162,44800.29713766818,1.2460868564759462,39,2,2,SMB,0
MCH-14163,28900.10289540501,0.8054187159304853,1,2,0,SMB,0
MCH-14164,51714.49762695823,1.4560130689010382,51,3,0,Enterprise,0
MCH-14165,29610.527213058944,1.3025074191741466,40,0,0,SMB,0
MCH-14166,18741.52533316974,1.339343309315998,57,3,0,Mid-Market,0
MCH-14167,9989.098305246054,0.5894136941683298,3,3,0,SMB,0
MCH-14168,23910.869440627925,0.6980595286583415,1,1,1,SMB,0
MCH-14169,10081.974269170652,0.7141892596519348,1,2,0,SMB,0
MCH-14170,14733.693725394516,0.6980001455715583,39,1,0,SMB,0
MCH-14171,223450.22392779452,1.3409489783147168,21,0,0,Enterprise,0
MCH-14172,34358.662775402445,0.43507327472945134,45,3,1,Mid-Market,0
MCH-14173,42950.65087010503,0.4837099878788518,30,3,0,SMB,0
MCH-14174,108422.5198062674,0.7013063576928942,32,0,1,Mid-Market,0
MCH-14175,275955.37647438404,0.619860272114388,33,2,0,SMB,0
MCH-14176,48699.225889007124,0.6550455752711333,48,2,0,Mid-Market,0
MCH-14177,88691.84111100194,1.27773750817863,22,5,0,Mid-Market,0
MCH-14178,24796.116108814927,1.0194392532812517,30,2,0,SMB,0
MCH-14179,23245.72245600824,0.4063477274222648,54,0,1,SMB,0
MCH-14180,30767.100447724606,0.8722550422746148,46,0,0,Mid-Market,0
MCH-14181,60814.47001277346,0.8486734195353949,4,2,1,Enterprise,0
MCH-14182,62315.3437178218,0.5253397963889979,23,2,1,Mid-Market,0
MCH-14183,23934.302072868177,1.143755967461603,55,2,1,Mid-Market,0
MCH-14184,12147.92292754722,1.1723069072174401,44,3,1,Mid-Market,0
MCH-14185,55037.48524175631,1.1929825409573076,25,1,0,SMB,0
MCH-14186,11866.981004259967,1.2013180401144514,12,1,0,Mid-Market,0
MCH-14187,48195.886381389624,0.4000581096255265,17,2,1,SMB,0
MCH-14188,64114.174377199124,1.4493128842313947,53,1,1,SMB,0
MCH-14189,65300.660292244815,1.2956296437601296,15,2,0,Mid-Market,0
MCH-14190,75014.00752795063,1.3943798662482139,10,4,0,SMB,0
MCH-14191,108123.09439492242,0.4172076248381776,35,4,0,SMB,0
MCH-14192,39653.25839263281,1.4272446753643133,55,1,1,Mid-Market,0
MCH-14193,70512.83351620554,1.2907673815569152,52,3,1,SMB,0
MCH-14194,53270.46901619814,1.3209410572545686,52,1,1,Enterprise,0
MCH-14195,15329.069449920911,0.5026161231941654,29,2,0,Enterprise,0
MCH-14196,6301.269316500116,1.2126558318104577,12,2,0,SMB,0
MCH-14197,21741.576163774036,1.4559083586063002,1,3,0,SMB,0
MCH-14198,34262.527747851665,1.1464020755599766,1,1,0,Mid-Market,0
MCH-14199,52999.84726871559,1.0276175450870673,10,2,3,SMB,1
MCH-14200,99842.44458281704,1.4401926455238967,18,2,0,SMB,0
MCH-14201,15923.083715377214,0.8872308339078796,47,2,0,Mid-Market,0
MCH-14202,11707.996070995723,1.0592229229415266,2,1,1,Mid-Market,0
MCH-14203,170494.68924924888,0.9239721228438028,49,0,1,SMB,0
MCH-14204,10716.955105387435,1.4261308434963293,8,1,0,Mid-Market,0
MCH-14205,37551.44406058838,0.483693199442058,22,2,0,Mid-Market,0
MCH-14206,49041.80324119707,0.9512316709078831,22,1,1,SMB,0
MCH-14207,43976.0566818163,1.1556476855239821,26,3,1,Mid-Market,0
MCH-14208,9497.994544815265,1.2710971922644607,26,1,0,SMB,0
MCH-14209,7935.876879348119,1.04132051218855,9,4,0,SMB,0
MCH-14210,10573.592452565576,1.3998095185335995,21,2,1,Mid-Market,0
MCH-14211,49044.69340469416,1.436190591572259,31,2,0,Enterprise,0
MCH-14212,44300.95440814525,0.4707511455129419,52,0,0,SMB,0
MCH-14213,18311.73874430648,0.8426075934955118,43,2,0,Enterprise,0
MCH-14214,55774.3672079194,0.4258049238932699,6,6,0,SMB,0
MCH-14215,90758.67549232842,0.7623583231118873,56,2,0,SMB,0
MCH-14216,7123.40492232171,0.9905550397676625,14,2,0,SMB,0
MCH-14217,39470.702224380824,1.401874423560944,33,0,0,SMB,0
MCH-14218,63448.04874504961,1.3312097547119432,7,4,0,SMB,0
MCH-14219,19538.470139077937,0.5402496993391843,24,1,0,Enterprise,0
MCH-14220,23391.915821910134,0.5023334122149853,9,1,0,SMB,0
MCH-14221,52549.01370388995,1.0481940726323338,11,3,0,SMB,0
MCH-14222,119107.41444139768,0.985329769704661,56,2,0,Mid-Market,0
MCH-14223,88016.67490193986,0.6930154055730262,23,4,1,SMB,0
MCH-14224,48749.06909849152,1.3893983930092189,48,1,1,Mid-Market,0
MCH-14225,70507.7417106446,1.4201030504077088,51,1,2,SMB,0
MCH-14226,27692.537234359956,0.8428725821741789,2,4,1,SMB,0
MCH-14227,56216.843654732234,1.3793328128248725,15,4,0,Mid-Market,0
MCH-14228,36384.97780730898,0.82234378368927,35,5,0,SMB,0
MCH-14229,15532.109527205674,1.2104985150126701,36,1,0,SMB,0
MCH-14230,65489.19511776899,0.9235364393024966,52,0,0,SMB,0
MCH-14231,45648.88725041597,0.5348414721579013,54,4,0,SMB,0
MCH-14232,27206.782024312564,1.4207276213607236,28,2,0,Mid-Market,0
MCH-14233,126146.86572842846,0.8995062527152904,39,1,1,SMB,0
MCH-14234,6057.817166984634,1.2079357443546441,44,4,0,SMB,0
MCH-14235,23973.288306166458,0.8038911958744215,4,0,0,SMB,0
MCH-14236,7928.1616538810595,0.42076896643385814,10,3,0,SMB,0
MCH-14237,77734.50973382179,0.5105833945610195,6,1,0,Enterprise,0
MCH-14238,65551.1220888673,0.9458414274389169,57,2,0,Enterprise,0
MCH-14239,25124.892145078502,1.1589607928389987,30,1,0,SMB,0
MCH-14240,61298.59393851313,0.768208859237207,54,4,0,SMB,0
MCH-14241,30203.85781542645,1.1650373050954155,46,1,1,SMB,0
MCH-14242,75581.38618893652,1.1684991483751517,35,4,0,SMB,0
MCH-14243,35273.63692319362,1.174329498060614,49,0,0,SMB,0
MCH-14244,31575.208594133088,0.9417740394225593,43,3,2,SMB,0
MCH-14245,141461.07357671353,1.4063747651336547,10,1,0,Mid-Market,0
MCH-14246,19442.744656237737,0.9381161697786772,58,2,0,SMB,0
MCH-14247,11417.09208320572,0.895291712846302,53,0,0,Enterprise,0
MCH-14248,48918.821621381,0.6193189009116897,32,1,1,SMB,0
MCH-14249,179210.16873840982,0.7384205960919702,42,2,0,Mid-Market,0
MCH-14250,28727.836040856706,0.4465679417701337,42,1,0,Enterprise,0
MCH-14251,8202.226218904918,1.0968888229777873,3,1,1,SMB,0
MCH-14252,25723.168614733037,0.6733893183198022,56,1,1,Enterprise,0
MCH-14253,40254.07098920352,0.7345707799340117,26,2,1,SMB,0
MCH-14254,13832.265259667212,1.2478959738307533,15,1,0,Enterprise,0
MCH-14255,58662.17349000681,0.7599433014775994,17,0,1,Enterprise,0
MCH-14256,309827.677430358,0.6664154812144565,27,3,0,SMB,0
MCH-14257,35050.23481060463,0.5859635240470764,18,2,1,Mid-Market,0
MCH-14258,26904.21042184496,1.2523442424001516,51,1,0,SMB,0
MCH-14259,30599.996218896064,0.5426768837890297,19,2,1,SMB,0
MCH-14260,11116.641047236742,0.8991291362753889,12,1,1,SMB,0
MCH-14261,112396.12782062923,0.9576231276849139,24,2,0,SMB,0
MCH-14262,31792.272570050463,1.1561289039542861,5,0,1,Mid-Market,0
MCH-14263,29491.904824707108,1.096611830566295,24,3,0,SMB,0
MCH-14264,58894.95570383879,1.2917927402396923,27,2,2,Mid-Market,0
MCH-14265,34172.81062681752,0.449226577318862,48,1,0,SMB,0
MCH-14266,57239.37935496715,0.726084797257337,30,3,1,Enterprise,0
MCH-14267,8170.759755536956,0.7081475306529177,15,3,0,SMB,0
MCH-14268,89026.11555044056,0.560618596151319,47,2,0,SMB,0
MCH-14269,146092.27017926972,0.7180960792420875,59,2,0,Mid-Market,0
MCH-14270,57315.043165304596,0.7407418455571938,38,2,0,Mid-Market,0
MCH-14271,159574.6494864211,0.9740729081202262,44,2,1,Mid-Market,0
MCH-14272,13210.27132820909,1.1300749268188817,34,3,0,SMB,0
MCH-14273,37448.4952548964,0.8192105649729955,27,2,0,SMB,0
MCH-14274,51040.88992289922,1.1914172544447195,20,1,0,SMB,0
MCH-14275,48582.20073750817,0.769781872437538,41,2,0,SMB,0
MCH-14276,30663.244742597886,0.7193120450462365,32,3,0,SMB,0
MCH-14277,25630.861888517342,0.9953068614427268,4,2,1,SMB,0
MCH-14278,11780.908281102242,0.4260879963363697,5,2,1,SMB,0
MCH-14279,29857.844283034057,0.48776803599740043,53,2,0,Mid-Market,0
MCH-14280,13876.302587856959,0.8597664979451798,58,3,0,Mid-Market,0
MCH-14281,71281.73198274331,1.4372039825309324,8,2,3,SMB,0
MCH-14282,16712.17994501808,1.1936629578277662,22,4,1,SMB,0
MCH-14283,8017.514815596711,0.49693922645061356,42,2,0,SMB,0
MCH-14284,45188.98263146922,1.330949814058961,7,1,0,SMB,0
MCH-14285,50221.78070501361,1.2055308476689992,22,2,0,Mid-Market,0
MCH-14286,107752.30184371686,1.0720411782729187,46,2,1,Mid-Market,0
MCH-14287,48016.98157094419,1.3023222566700952,30,2,1,Mid-Market,0
MCH-14288,26192.72203863632,0.8445208325172529,37,2,1,SMB,0
MCH-14289,86230.59321896786,0.643651155939238,16,3,1,Enterprise,0
MCH-14290,43856.763145234596,0.9632257280196354,15,1,0,SMB,0
MCH-14291,9129.980773087194,1.0037259311528213,5,3,1,Mid-Market,0
MCH-14292,46718.32365373018,0.9921590092109034,3,3,0,SMB,0
MCH-14293,124308.4151461727,1.021581170628116,23,3,1,SMB,0
MCH-14294,30234.940346435593,1.443575410063099,10,2,0,SMB,0
MCH-14295,22571.990836621986,1.3924701854058545,5,3,0,SMB,0
MCH-14296,12743.26508148142,1.3632887402148335,23,2,0,SMB,0
MCH-14297,13211.04956124834,1.28155849199949,15,3,1,Enterprise,0
MCH-14298,33349.65152976589,1.4377709179918141,18,1,0,SMB,0
MCH-14299,50277.41002215417,0.5083441058473436,25,1,0,Mid-Market,0
MCH-14300,9202.537571378503,0.6916355875903135,8,2,2,Mid-Market,1
MCH-14301,145312.31299839463,0.9445615402200435,31,2,0,Mid-Market,0
MCH-14302,75352.12972685244,1.3311879424357458,21,3,0,SMB,0
MCH-14303,49169.874544586935,0.9556822826750058,2,3,0,Enterprise,0
MCH-14304,93140.72362234401,1.2228382132757476,22,3,0,SMB,0
MCH-14305,9179.231304027107,0.5528558957738079,8,2,2,SMB,0
MCH-14306,37393.289459699314,0.6776551942742162,23,1,0,Mid-Market,0
MCH-14307,54725.19996224426,1.2049537045414396,32,2,0,SMB,0
MCH-14308,93203.19954677121,0.5812074097764965,8,2,2,Mid-Market,0
MCH-14309,81501.20705942748,0.7864915281204194,4,3,1,SMB,0
MCH-14310,21222.09212401905,0.6913528835949286,30,1,0,SMB,0
MCH-14311,146409.44351988984,0.7848478636447264,19,2,0,SMB,0
MCH-14312,11639.20310761132,1.1791564539857675,23,1,0,Enterprise,0
MCH-14313,109025.55311912374,0.8046318992570811,18,3,0,Mid-Market,0
MCH-14314,181920.0605080883,1.0107896548687343,53,1,0,SMB,0
MCH-14315,14749.281834062134,0.5099250647598507,29,1,0,SMB,0
MCH-14316,69018.5917276706,1.2855194625580908,23,6,0,SMB,0
MCH-14317,7055.972707536654,0.8068774882129375,33,2,1,SMB,0
MCH-14318,30995.23782700057,1.1133875749366768,52,1,1,Mid-Market,0
MCH-14319,41312.7936279084,1.197928561828016,47,2,0,Enterprise,0
MCH-14320,48451.90005579129,0.6306270143228705,18,2,0,Mid-Market,0
MCH-14321,142394.6089939274,1.3731424834486852,54,0,0,SMB,0
MCH-14322,60775.31266739928,1.0778466767676482,44,3,0,SMB,0
MCH-14323,37819.35453786589,0.8715976559266296,33,2,0,SMB,0
MCH-14324,87951.11661685223,0.6005687019360415,7,4,1,SMB,1
MCH-14325,155322.2939453051,1.4365310316913273,51,3,1,SMB,0
MCH-14326,6115.662396212134,1.2305750245447877,28,3,0,Mid-Market,0
MCH-14327,207338.53474649187,0.6288270190065738,1,1,0,SMB,0
MCH-14328,9503.46451296521,0.771481852196647,56,1,2,SMB,0
MCH-14329,89204.51143894019,1.2906416838968808,39,5,0,SMB,0
MCH-14330,21448.455459329532,1.1652454295368728,34,1,0,Enterprise,0
MCH-14331,12088.528236200342,1.242362721987297,39,1,0,Mid-Market,0
MCH-14332,33978.03711244036,0.8853212124342258,19,3,0,SMB,0
MCH-14333,56635.12938618986,1.1881238889063837,31,2,0,Mid-Market,0
MCH-14334,28978.61072654757,0.8251430951503052,13,6,0,SMB,1
MCH-14335,7805.528589407426,0.6323892086320161,57,1,0,SMB,0
MCH-14336,50747.22438072682,1.095944738325496,24,4,0,SMB,0
MCH-14337,121345.56764170989,1.4736153181586737,5,1,0,SMB,0
MCH-14338,29161.7684704589,0.7416610685348626,23,2,1,SMB,0
MCH-14339,17188.540500236042,0.9070665514337937,19,1,0,Mid-Market,0
MCH-14340,34221.57611859826,1.141401508176839,1,4,1,SMB,0
MCH-14341,7478.565789507593,0.9956569103347367,33,0,0,SMB,0
MCH-14342,90875.54531024689,1.3277705752799542,59,1,1,SMB,0
MCH-14343,92533.02920593065,1.2379169771164675,50,2,0,Mid-Market,0
MCH-14344,49336.65272312192,0.46412692424859275,56,0,0,Mid-Market,0
MCH-14345,26778.401088064515,1.4982633573161515,33,1,0,SMB,0
MCH-14346,85417.76604383907,1.227642699091414,32,0,0,SMB,0
MCH-14347,45448.896447186205,1.3502936479235246,59,2,0,SMB,0
MCH-14348,92415.55120494631,1.116317483304881,28,2,0,SMB,0
MCH-14349,54910.137443194035,1.3419136408514385,37,3,1,SMB,0
MCH-14350,81717.79131143475,0.5236212724215804,41,2,1,SMB,0
MCH-14351,50635.23262969475,0.7825116191152472,12,0,0,Mid-Market,0
MCH-14352,31733.812456443928,1.364063037964942,9,1,0,SMB,0
MCH-14353,163439.8720715974,0.6218207323935815,50,1,1,Mid-Market,0
MCH-14354,43947.654208016465,0.486066308438025,55,4,0,Mid-Market,0
MCH-14355,51454.808449092474,1.266930833939741,11,0,0,SMB,0
MCH-14356,17454.336677053623,1.319034771207626,33,2,2,Mid-Market,0
MCH-14357,54128.30995511572,0.5789174400088907,19,0,0,SMB,0
MCH-14358,47385.78982519363,1.339780581060987,54,1,1,Mid-Market,0
MCH-14359,15218.445033475797,1.1554445751568867,57,1,1,SMB,0
MCH-14360,8071.812101437328,0.9720909515382423,42,2,1,SMB,0
MCH-14361,51362.4426328421,1.3132752120595237,34,3,0,SMB,0
MCH-14362,77131.01899608107,0.8611741742508624,7,1,0,SMB,0
MCH-14363,42054.02953920459,0.613393351845737,31,2,1,SMB,0
MCH-14364,17859.1063938457,0.7133379442716751,52,1,2,SMB,0
MCH-14365,59908.915646415466,0.9556804201226463,2,0,0,SMB,0
MCH-14366,9174.826788535745,0.9844638719404933,19,2,1,Mid-Market,0
MCH-14367,34154.9170465902,1.286138909085357,38,5,0,SMB,0
MCH-14368,13918.474329972349,1.2704879960175681,32,3,0,SMB,0
MCH-14369,15195.182244455602,1.0395032129250326,10,2,0,SMB,0
MCH-14370,16300.755336683302,1.258864031702024,41,3,0,SMB,0
MCH-14371,29445.628654586402,0.6109508041230381,8,0,1,Mid-Market,0
MCH-14372,7625.238534351172,0.4550709798026238,26,3,0,SMB,0
MCH-14373,30357.73855728796,1.3609972048981702,30,0,1,Mid-Market,0
MCH-14374,40842.02795680433,0.48310994313904654,11,2,0,SMB,0
MCH-14375,38014.08915541284,0.6713572727183971,41,0,1,SMB,0
MCH-14376,29126.819898719314,1.164850844586823,20,2,0,Mid-Market,0
MCH-14377,96363.0968994574,0.8503927313900401,20,2,2,SMB,0
MCH-14378,12851.79897305282,1.3639453669070598,9,5,1,SMB,0
MCH-14379,40230.303557788415,0.7277777741284965,8,1,0,SMB,0
MCH-14380,8202.474274432852,0.41305848133629525,15,3,1,SMB,0
MCH-14381,8690.706552196081,0.7307212046168186,34,0,0,SMB,0
MCH-14382,47650.05377121246,1.0358825541033148,24,0,0,SMB,0
MCH-14383,46737.65997207439,0.8135322129436227,33,2,1,SMB,0
MCH-14384,110200.4483715477,0.9883600313346309,41,4,1,Mid-Market,0
MCH-14385,45807.98180319573,1.3642579307185208,41,0,0,Mid-Market,0
MCH-14386,165683.24676437612,1.4037335596534053,45,0,1,Mid-Market,0
MCH-14387,7496.019672895964,0.6925714711195234,40,1,0,Mid-Market,0
MCH-14388,10157.46393341898,0.9083545205968908,27,2,1,Mid-Market,0
MCH-14389,7253.313058000253,1.0040584167655964,21,2,0,Enterprise,0
MCH-14390,15245.345855551026,1.4440237025770717,5,0,0,SMB,0
MCH-14391,43964.68595696304,1.4984790510808232,35,1,0,SMB,0
MCH-14392,56862.52842440848,0.6589479737256794,21,3,0,SMB,0
MCH-14393,7332.842856698218,1.199677858480397,4,2,0,SMB,0
MCH-14394,150911.61503671441,0.8158341684565147,49,4,0,SMB,0
MCH-14395,97310.37408879372,0.4089190165748346,48,1,0,SMB,0
MCH-14396,22592.365228022987,0.4101777746794926,16,3,0,SMB,0
MCH-14397,9016.461989930947,0.9066226083184814,57,1,0,Enterprise,0
MCH-14398,14309.676554186964,0.9371684043047681,31,3,0,Enterprise,0
MCH-14399,11787.802624741864,0.42482666623078696,26,1,2,Mid-Market,0
MCH-14400,11578.595928071696,1.155620158451733,52,1,1,SMB,0
MCH-14401,41548.858681878635,0.7234037274544485,35,1,0,Mid-Market,0
MCH-14402,19108.03002648547,1.0158824116895444,6,3,0,Mid-Market,0
MCH-14403,27169.231298440147,0.7310109804819607,33,2,0,Enterprise,0
MCH-14404,232844.40461143086,0.5838477463562379,21,2,0,Mid-Market,0
MCH-14405,62650.40094108894,0.8478911124587629,16,2,0,SMB,0
MCH-14406,153777.53202898803,0.6555007012695508,47,1,3,SMB,0
MCH-14407,12690.002775422554,0.9882810746110849,39,4,1,Enterprise,0
MCH-14408,29074.626721351444,0.618711383315128,34,4,0,SMB,0
MCH-14409,45453.924455349435,0.9592465743090899,42,0,0,SMB,0
MCH-14410,8993.19786815623,0.5731163663557544,57,2,1,SMB,0
MCH-14411,5209.8117761159165,1.1380721804343636,15,2,2,SMB,0
MCH-14412,60498.982722293156,1.2293314528855666,6,4,0,Enterprise,0
MCH-14413,56335.913830304,0.5214336576749272,2,4,1,SMB,0
MCH-14414,31448.53013599927,0.9145826532410731,24,1,0,SMB,0
MCH-14415,38632.3453271286,0.477958870720361,56,3,2,Enterprise,0
MCH-14416,31845.04922951864,1.0580006900962027,49,2,1,SMB,0
MCH-14417,6214.893074042753,0.69084472772261,28,3,1,Mid-Market,0
MCH-14418,25426.360042939257,0.9803869025225787,1,0,0,SMB,0
MCH-14419,14744.951455235421,0.9692071103227203,1,2,0,Mid-Market,0
MCH-14420,10180.55728498138,1.4167897808131804,28,2,1,SMB,0
MCH-14421,162003.73348319915,1.0039915448255954,36,4,0,SMB,0
MCH-14422,50734.5662107091,1.0412983276901473,20,0,0,SMB,0
MCH-14423,70218.44689477539,0.8418184383408184,48,3,0,Enterprise,0
MCH-14424,23943.379691203736,1.4439875635010986,8,6,1,SMB,0
MCH-14425,29973.445263356512,1.2549045003835708,1,1,1,SMB,0
MCH-14426,18519.88189223256,0.7139458193331258,26,3,1,Mid-Market,0
MCH-14427,10099.735481909058,1.3286305443538553,51,1,0,SMB,0
MCH-14428,14863.535276191766,0.8756359962035991,43,3,1,Mid-Market,0
MCH-14429,84854.23771649213,1.3115338578869533,49,1,0,Mid-Market,0
MCH-14430,61589.70922056745,1.3051768751228523,25,3,2,SMB,0
MCH-14431,44585.30795843907,0.6077572054391398,10,2,0,SMB,0
MCH-14432,37226.41087287356,1.1712552445219346,12,4,0,Enterprise,0
MCH-14433,132831.48745537637,0.7197072662371843,41,2,0,SMB,0
MCH-14434,8775.791477930543,0.7272419369919351,7,2,2,SMB,0
MCH-14435,21466.94390801953,0.7259828845686389,12,1,0,Mid-Market,0
MCH-14436,26534.36553857897,1.1981250723159431,47,0,0,SMB,0
MCH-14437,81260.7696668973,0.6528086459717897,40,1,0,Mid-Market,0
MCH-14438,249740.17579172464,0.40099641877069925,17,3,0,SMB,0
MCH-14439,18765.974568914324,1.1867605388308964,5,1,2,Mid-Market,0
MCH-14440,108695.77557225978,0.5883032182186378,14,3,1,SMB,0
MCH-14441,93781.34324463295,0.5149306348386181,34,2,1,SMB,0
MCH-14442,17722.513987642767,0.6612677326534662,48,2,0,Mid-Market,0
MCH-14443,30485.693782618822,0.8178905745549745,17,3,0,SMB,0
MCH-14444,31353.921845581684,0.9234969602205209,35,3,2,SMB,0
MCH-14445,196339.69282322004,0.44902704478389394,55,3,1,Mid-Market,0
MCH-14446,14976.9607645218,1.4676306658900966,1,0,2,Mid-Market,0
MCH-14447,85261.83029095837,1.187669358761514,59,1,1,SMB,0
MCH-14448,25337.750546744755,0.7555134718567698,50,0,0,SMB,0
MCH-14449,70628.10147679964,0.7505669830139371,50,2,0,Mid-Market,0
MCH-14450,32237.307427260843,0.8933968043053053,36,1,0,SMB,0
MCH-14451,48180.14238904101,1.0888693050393363,15,5,1,Enterprise,0
MCH-14452,94371.97269513216,0.5610103732478646,19,3,0,SMB,0
MCH-14453,86524.2848016774,0.6078227951414477,51,2,1,Mid-Market,0
MCH-14454,105653.92812131745,1.345378041116906,42,2,0,SMB,0
MCH-14455,8073.419293196108,0.6818804162779799,5,1,0,SMB,0
MCH-14456,63890.98213629114,0.8182144977726953,19,1,0,SMB,0
MCH-14457,12540.410580589976,1.358399036045129,43,1,0,SMB,0
MCH-14458,31877.183660043196,1.1294626123398048,39,0,0,SMB,0
MCH-14459,44768.78752250783,0.7758830672758572,5,3,0,SMB,0
MCH-14460,30770.094340727694,1.1520695002970829,52,5,1,Mid-Market,0
MCH-14461,41658.02467038247,0.4216515369195551,12,1,1,SMB,0
MCH-14462,288126.87518027227,1.2092069260125018,19,3,3,Enterprise,0
MCH-14463,12263.851666978775,0.9357176445678634,47,2,2,SMB,0
MCH-14464,61266.71492511433,1.2945003620129074,12,2,0,Mid-Market,0
MCH-14465,30209.13405123931,1.4501014172071152,36,0,1,Mid-Market,0
MCH-14466,12136.380217502092,1.4183674044440253,12,0,0,Enterprise,0
MCH-14467,13642.533183682655,1.4001915478008748,18,1,0,SMB,0
MCH-14468,154064.95301094168,0.9633869515272759,49,3,2,Mid-Market,0
MCH-14469,110847.4088672749,0.7961563255528319,51,3,1,SMB,0
MCH-14470,123780.35374513888,0.9115388572037401,48,2,1,SMB,0
MCH-14471,243577.62743172565,1.158885603644697,43,2,1,Mid-Market,0
MCH-14472,16679.609309297986,1.3723975545583054,34,1,0,SMB,0
MCH-14473,26959.31687349419,0.6276849333001315,48,3,0,SMB,0
MCH-14474,60314.94222334932,1.4100124743078735,33,2,2,SMB,0
MCH-14475,38063.295600659534,1.296698255166878,49,1,0,SMB,0
MCH-14476,32097.71783350867,1.4767416166960583,18,1,2,SMB,0
MCH-14477,27143.65071763801,1.368276950609856,57,2,0,Mid-Market,0
MCH-14478,50043.09749440003,0.7079310626610973,29,5,0,SMB,0
MCH-14479,47853.169423962354,0.5165515024784525,45,2,0,Mid-Market,0
MCH-14480,13804.520582092211,0.5234651791907475,5,2,0,Mid-Market,0
MCH-14481,36908.31923278797,0.7203456504361038,25,2,0,SMB,0
MCH-14482,45312.633474358874,1.075602096382993,24,5,0,Mid-Market,0
MCH-14483,47231.87962065901,1.2847523587068899,29,0,3,Mid-Market,0
MCH-14484,16792.901497912004,1.3891753376797213,59,1,1,SMB,0
MCH-14485,72792.40778292903,1.0861287228061562,38,1,1,SMB,0
MCH-14486,6276.101432619636,0.40619444402285915,33,0,2,Enterprise,0
MCH-14487,26912.215353974534,0.6049484541703869,10,3,0,Enterprise,0
MCH-14488,80754.73921632272,0.5096988242387048,37,1,2,Mid-Market,0
MCH-14489,46493.37359383612,0.7996569231259111,33,3,1,SMB,0
MCH-14490,20133.85913071189,0.9514860929971206,23,1,1,SMB,0
MCH-14491,64364.49035572362,0.44773689643641695,58,2,0,SMB,0
MCH-14492,46896.04160774717,0.7833257733752209,11,1,1,Mid-Market,0
MCH-14493,84541.5081360898,0.5970976420878549,24,5,0,Mid-Market,0
MCH-14494,71406.02498692309,1.1117771828847614,24,1,0,SMB,0
MCH-14495,52094.26506615993,0.910699606256774,7,5,1,Mid-Market,0
MCH-14496,38488.886813008125,0.9448494116272997,50,0,2,SMB,0
MCH-14497,12146.319423761692,0.8704609668368073,21,2,1,Mid-Market,0
MCH-14498,20145.404636634514,1.4516216815352236,20,1,0,SMB,0
MCH-14499,32158.787331419077,0.6362086376337196,53,2,0,Mid-Market,0
MCH-14500,50727.02409857454,0.9683306858282619,10,1,0,SMB,0
MCH-14501,41047.285736315534,1.2096191052018697,25,2,0,SMB,0
MCH-14502,21996.828341644225,1.0125288544480189,47,2,0,SMB,0
MCH-14503,5324.267111669015,1.4219229742884814,36,1,1,Enterprise,0
MCH-14504,39282.68851098677,0.8157651912054127,48,2,1,Mid-Market,0
MCH-14505,21817.431412409147,0.9100433863504959,47,5,0,SMB,0
MCH-14506,71327.4216899862,0.4973745467362013,15,6,0,Mid-Market,0
MCH-14507,6211.881900462518,1.0698990221571214,44,2,0,Mid-Market,0
MCH-14508,48953.096614383416,0.7170331652929167,40,3,1,Mid-Market,0
MCH-14509,146914.41185867114,0.5763399434671258,40,2,0,SMB,0
MCH-14510,14582.805450842117,0.998984422194959,50,4,0,SMB,0
MCH-14511,36899.76861234839,0.9855412897179018,6,4,0,SMB,0
MCH-14512,9793.72650094033,0.48345880534645236,37,2,0,SMB,0
MCH-14513,54132.467053223816,1.16803699884392,2,1,0,Mid-Market,0
MCH-14514,44984.49535949602,1.0861494097159383,12,2,0,SMB,0
MCH-14515,31158.873418563344,0.607919011021147,58,2,0,SMB,0
MCH-14516,41842.104634789954,0.9163783483694483,4,1,0,SMB,0
MCH-14517,118445.26322154411,1.1923552081264162,23,4,1,SMB,0
MCH-14518,15926.106223277317,0.9823793145954043,13,2,0,Enterprise,0
MCH-14519,6141.149296500042,0.8350379838019273,17,0,0,Enterprise,0
MCH-14520,103903.80829046354,0.7545723038890381,31,3,0,SMB,0
MCH-14521,48032.99643822845,1.071433253308459,16,1,0,Mid-Market,0
MCH-14522,115663.94298015023,1.4330195681412645,41,4,0,SMB,0
MCH-14523,50434.14021101691,1.1389193245252318,26,2,0,Mid-Market,0
MCH-14524,88078.9704168021,0.4822204939999471,28,4,0,SMB,0
MCH-14525,33077.30177683868,0.9067534708303472,1,5,2,SMB,0
MCH-14526,74286.71215841587,1.3799065446616905,47,2,0,Mid-Market,0
MCH-14527,127116.19524350301,0.5039086683811956,12,0,1,Mid-Market,0
MCH-14528,47445.97115474032,1.4877632833512977,37,4,1,SMB,0
MCH-14529,14970.444905313678,1.4439763330099638,55,1,0,Mid-Market,0
MCH-14530,20653.249856366387,0.48610192880286346,56,3,2,Mid-Market,0
MCH-14531,16072.535305364734,1.4267546524945107,50,3,1,SMB,0
MCH-14532,19175.009940727592,0.7994458492854084,20,1,0,SMB,0
MCH-14533,23294.106395736868,1.3291800837834489,2,4,0,SMB,0
MCH-14534,45499.08432038345,0.8602216714845987,36,3,0,Mid-Market,0
MCH-14535,49335.58065018187,0.8849406239727675,15,1,1,Enterprise,0
MCH-14536,32799.845084185436,1.0976674000752968,38,1,1,SMB,0
MCH-14537,52780.27384912371,1.2519251612035818,22,4,0,Mid-Market,0
MCH-14538,9254.74757685511,0.4371680660430735,44,0,0,Mid-Market,0
MCH-14539,9594.155982650751,1.0524715950798478,50,2,0,SMB,0
MCH-14540,14426.809002664526,0.6054062935071081,32,1,1,SMB,0
MCH-14541,41498.598108739425,0.7805444696495233,59,1,0,SMB,0
MCH-14542,17039.58582359604,0.7827655327707381,20,3,0,SMB,1
MCH-14543,21653.80873313557,0.915966374243269,36,4,0,Mid-Market,0
MCH-14544,30567.357668028373,0.7675500530637908,33,1,1,SMB,0
MCH-14545,88530.07316259138,0.5180972302957345,15,2,1,SMB,0
MCH-14546,5697.955628211881,0.5601916123779966,50,0,0,Mid-Market,0
MCH-14547,57402.44491350256,0.43678178411720747,46,2,0,SMB,0
MCH-14548,60263.197757751106,0.9172739938616298,3,2,1,SMB,0
MCH-14549,85136.96500504555,1.4498924643382876,29,3,1,SMB,0
MCH-14550,139969.09824771478,0.5272427460129283,47,1,0,SMB,0
MCH-14551,6017.168970226321,1.4408909423033904,27,1,1,Mid-Market,0
MCH-14552,13349.014240557615,1.206697666205303,5,2,0,SMB,0
MCH-14553,113653.02700153756,1.1012486832275794,59,0,0,Mid-Market,0
MCH-14554,35672.32461645173,1.1098055308559194,56,1,0,SMB,0
MCH-14555,46573.43152448335,1.3094004132359105,31,5,0,SMB,0
MCH-14556,59387.65375510782,0.5176118508178036,22,2,0,SMB,0
MCH-14557,61826.08340109486,0.955229755922096,35,3,0,Mid-Market,0
MCH-14558,139221.862202735,1.1668002520868344,54,3,1,SMB,0
MCH-14559,294621.1347018033,1.0455024895809202,7,3,0,SMB,0
MCH-14560,68676.4097232243,1.3160569781256242,6,2,0,Mid-Market,0
MCH-14561,21929.207902268365,0.4794988799124867,26,3,0,SMB,0
MCH-14562,110910.11738477791,1.1597711434490825,54,2,0,SMB,0
MCH-14563,7523.677026024477,0.9874305034231896,1,2,0,SMB,0
MCH-14564,18138.472764152422,0.8170769503779378,19,3,1,Mid-Market,0
MCH-14565,118838.90749635237,0.774302480457434,7,0,0,Enterprise,0
MCH-14566,19798.584458301168,1.0829158960516123,36,0,1,SMB,0
MCH-14567,17464.81998352206,1.3800949121086914,12,3,1,SMB,0
MCH-14568,12432.268527692111,0.9457935187112269,20,1,1,SMB,0
MCH-14569,102989.41551541256,1.3071954804846122,23,2,1,Mid-Market,0
MCH-14570,39663.18528654564,0.8423720200283643,25,2,1,SMB,0
MCH-14571,61180.0772322153,0.5126339090724943,30,4,1,SMB,0
MCH-14572,18660.457880636797,0.4676563101045024,59,2,0,Mid-Market,0
MCH-14573,75949.22978741559,0.45646780845604534,29,1,0,SMB,0
MCH-14574,76356.97299578956,0.818165156153437,31,1,0,SMB,0
MCH-14575,23741.80206459728,0.7709615259194263,18,0,0,Enterprise,0
MCH-14576,31439.520851583853,1.1897307259848264,41,0,1,Enterprise,0
MCH-14577,16766.517823414586,1.2171036517433524,19,0,1,SMB,0
MCH-14578,192667.74861734075,0.45593936571711385,54,1,0,SMB,0
MCH-14579,56866.816594358155,0.6432355891779165,4,0,0,SMB,0
MCH-14580,141318.76477177028,0.7016880351747897,1,2,0,SMB,0
MCH-14581,23076.158425404137,1.0023731825570903,41,1,0,Enterprise,0
MCH-14582,81137.99711270446,0.5589667462976453,59,2,1,Mid-Market,0
MCH-14583,77591.5130024136,0.5473353413400004,15,4,1,Mid-Market,0
MCH-14584,63826.90535499077,1.4381677781287538,54,1,1,SMB,0
MCH-14585,173541.61794382893,1.284623198027559,8,3,1,SMB,0
MCH-14586,30007.08965940357,0.5987203923002874,15,2,0,SMB,0
MCH-14587,12004.345865100579,0.8472245886960401,15,4,0,SMB,0
MCH-14588,60692.72200237665,0.7911841991833222,50,4,0,SMB,0
MCH-14589,70339.01436091264,1.270104481471948,39,4,0,SMB,0
MCH-14590,47790.432300046574,0.9612342081259343,22,2,0,SMB,0
MCH-14591,16585.122037602505,0.5406347106928138,18,3,1,SMB,0
MCH-14592,40104.9506125729,1.2128912694718683,16,2,0,SMB,0
MCH-14593,23712.112949002625,0.8365767760474109,2,0,0,SMB,0
MCH-14594,32884.20395892157,0.6892166723953619,36,2,1,SMB,0
MCH-14595,56812.66928682797,0.8130484842227923,20,2,0,SMB,0
MCH-14596,73366.71084061067,0.9475322199675861,16,4,0,SMB,0
MCH-14597,18212.907745905904,0.7774270680587104,3,3,0,Enterprise,0
MCH-14598,30987.0423808171,0.6660963498509336,56,0,0,SMB,0
MCH-14599,20678.143550541638,0.8383522316843784,30,1,1,Mid-Market,0
MCH-14600,16071.726492551059,0.4210902018248881,55,2,0,Enterprise,0
MCH-14601,81482.19716832733,1.2497476307059454,2,3,1,SMB,0
MCH-14602,124983.82485218566,0.5880393829243444,35,3,3,SMB,0
MCH-14603,28120.203811650063,0.448295074993701,26,2,0,SMB,0
MCH-14604,74571.1594296932,1.1190685621955874,57,1,1,SMB,0
MCH-14605,118649.0278736089,1.2513297417060396,5,1,0,SMB,0
MCH-14606,98580.4781949586,1.2952120447521276,2,2,0,Mid-Market,0
MCH-14607,15094.389980158063,0.9428601009266601,51,3,0,SMB,0
MCH-14608,161511.07082044258,0.6259050031589839,56,1,2,Enterprise,0
MCH-14609,28634.47688789533,1.2109504449748094,20,1,1,Mid-Market,0
MCH-14610,25718.279596100067,1.1696843848697709,34,0,1,SMB,0
MCH-14611,8223.263645829331,0.6708978075134906,34,2,0,SMB,0
MCH-14612,38293.49595318489,1.3937485314490723,54,5,0,SMB,0
MCH-14613,10771.306646551917,0.5148086038911119,56,1,0,SMB,0
MCH-14614,19286.852989288443,1.4809570635504583,55,2,0,SMB,0
MCH-14615,24058.820690720644,1.3462725920752112,20,1,0,Mid-Market,0
MCH-14616,87728.64815043216,1.1566885100269828,50,1,2,SMB,0
MCH-14617,109167.92028767936,1.4326248771078163,25,1,2,SMB,0
MCH-14618,23010.223803736895,1.1945422851560785,20,2,0,Mid-Market,0
MCH-14619,102842.8346581652,0.6095026967330506,25,2,1,SMB,0
MCH-14620,102326.34503980556,0.886371751924093,53,1,0,SMB,0
MCH-14621,77334.27746598925,0.47865332676479894,14,0,0,SMB,0
MCH-14622,12931.91837344304,0.828623164516927,47,0,0,SMB,0
MCH-14623,63611.24828976646,1.2157633217109296,44,4,2,Mid-Market,0
MCH-14624,150042.98636628973,0.8250876860238991,43,3,1,Enterprise,0
MCH-14625,62370.24804786159,0.7633235930149476,43,3,1,SMB,0
MCH-14626,25144.684534963282,1.0548912947613431,39,2,0,SMB,0
MCH-14627,39715.3243578947,1.3594249818987847,12,1,1,SMB,0
MCH-14628,56884.09768183779,0.4523415118007237,48,3,1,Mid-Market,0
MCH-14629,40725.733270672215,0.8240174781697089,5,2,1,Mid-Market,0
MCH-14630,11388.994881696099,0.574064815996789,2,2,0,SMB,0
MCH-14631,23702.976676938575,1.1648896758050566,54,3,0,SMB,0
MCH-14632,86074.52027894015,0.5162970164742484,16,2,0,Enterprise,0
MCH-14633,103814.67017064018,1.131288534438269,55,0,0,SMB,0
MCH-14634,12384.415541095352,0.7147989578776981,30,3,0,Mid-Market,0
MCH-14635,157232.2122757454,0.6188084951109472,47,3,1,Mid-Market,0
MCH-14636,24936.091101297752,1.4299878136074842,43,2,0,SMB,0
MCH-14637,59281.90178299471,0.42037703442055147,38,4,0,Mid-Market,0
MCH-14638,74681.08623132625,0.8815549990785259,45,0,2,SMB,0
MCH-14639,88551.36855348373,0.4237896917079732,51,2,0,Enterprise,0
MCH-14640,150707.33988268426,0.931952352914762,42,2,0,SMB,0
MCH-14641,23765.19436995211,0.9511521155738601,24,2,0,SMB,0
MCH-14642,102775.05890722909,0.7538287185342218,51,3,0,SMB,0
MCH-14643,12060.14595175832,0.5453779552775261,30,0,0,Mid-Market,0
MCH-14644,66045.92989313402,0.8140262915079228,37,0,0,SMB,0
MCH-14645,72735.46890363093,1.1394892339258227,57,0,1,SMB,0
MCH-14646,61617.23016105115,1.260635389508905,59,2,0,SMB,0
MCH-14647,19538.657989522824,0.9838256626269566,53,1,3,SMB,0
MCH-14648,108195.399526277,1.0488178338837313,39,1,0,Mid-Market,0
MCH-14649,14247.75888878609,0.6206780082371179,11,2,0,SMB,1
MCH-14650,7756.336447784561,0.7160633665504144,14,5,0,Mid-Market,1
MCH-14651,68197.64045182418,0.5780851710575943,23,4,0,Mid-Market,0
MCH-14652,37263.17757110416,0.6742248850050725,53,3,3,Enterprise,0
MCH-14653,99556.23958741025,0.647375458248085,16,1,0,Mid-Market,0
MCH-14654,29176.506345891867,0.9713936650303614,50,1,2,SMB,0
MCH-14655,14212.886809469957,1.0189576313698026,21,1,0,SMB,0
MCH-14656,95529.43941290196,1.4394421629036551,55,3,0,Enterprise,0
MCH-14657,44804.37931239487,0.6151277118116754,55,1,0,Mid-Market,0
MCH-14658,15486.433748166777,1.1058432811776457,4,0,0,SMB,0
MCH-14659,68716.90202989127,1.2989851958862753,33,5,1,Enterprise,0
MCH-14660,40781.260303149065,1.0162656101613579,54,1,1,Mid-Market,0
MCH-14661,51356.586970943914,0.6805040177511833,47,2,0,Enterprise,0
MCH-14662,35892.55569982458,0.6888052530220004,14,1,0,Mid-Market,0
MCH-14663,93219.5659983044,0.44317835837809993,19,0,1,Mid-Market,0
MCH-14664,93469.39419221181,0.7359886492033298,59,0,2,Mid-Market,0
MCH-14665,66788.45313685549,1.2190640469037182,5,0,2,SMB,0
MCH-14666,10569.006383157988,0.45226953292782146,36,2,1,Enterprise,0
MCH-14667,96272.18178311618,0.6412248107553138,31,2,0,SMB,0
MCH-14668,60586.84917512196,1.1768557483849602,45,2,0,SMB,0
MCH-14669,64705.111622159864,1.2609167191051642,18,2,1,Mid-Market,1
MCH-14670,27547.934281565507,0.9008502510681213,44,1,1,Mid-Market,0
MCH-14671,110713.88939487412,1.1678817723265138,31,3,1,Mid-Market,0
MCH-14672,69616.81843451472,0.8267473855203813,55,2,1,SMB,0
MCH-14673,10972.434847280181,0.5759045695265403,30,4,0,SMB,0
MCH-14674,31193.68862448958,0.8379644428751972,21,3,1,SMB,0
MCH-14675,113744.94587831099,1.0379646022234572,47,1,0,SMB,0
MCH-14676,7417.339962621596,1.4428586100381793,30,1,1,Mid-Market,0
MCH-14677,167746.68279520358,0.4756260472975451,55,2,0,SMB,0
MCH-14678,61841.036375050004,0.9581335032294567,41,3,1,SMB,0
MCH-14679,54898.903199275905,0.7618117560317968,4,3,0,SMB,0
MCH-14680,20773.85716130011,0.9591428637043641,5,2,1,Mid-Market,0
MCH-14681,19303.62101447174,0.4263729921141849,41,0,2,SMB,0
MCH-14682,147415.82784253394,0.7443278901717395,45,1,1,Mid-Market,0
MCH-14683,22710.503086784236,1.3018549622797055,10,3,0,SMB,0
MCH-14684,79695.1582740636,1.0093359072401014,27,4,2,SMB,0
MCH-14685,29971.358204079723,0.8956407420977293,16,2,1,Mid-Market,0
MCH-14686,12497.795306042177,0.7140775788868736,30,4,0,SMB,0
MCH-14687,5538.655996179568,0.7278467750704916,13,3,1,SMB,0
MCH-14688,44291.348216237886,0.821411576949643,36,1,1,Mid-Market,0
MCH-14689,191026.38810344442,1.3191277809610167,21,2,0,Mid-Market,0
MCH-14690,28033.263889338017,1.4639345274890951,45,3,0,Mid-Market,0
MCH-14691,27095.485961504994,0.882520919485412,53,2,1,Mid-Market,0
MCH-14692,26086.70805737301,0.832688122622538,40,2,0,SMB,0
MCH-14693,41755.14058943361,1.3312058534018492,45,2,0,SMB,0
MCH-14694,34050.3246235686,0.869595852699934,15,1,0,SMB,0
MCH-14695,110977.61726074084,1.0072199895252165,20,3,1,Enterprise,0
MCH-14696,40212.50873778918,0.654035831058619,20,4,0,Enterprise,0
MCH-14697,40439.224238810304,1.2178527893569828,45,1,0,SMB,0
MCH-14698,12446.559281230722,0.9851871500978601,55,1,0,SMB,0
MCH-14699,207966.84976046614,1.2899380052643759,59,1,0,SMB,0
MCH-14700,19382.296379839347,1.2588060030315367,5,2,1,Mid-Market,0
MCH-14701,8809.726391944543,0.6365052450970314,54,3,0,SMB,0
MCH-14702,59405.320802180504,1.1871991056135387,54,2,4,Mid-Market,0
MCH-14703,50238.66194801906,1.2800598487465087,32,4,1,Enterprise,0
MCH-14704,31819.62219677111,0.7807179648606346,6,2,2,Enterprise,0
MCH-14705,32425.702509846007,0.589870024192502,30,1,0,SMB,0
MCH-14706,81870.73011258613,0.40289537113754703,26,4,0,Enterprise,0
MCH-14707,15889.933042426637,0.8959940184024631,37,1,1,Mid-Market,0
MCH-14708,90810.33733894641,0.7876760046927258,13,2,1,SMB,0
MCH-14709,57312.44208494754,1.01040081720795,29,5,0,SMB,0
MCH-14710,32147.62495037951,0.6068452018476644,5,0,1,Mid-Market,0
MCH-14711,35627.103853078996,1.3456321024331228,25,2,0,Enterprise,0
MCH-14712,19829.226243266203,0.6835307371909207,13,2,1,SMB,0
MCH-14713,74739.38290292368,0.649072565596415,24,1,0,SMB,0
MCH-14714,40961.69931559463,0.9287854621327916,31,4,0,SMB,0
MCH-14715,24345.997580578914,0.9487361261187017,20,7,0,Enterprise,0
MCH-14716,50323.22288144664,0.6365937516636022,55,5,0,Enterprise,0
MCH-14717,277859.2315316911,0.6990467993985074,8,2,0,SMB,0
MCH-14718,33569.69336984264,0.5866757630707695,9,4,0,SMB,0
MCH-14719,131720.43585554833,1.1903061961554835,21,3,0,Enterprise,0
MCH-14720,26157.28767429429,1.2470979343794903,51,2,1,Mid-Market,0
MCH-14721,7814.3770834015995,0.908561347205211,20,2,0,Enterprise,0
MCH-14722,16423.014656553132,1.1854957249535194,15,1,0,Mid-Market,0
MCH-14723,32123.997473157786,1.20952893113119,26,2,0,SMB,0
MCH-14724,17399.671426590303,0.5521030804455895,54,5,0,Mid-Market,0
MCH-14725,5011.353199766673,1.4627958273179904,42,0,0,SMB,0
MCH-14726,128256.10569014234,1.3031351418060741,11,0,2,Mid-Market,0
MCH-14727,97856.32827085459,0.6249318073154059,37,3,0,Mid-Market,0
MCH-14728,72796.45081047453,0.6047815393206772,41,2,1,Enterprise,0
MCH-14729,14185.00106074339,0.5382272601375411,11,2,1,Enterprise,0
MCH-14730,11412.330583295656,0.5522164187961103,27,4,2,SMB,0
MCH-14731,8499.923282386662,1.2229779789315658,30,2,0,SMB,0
MCH-14732,69373.00876406097,0.916619682646786,19,1,0,SMB,0
MCH-14733,137118.71371146207,1.261227590013854,34,4,0,Mid-Market,0
MCH-14734,33152.96984773289,1.220880383785226,38,0,1,Mid-Market,0
MCH-14735,11342.866944466448,1.065073984855744,23,3,0,Enterprise,0
MCH-14736,40912.257890014225,1.1550032672365476,53,1,1,Mid-Market,0
MCH-14737,26449.373171720083,0.42019129681705597,1,3,0,SMB,0
MCH-14738,28486.177371615257,0.7429554114855241,3,2,0,SMB,0
MCH-14739,53554.590693818245,1.1016043971853513,3,2,1,SMB,0
MCH-14740,68419.89784111247,0.41027944883486867,28,2,1,Mid-Market,0
MCH-14741,10860.612365967521,0.43627463805085276,14,2,0,Enterprise,0
MCH-14742,6811.950145574599,1.3370767807174215,52,0,0,SMB,0
MCH-14743,263630.9773195701,1.152427347861279,30,2,1,Mid-Market,0
MCH-14744,18245.718340327207,0.6919067064323784,58,2,0,SMB,0
MCH-14745,7766.678841507926,1.1567591241305801,54,2,3,SMB,0
MCH-14746,15528.356423145457,1.2717023360531896,5,0,0,SMB,0
MCH-14747,6986.8503306108905,0.7374737114211114,49,2,0,SMB,0
MCH-14748,29863.470839257832,0.4396411152491062,15,3,1,Enterprise,0
MCH-14749,86075.97621666282,1.4260570371565082,38,2,0,SMB,0
MCH-14750,25870.137687341685,0.7796978221251936,14,1,0,SMB,0
MCH-14751,34365.84538182011,0.517129939613177,14,0,0,Mid-Market,0
MCH-14752,61286.85927925503,0.9410425585324622,57,0,1,Enterprise,0
MCH-14753,40554.77156091545,1.2453145752305472,59,1,1,Mid-Market,0
MCH-14754,103824.6435769033,0.6438120460793151,49,2,1,SMB,0
MCH-14755,105509.08730809612,0.6964390551466997,8,1,0,SMB,0
MCH-14756,5498.006667363878,0.6669864854784415,8,0,0,SMB,0
MCH-14757,80264.32533147345,1.4908403581148462,19,1,0,SMB,0
MCH-14758,35877.27910066859,0.6171441071035968,32,3,0,Enterprise,0
MCH-14759,229773.39135588927,1.0330722386627365,31,0,0,SMB,0
MCH-14760,38008.069738118764,1.4177911058226607,29,1,2,SMB,0
MCH-14761,221741.67921601966,0.5615862257655572,41,1,0,Mid-Market,0
MCH-14762,75237.04510181924,1.4679396176544706,11,2,0,Mid-Market,0
MCH-14763,19291.182327326565,1.4422249578351871,45,2,0,SMB,0
MCH-14764,43652.28435430209,1.3730291857640888,13,1,0,SMB,0
MCH-14765,247270.70263269305,0.6360121734630025,27,1,0,SMB,0
MCH-14766,102431.4046792972,1.0974605616120816,56,2,1,SMB,0
MCH-14767,10121.955677309854,1.236980620257364,19,2,0,SMB,0
MCH-14768,66272.08040387445,1.4846307210160727,26,0,1,SMB,0
MCH-14769,26200.264949748576,0.5984662042895075,53,3,0,SMB,0
MCH-14770,5350.337596736223,1.242628489471226,51,3,0,SMB,0
MCH-14771,30832.206677789116,0.7726812869198243,37,3,2,SMB,0
MCH-14772,18377.923965883423,0.5931891121248026,48,1,1,Enterprise,0
MCH-14773,90426.81230521889,0.8635146353352405,9,1,1,SMB,0
MCH-14774,25573.953452121445,1.2732195033634781,28,1,0,Mid-Market,0
MCH-14775,92874.77040994844,0.9113347840744574,32,3,1,SMB,0
MCH-14776,5029.905883575644,0.9912754102233534,52,0,0,Mid-Market,0
MCH-14777,23395.400680797124,1.4946753512201334,54,1,0,SMB,0
MCH-14778,18798.559947031106,0.8390202295131687,3,2,0,SMB,0
MCH-14779,18300.42329500564,1.0769408301801637,51,4,0,Mid-Market,0
MCH-14780,8531.136007313142,0.8017686217769091,32,4,0,Mid-Market,0
MCH-14781,15358.851762558428,0.8320642109615755,5,0,1,Enterprise,0
MCH-14782,45545.837427483144,1.165204828789949,8,9,1,Mid-Market,0
MCH-14783,22220.45763737056,1.431675673704372,14,0,0,SMB,0
MCH-14784,32012.273932976783,0.9965948455415536,56,0,2,SMB,0
MCH-14785,28649.755390741215,1.245239921843658,3,0,1,SMB,0
MCH-14786,109335.36366477671,0.4981272146986602,24,0,0,SMB,0
MCH-14787,122851.53543676272,0.6322738411751196,13,0,0,Mid-Market,0
MCH-14788,38957.97052316041,0.9523448050114858,43,4,1,SMB,0
MCH-14789,25035.517767770354,0.4220128959916523,29,1,1,Enterprise,0
MCH-14790,10647.27735982155,0.6781404766388147,8,2,0,SMB,1
MCH-14791,158310.82645374595,0.9691414188074629,51,2,0,SMB,0
MCH-14792,8105.843180608941,0.4164573180819308,42,1,0,SMB,0
MCH-14793,22666.190945233524,0.6910009148486459,31,3,0,SMB,0
MCH-14794,22695.809153208516,0.9654339014234565,26,1,1,Mid-Market,0
MCH-14795,24312.639084102637,1.0304641727793702,18,0,0,Enterprise,0
MCH-14796,13973.491936835555,1.418326862360836,58,3,0,SMB,0
MCH-14797,81430.10617979016,1.1098801855756686,18,4,1,Mid-Market,0
MCH-14798,11533.794356954462,0.8562093827829932,57,1,3,Mid-Market,0
MCH-14799,55380.11148725333,1.4233862948463747,7,2,0,Enterprise,0
MCH-14800,11610.671744528561,1.2633712817265739,48,2,0,SMB,0
MCH-14801,8657.34065806567,0.6200098132240224,38,2,0,SMB,0
MCH-14802,125081.3383357463,0.5439265974837018,48,0,1,SMB,0
MCH-14803,15544.000735833899,1.1433927993170063,16,2,0,SMB,0
MCH-14804,91088.39810390341,1.0158714821346821,55,0,1,SMB,0
MCH-14805,44332.345832133426,1.2686409751720313,56,2,0,SMB,0
MCH-14806,9052.722444364124,1.2126855550865552,33,4,0,Mid-Market,0
MCH-14807,160555.1264830941,1.0877326872432667,56,1,1,SMB,0
MCH-14808,19181.92407260406,1.4850203887917814,51,1,1,Mid-Market,0
MCH-14809,103179.14060771103,0.9869487031214496,3,1,0,Mid-Market,0
MCH-14810,14244.843851385584,0.5244163321518919,38,2,1,Mid-Market,0
MCH-14811,101187.87577866015,1.3111009212975873,4,3,0,SMB,0
MCH-14812,5665.854653818722,0.6770386985802799,36,1,1,SMB,0
MCH-14813,40849.50451087789,1.2550323629583102,4,3,2,SMB,0
MCH-14814,78362.76672151887,1.4528178056000565,42,4,1,SMB,0
MCH-14815,141511.35311510126,1.1664750653607756,9,1,2,Mid-Market,0
MCH-14816,124955.97600774017,1.0556331770447813,40,2,0,SMB,0
MCH-14817,90635.82693298919,0.9064247932425447,51,3,1,SMB,0
MCH-14818,114548.31739603526,0.8008508525949436,17,3,1,SMB,0
MCH-14819,16108.431699845903,0.78830522606902,17,0,1,SMB,0
MCH-14820,21716.627069951086,1.1000099762805498,33,2,0,Enterprise,0
MCH-14821,22051.929070598755,1.2264004286315204,20,3,2,Enterprise,0
MCH-14822,28664.76652788393,1.1463687764328558,14,4,0,SMB,0
MCH-14823,29987.745740289818,0.618251111312919,22,2,2,SMB,1
MCH-14824,44324.05144174518,0.9433858981578404,52,1,1,Enterprise,0
MCH-14825,13710.512926934542,1.2708040794013695,27,3,2,Enterprise,0
MCH-14826,63760.6292773439,0.9232744860079619,43,2,0,Mid-Market,0
MCH-14827,14170.099370718935,0.9902856077090433,3,1,0,SMB,0
MCH-14828,23575.542843636158,1.2482496529879046,24,4,2,SMB,0
MCH-14829,39992.99609455716,1.1273918368916007,30,5,0,SMB,0
MCH-14830,84589.86178905575,0.8502794129706319,8,2,1,Mid-Market,0
MCH-14831,72251.7159096781,1.384953982313641,22,1,0,Mid-Market,0
MCH-14832,56857.19264139445,0.5788237755298264,25,3,0,SMB,0
MCH-14833,13466.708593202988,1.4950680934493574,10,3,1,SMB,0
MCH-14834,44598.162960307585,0.530737836323861,49,2,0,Mid-Market,0
MCH-14835,9575.428353977251,0.4164449682146628,29,3,0,Mid-Market,0
MCH-14836,28689.59392421717,1.3790207912636414,40,0,0,Mid-Market,0
MCH-14837,31680.539796170637,0.6694488592025518,54,4,0,Mid-Market,0
MCH-14838,7031.279828179502,1.202669590191393,1,1,0,SMB,0
MCH-14839,21009.443618852376,1.2921169124252763,52,0,0,SMB,0
MCH-14840,160781.52791345702,1.3448850301353286,21,2,1,Mid-Market,0
MCH-14841,158557.9410874071,1.4907536592305837,39,2,0,Mid-Market,0
MCH-14842,26718.47116966015,0.723443681043999,24,0,1,SMB,0
MCH-14843,7202.8250026211135,1.1812676761199852,9,3,0,SMB,0
MCH-14844,14867.390743107393,0.526939844108911,44,4,0,Mid-Market,0
MCH-14845,29896.93370368215,0.8474902204925344,54,2,1,SMB,1
MCH-14846,152614.19659569103,1.3327688626438494,26,0,0,SMB,0
MCH-14847,12610.90612731614,0.8044238506650192,9,2,0,Mid-Market,0
MCH-14848,77093.7032774414,1.0502049185891755,20,3,1,Mid-Market,0
MCH-14849,10752.730898596463,0.9541507880970975,56,2,1,Mid-Market,0
MCH-14850,203848.28678910108,1.1105466842232496,35,2,0,SMB,0
MCH-14851,29032.32311918166,1.4701838283264643,36,3,0,SMB,0
MCH-14852,79634.89077781294,0.46130907915154234,42,2,0,SMB,0
MCH-14853,25972.45267582794,1.0313576692517927,36,1,0,Mid-Market,0
MCH-14854,54398.58527310383,1.3493316571753133,54,1,0,Mid-Market,0
MCH-14855,15660.656375783343,0.9295209829232703,9,3,1,SMB,0
MCH-14856,12892.434912818771,0.4863799045357301,22,1,0,SMB,0
MCH-14857,144082.7969287196,1.016593287658448,1,4,1,SMB,0
MCH-14858,129837.18838533311,0.7652812799062025,5,1,1,SMB,0
MCH-14859,114226.30042230313,0.5704359638717296,9,3,0,SMB,0
MCH-14860,54099.28943261175,1.3339379646118203,37,2,0,Mid-Market,0
MCH-14861,87582.89084967905,0.9737594642902339,38,3,0,Mid-Market,0
MCH-14862,8576.783847021496,1.4266040536169733,19,1,1,Mid-Market,0
MCH-14863,25382.55291967881,1.2866181550633762,8,1,1,Mid-Market,0
MCH-14864,23822.249106318526,1.162268973151034,42,4,0,SMB,0
MCH-14865,55481.37477576721,0.40552805370184314,43,1,1,Enterprise,0
MCH-14866,26999.549294118882,0.8706058023020751,32,1,0,SMB,0
MCH-14867,13038.187163035273,0.6172349098172356,13,3,0,SMB,0
MCH-14868,50374.859855645394,1.4018777021537545,20,0,1,SMB,0
MCH-14869,89203.7414028252,0.5920423831439964,36,2,0,SMB,0
MCH-14870,29073.33353581117,0.7146660568252141,43,1,1,SMB,0
MCH-14871,12093.659592899565,0.9685204445079492,44,3,1,SMB,0
MCH-14872,15950.617157946794,0.6896999808978872,37,1,2,SMB,0
MCH-14873,18556.543794021753,0.6308511450070333,30,1,0,Mid-Market,0
MCH-14874,22826.432945840843,1.0590092576130279,10,3,2,SMB,0
MCH-14875,56472.28148503714,0.4978224750305263,31,1,1,SMB,0
MCH-14876,50932.862059702646,0.46398453459301725,25,3,0,Enterprise,0
MCH-14877,64549.51573057113,0.8094698247046785,29,3,0,Mid-Market,0
MCH-14878,27510.205747250504,1.1927308999586486,24,4,0,SMB,0
MCH-14879,91862.89712209757,1.0102874341013428,39,3,0,SMB,1
MCH-14880,16413.31131411435,0.8651641153134568,21,3,0,Mid-Market,0
MCH-14881,36653.49990034905,1.0223267206470408,41,0,1,SMB,0
MCH-14882,85707.12848531731,0.801996633118601,9,3,0,SMB,0
MCH-14883,14932.221514339053,1.4297609689753243,42,2,1,SMB,0
MCH-14884,10819.001164852889,0.46039538000185176,42,4,0,Mid-Market,0
MCH-14885,112572.21879443219,1.1407306269328188,2,1,1,SMB,0
MCH-14886,25998.210401133296,1.3804109313105257,4,1,0,SMB,0
MCH-14887,62580.10763540457,1.2842731796087787,8,0,0,SMB,0
MCH-14888,6283.770737638887,0.6024451383035915,32,2,0,Mid-Market,0
MCH-14889,63566.712293826604,0.7255189838783173,14,0,1,Mid-Market,0
MCH-14890,23997.274431331454,1.1887527325778153,49,2,0,Mid-Market,0
MCH-14891,7867.731550269618,0.49269761509884213,13,2,1,SMB,0
MCH-14892,52056.4278237165,1.2930478698158425,21,1,0,Enterprise,0
MCH-14893,18774.752906947655,1.1907976390652695,24,0,0,SMB,0
MCH-14894,29453.797115747515,1.2025673141588769,50,4,0,SMB,0
MCH-14895,9200.656300335846,0.5102655072943506,18,3,1,Enterprise,0
MCH-14896,12959.35672216736,1.189536599297854,45,2,0,Enterprise,0
MCH-14897,22689.47237067529,1.1477999377419672,40,0,0,Mid-Market,0
MCH-14898,9702.321464483384,1.3140147399040356,26,1,0,Enterprise,0
MCH-14899,125858.43649551245,0.44575555188211646,32,0,2,SMB,0
MCH-14900,5303.270029619367,0.42542173531457145,44,3,0,SMB,0
MCH-14901,38068.882825591274,0.8103078098664169,57,2,0,SMB,0
MCH-14902,11576.52453865342,0.5636671122340682,55,0,0,SMB,0
MCH-14903,23385.284366564465,1.0142229253272443,56,1,2,Mid-Market,0
MCH-14904,135224.76861313055,1.409083791657424,53,3,0,SMB,0
MCH-14905,13818.637500620278,0.8306277033674174,33,1,0,Mid-Market,0
MCH-14906,173823.75513656627,1.3294454149998647,52,2,0,SMB,0
MCH-14907,16520.644010807304,0.40026496196965317,31,1,0,SMB,0
MCH-14908,72655.76782451039,0.5853661078051027,18,2,0,SMB,0
MCH-14909,44557.54838216908,0.4334658936194942,35,3,0,Enterprise,0
MCH-14910,112915.0294663645,0.7609618985665756,12,1,0,Mid-Market,0
MCH-14911,45371.060244306136,1.3990085552661533,51,2,0,Mid-Market,0
MCH-14912,43238.52032951791,0.5066473359588866,25,1,2,Mid-Market,0
MCH-14913,15874.105401548079,1.0670507544181804,45,2,0,Mid-Market,0
MCH-14914,14089.84644486146,0.8966455330313887,31,2,0,Enterprise,0
MCH-14915,129138.93644023844,1.4323150336023938,10,3,3,SMB,0
MCH-14916,24862.80959599893,0.5347710567908033,47,1,0,SMB,0
MCH-14917,28267.305016637416,0.6332306355524518,52,0,0,SMB,0
MCH-14918,76319.09344466029,0.43249616547264264,34,2,0,Enterprise,0
MCH-14919,25686.72142609829,0.8773287745945112,51,4,1,Enterprise,0
MCH-14920,156892.8043359221,0.7056161895211197,3,2,1,Mid-Market,0
MCH-14921,71956.7561186252,1.356896527279353,46,2,0,SMB,0
MCH-14922,50494.220136248834,1.0654348945175305,39,2,1,SMB,0
MCH-14923,111387.55849505417,1.075499811773272,8,2,2,SMB,1
MCH-14924,7543.92735453842,0.9851017665694327,32,1,0,SMB,0
MCH-14925,19857.180746479342,0.5010353709521211,43,0,0,SMB,0
MCH-14926,36277.822441201366,0.8895205520978908,29,0,1,SMB,0
MCH-14927,17872.423406502643,1.4994557086793683,22,2,1,Enterprise,0
MCH-14928,73110.37704843597,1.3187522199306163,20,2,2,SMB,0
MCH-14929,130793.88563121465,1.3828049595838277,6,1,0,Enterprise,0
MCH-14930,32562.430028113016,1.3055489951711494,43,0,0,Mid-Market,0
MCH-14931,25937.594394579035,0.513345862774081,49,1,0,SMB,0
MCH-14932,167920.78122504405,0.6501930794712796,29,2,0,SMB,0
MCH-14933,34426.06568900544,0.4034338164920506,42,3,0,Enterprise,0
MCH-14934,38574.02051931337,0.7338611373659227,56,1,0,Mid-Market,0
MCH-14935,26666.220404518965,0.5194681425811418,17,4,1,SMB,0
MCH-14936,125147.05925810723,0.9200726798317413,31,1,1,SMB,0
MCH-14937,47077.19535815295,1.1448402374312923,53,3,0,Mid-Market,0
MCH-14938,76810.92170419446,1.361955824541885,34,1,0,SMB,0
MCH-14939,88514.2875200245,1.224138881599988,38,2,0,SMB,0
MCH-14940,25916.047719541602,1.4324441553563556,57,1,0,Mid-Market,0
MCH-14941,33431.06479415647,0.4592881194331677,37,3,1,Mid-Market,0
MCH-14942,99349.16819182005,0.4133978189581956,4,1,0,SMB,0
MCH-14943,27569.328491566295,1.127471925219834,2,3,0,Enterprise,1
MCH-14944,83978.21368013676,0.7182876512444709,12,0,0,Mid-Market,0
MCH-14945,146504.38588425273,0.6788511177163505,35,0,2,Mid-Market,0
MCH-14946,53803.41330162804,0.7639757964631737,6,3,0,SMB,0
MCH-14947,72667.60571219643,0.6967756636816006,56,2,0,SMB,0
MCH-14948,86762.74405433673,0.962580046931746,46,2,0,SMB,0
MCH-14949,98229.29970591488,0.8841632919465459,8,4,1,SMB,0
MCH-14950,30130.749329227052,0.963671406514322,21,1,1,Enterprise,0
MCH-14951,7631.206829634182,1.1399849726504798,53,3,0,Enterprise,0
MCH-14952,30697.88210734282,0.8258435598682632,58,2,0,Mid-Market,0
MCH-14953,61005.520782559746,0.6764384558563725,46,6,1,SMB,0
MCH-14954,34923.7134411888,0.5828205904896201,35,2,1,Mid-Market,0
MCH-14955,74107.77706523328,0.7844215314858881,48,1,0,SMB,0
MCH-14956,27079.161462632143,1.2159871227707892,15,1,0,SMB,0
MCH-14957,55357.85938485179,1.2323754011226167,7,1,1,SMB,1
MCH-14958,15315.538839664776,1.1335959253526315,15,4,0,SMB,0
MCH-14959,74188.76416211574,0.6574309928375621,45,2,0,SMB,0
MCH-14960,44449.431642658354,1.0468948704401675,6,4,0,SMB,0
MCH-14961,16411.849327172888,1.0277586277345327,47,4,1,SMB,0
MCH-14962,22259.286599836072,0.9326928179206981,17,0,1,Mid-Market,0
MCH-14963,74037.2311883699,1.0049768850222507,4,1,1,SMB,0
MCH-14964,37947.06987231407,0.940969695886035,22,1,0,Mid-Market,0
MCH-14965,17169.31809890208,1.022002002681519,32,3,2,SMB,0
MCH-14966,175974.97802627043,1.1870565500832417,59,2,0,SMB,0
MCH-14967,67785.24304898707,0.5205910138437837,22,4,1,Mid-Market,0
MCH-14968,162484.78650852593,1.2245883273639262,27,1,1,SMB,0
MCH-14969,32852.64521548618,0.5494747651403536,46,1,0,SMB,0
MCH-14970,37227.40798921673,0.4732907982514122,15,4,0,Mid-Market,1
MCH-14971,119117.17525227879,1.4736876548436144,44,5,0,SMB,0
MCH-14972,42227.2177271802,1.4526909457574857,51,2,0,Mid-Market,0
MCH-14973,66426.75205466503,0.4664801994346205,22,2,1,SMB,0
MCH-14974,19529.17236831758,0.8875787856224584,28,2,1,SMB,0
MCH-14975,34595.13840544568,0.6048694321297523,42,1,0,Mid-Market,0
MCH-14976,11588.068904692833,0.93387938684786,38,4,0,SMB,0
MCH-14977,16532.333715965666,1.3131949672995462,57,2,1,SMB,0
MCH-14978,5047.193028195145,1.4456729522171794,9,1,0,SMB,0
MCH-14979,7002.83581105462,1.0976779187966912,34,3,1,SMB,0
MCH-14980,194233.89864606172,0.7892962339329987,36,1,2,Mid-Market,0
MCH-14981,18876.930925721455,1.0636581222090582,9,1,0,Mid-Market,1
MCH-14982,59429.73802898314,0.7432014367192954,15,3,1,Mid-Market,0
MCH-14983,96348.51765064849,1.4008060049152666,45,1,0,SMB,0
MCH-14984,44998.823075899825,1.3574405094164208,20,0,0,Mid-Market,0
MCH-14985,13311.260055428344,1.0140549253076272,8,1,1,SMB,0
MCH-14986,70119.06913898306,0.7572788069183967,58,4,3,Mid-Market,0
MCH-14987,50845.97273639555,0.7227286431412763,28,2,1,Mid-Market,1
MCH-14988,70698.79462315672,0.43675979417556543,51,0,0,SMB,0
MCH-14989,78428.74683334661,1.297402936127825,19,3,1,Enterprise,0
MCH-14990,190271.51877392395,0.8954215343429088,57,3,1,Mid-Market,0
MCH-14991,47614.56467891167,0.7576462212402909,16,4,1,Mid-Market,0
MCH-14992,25900.253745108897,0.9182213904975294,11,2,0,Mid-Market,0
MCH-14993,57272.23694802878,1.3006117895001172,42,2,0,Mid-Market,0
MCH-14994,8544.772006310755,0.5370756284782734,8,3,0,Enterprise,1
MCH-14995,118844.56046852656,1.3434215870660102,33,1,0,Mid-Market,0
MCH-14996,11356.511128522883,1.3872597186191895,10,3,2,SMB,0
MCH-14997,24863.154680455147,1.441378706537277,18,1,0,Mid-Market,0
MCH-14998,89571.83384991586,0.8372367916648906,35,2,0,SMB,0
MCH-14999,50479.70749700628,0.6388544444414391,43,3,0,Enterprise,0
